label,N,P,K,temperature,humidity,rainfall,ph
Maize,93.454,40.722,40.725,25.726,58.615,773.194,6.041
Rice,80.0,20.0,40.0,20.0,90.0,1500.0,5.0
Potato,111.789,70.455,105.957,18.729,66.295,579.294,5.766
Cotton,92.406,51.172,30.684,24.139,52.722,1018.932,7.263
Tomato,98.046,75.537,83.127,21.538,68.753,672.198,6.654
Soybean,40.0,40.0,40.0,30.0,55.0,450.0,7.0
Tomato,120.0,60.0,100.0,18.0,80.0,500.0,7.0
Maize,96.369,48.679,30.945,23.159,65.91,741.68,6.691
Soybean,40.0,60.0,40.0,30.0,75.0,450.0,7.0
Sugarcane,108.603,50.421,77.09,23.64,76.489,1862.79,6.644
Rice,93.732,27.884,52.244,25.27,84.324,1676.613,6.008
Soybean,30.999,46.78,65.455,26.101,69.761,807.318,6.555
Sugarcane,99.589,39.347,68.515,23.656,83.346,1718.244,6.795
Wheat,84.473,28.492,33.64,16.856,57.593,494.616,6.837
Cotton,100.6,52.543,24.278,24.072,55.214,1086.232,6.441
Cotton,94.38,50.242,37.019,23.648,53.483,1010.73,7.043
Cotton,100.965,49.0,25.416,24.063,54.017,853.898,6.211
Soybean,40.0,40.0,40.0,20.0,75.0,450.0,7.0
Wheat,80.659,33.355,37.625,15.234,56.051,462.7,7.005
Cotton,101.812,47.542,33.998,23.32,51.998,923.363,6.578
Sugarcane,120.0,30.0,100.0,27.0,70.0,2250.0,6.0
Maize,102.533,40.065,30.013,23.288,66.883,807.508,6.044
Rice,120.0,20.0,80.0,20.0,75.0,2250.0,7.0
Maize,103.555,38.273,38.496,24.304,61.208,664.645,6.469
Wheat,76.481,31.122,29.075,18.574,57.321,562.111,6.672
Cotton,91.373,46.827,31.818,24.276,57.634,867.385,6.519
Sugarcane,97.707,45.92,81.573,21.571,80.94,1751.24,6.891
Tomato,103.367,72.601,72.463,20.854,73.182,567.703,6.591
Tomato,106.823,71.411,81.92,22.377,70.775,674.702,6.491
Tomato,93.039,66.397,85.018,20.492,71.909,629.221,6.679
Cotton,114.021,53.556,31.152,23.608,53.964,1054.248,6.827
Wheat,60.0,20.0,20.0,12.0,45.0,650.0,7.5
Potato,87.333,69.485,94.215,20.386,62.363,650.237,5.995
Tomato,98.839,76.604,81.675,24.449,71.8,636.39,6.518
Maize,102.874,46.147,40.394,23.359,70.646,662.465,6.643
Rice,120.0,20.0,40.0,20.0,75.0,1500.0,7.0
Soybean,20.0,40.0,40.0,20.0,75.0,900.0,6.0
Wheat,89.628,23.776,31.868,19.653,61.564,439.948,7.152
Cotton,95.787,46.802,28.463,24.62,60.718,727.465,6.428
Wheat,78.003,27.678,31.428,19.008,49.698,436.805,6.856
Tomato,97.382,72.106,81.197,24.24,70.366,555.692,6.668
Soybean,31.235,49.633,50.027,25.507,65.888,608.341,6.274
Potato,100.601,68.135,108.611,19.332,58.688,615.664,5.87
Maize,105.791,43.21,41.916,24.155,55.848,674.461,6.483
Sugarcane,80.0,60.0,100.0,21.0,70.0,2250.0,7.5
Potato,100.57,68.628,96.996,20.112,68.21,636.61,6.106
Sugarcane,92.751,44.183,65.725,23.822,76.552,1686.891,7.481
Rice,103.66,32.42,53.793,23.335,82.592,1896.626,5.381
Potato,94.348,63.481,109.499,19.654,63.568,597.015,6.064
Wheat,70.302,27.924,32.481,17.687,56.186,479.347,6.766
Cotton,93.978,46.579,29.297,22.28,55.982,709.47,6.79
Maize,120.0,30.0,20.0,27.0,55.0,500.0,7.5
Soybean,26.13,52.167,67.719,21.057,66.367,720.256,6.455
Sugarcane,120.0,60.0,60.0,27.0,70.0,1200.0,7.5
Wheat,81.677,30.457,25.829,18.305,55.737,493.429,6.834
Sugarcane,120.0,30.0,100.0,21.0,70.0,2250.0,7.5
Cotton,114.788,50.03,33.646,23.402,54.135,901.255,6.556
Rice,107.092,26.194,60.042,29.329,83.058,2054.152,6.031
Sugarcane,99.89,39.125,79.488,24.176,73.372,1754.616,6.726
Tomato,108.526,72.472,78.737,22.566,70.603,661.561,6.566
Potato,94.833,67.065,111.305,17.444,71.744,637.037,5.997
Rice,93.995,28.042,60.073,26.465,78.757,1711.213,5.321
Wheat,83.274,34.287,29.297,18.193,55.567,553.379,6.382
Sugarcane,97.736,45.802,67.935,21.169,76.074,1774.393,6.0
Soybean,40.0,60.0,40.0,20.0,75.0,900.0,7.0
Rice,98.294,27.526,66.162,25.058,81.793,1861.727,6.074
Soybean,34.461,51.582,66.859,22.807,67.183,602.142,6.277
Cotton,80.0,40.0,40.0,27.0,65.0,600.0,6.0
Potato,80.0,60.0,120.0,25.0,55.0,750.0,5.0
Tomato,110.63,68.523,76.853,20.154,69.859,652.37,6.639
Maize,100.629,54.972,39.225,22.267,63.68,871.21,6.625
Cotton,99.389,53.426,35.409,22.106,52.329,814.577,6.786
Cotton,100.492,52.819,29.212,25.174,58.776,835.89,7.149
Soybean,26.515,54.417,57.11,28.523,62.727,664.201,6.348
Potato,109.04,76.293,97.237,19.716,62.21,651.384,6.132
Rice,99.932,35.301,61.062,24.953,80.849,1947.731,6.159
Wheat,81.013,27.795,34.926,19.558,52.31,516.832,6.781
Tomato,120.0,80.0,60.0,28.0,80.0,750.0,7.0
Cotton,96.304,51.415,32.425,22.632,59.565,883.258,6.727
Cotton,105.92,47.332,30.0,24.709,52.252,1009.541,6.768
Cotton,100.646,45.079,29.22,22.853,54.74,849.892,6.452
Rice,90.193,31.677,43.906,26.081,78.77,1881.682,5.96
Rice,101.611,24.083,63.436,24.037,85.686,1796.552,5.788
Rice,98.907,28.063,44.828,26.068,82.217,1748.415,6.042
Cotton,103.099,50.784,30.603,23.954,57.622,880.111,6.386
Rice,94.604,32.258,55.041,24.131,80.14,2037.645,6.211
Cotton,100.19,50.983,29.295,21.345,51.211,887.429,6.841
Sugarcane,98.953,40.873,82.025,25.31,82.743,1851.641,6.326
Maize,95.095,48.507,58.969,23.625,65.237,712.816,6.337
Potato,80.0,80.0,120.0,25.0,55.0,750.0,5.0
Sugarcane,96.152,43.784,73.559,25.057,81.049,1756.786,6.739
Sugarcane,100.609,39.89,89.807,25.09,83.758,1766.469,6.741
Cotton,107.956,49.559,24.508,22.282,53.912,666.21,7.199
Sugarcane,89.128,50.95,84.115,22.703,77.108,1719.895,6.451
Tomato,98.564,66.351,83.766,24.022,72.98,638.003,6.305
Cotton,104.907,47.528,32.44,25.459,54.312,868.675,6.869
Rice,91.417,26.344,72.246,29.842,79.571,1828.969,6.114
Potato,120.0,80.0,80.0,25.0,75.0,500.0,6.5
Cotton,80.0,40.0,40.0,27.0,45.0,1200.0,7.5
Potato,111.528,68.389,109.91,19.566,68.399,654.524,5.256
Soybean,29.314,53.883,69.431,22.963,64.306,737.946,6.814
Maize,94.54,49.975,35.483,23.312,66.195,898.42,7.041
Potato,101.527,67.777,82.76,21.791,63.371,673.733,5.838
Cotton,100.568,53.749,29.391,24.176,57.997,752.773,6.679
Rice,96.813,34.361,56.71,26.099,81.508,1889.219,6.246
Maize,99.42,46.699,43.068,24.994,65.276,867.513,6.603
Tomato,80.0,60.0,100.0,18.0,80.0,750.0,6.0
Rice,104.02,29.567,64.127,23.065,82.581,1893.415,5.843
Tomato,105.729,65.559,74.509,23.759,74.086,533.251,6.729
Potato,102.236,71.186,105.001,19.009,62.881,619.8,5.431
Maize,104.591,49.883,40.262,24.777,59.129,821.924,6.559
Tomato,90.984,72.518,81.683,24.537,68.225,591.871,6.727
Maize,80.0,60.0,20.0,27.0,55.0,500.0,5.5
Maize,104.073,36.855,50.647,24.182,69.27,660.382,6.192
Soybean,25.374,56.396,54.724,21.676,63.83,491.439,6.319
Sugarcane,104.084,51.847,72.619,24.244,73.285,1466.956,6.603
Soybean,20.0,40.0,40.0,20.0,75.0,450.0,7.0
Wheat,100.0,20.0,20.0,25.0,65.0,375.0,6.0
Rice,97.255,28.788,52.339,21.82,82.208,1750.269,5.972
Soybean,32.407,50.889,64.409,23.504,66.296,795.615,6.22
Tomato,104.791,70.88,75.375,23.643,69.777,612.156,6.946
Wheat,84.843,29.693,28.56,16.428,61.866,503.849,7.279
Sugarcane,95.27,51.639,79.939,23.476,79.321,1841.892,6.664
Tomato,95.42,67.602,77.825,22.83,71.617,573.425,6.386
Wheat,60.0,40.0,40.0,12.0,45.0,650.0,6.0
Maize,110.03,41.695,43.341,25.066,66.283,757.872,6.504
Potato,104.909,72.567,97.353,18.06,66.787,627.646,5.371
Sugarcane,97.78,43.441,92.867,24.22,82.108,1704.382,6.282
Soybean,40.0,40.0,80.0,30.0,75.0,450.0,7.0
Maize,105.108,43.803,37.478,23.042,69.695,538.399,6.766
Maize,103.368,37.853,51.9,23.391,65.561,821.199,6.171
Rice,91.851,30.83,72.142,22.247,79.297,1822.049,5.826
Potato,98.908,70.739,111.684,20.923,67.366,691.703,5.678
Rice,111.855,27.112,60.093,25.019,82.255,1793.842,5.505
Potato,93.887,71.223,98.478,20.719,66.626,580.843,5.478
Cotton,92.469,43.005,20.0,23.868,62.734,1079.678,6.505
Maize,91.377,40.935,41.567,25.215,70.387,814.961,6.596
Potato,106.205,74.607,110.373,20.808,58.344,640.234,5.889
Maize,104.511,41.776,42.27,23.124,62.935,673.524,6.104
Rice,84.125,33.446,52.117,25.553,83.117,2010.573,6.184
Wheat,83.361,29.901,28.117,19.142,58.305,474.597,6.749
Wheat,79.736,29.899,35.627,12.359,51.81,512.754,6.479
Sugarcane,117.682,35.754,78.627,22.867,76.78,1774.772,6.232
Sugarcane,80.0,30.0,60.0,27.0,70.0,1200.0,7.5
Cotton,96.681,48.557,28.226,25.131,54.065,1037.244,7.196
Cotton,104.365,52.361,28.299,22.783,48.432,838.489,6.882
Maize,102.264,45.93,43.717,22.662,67.15,921.212,6.526
Rice,97.256,34.542,53.063,20.979,86.527,2193.666,5.865
Rice,88.51,31.506,63.184,23.063,80.72,2046.318,5.839
Cotton,100.017,47.839,31.959,23.184,56.778,941.384,6.703
Sugarcane,93.94,43.076,77.697,23.871,82.098,1943.62,7.251
Wheat,68.757,28.384,34.096,19.372,45.0,543.393,7.23
Sugarcane,120.0,30.0,60.0,27.0,70.0,1200.0,7.5
Rice,80.0,40.0,80.0,30.0,90.0,1500.0,7.0
Maize,103.702,36.443,38.565,25.782,64.287,599.96,7.131
Potato,98.546,71.698,104.232,20.861,66.13,628.568,5.212
Maize,95.99,53.534,41.441,24.805,65.412,701.124,6.504
Tomato,108.542,76.485,84.132,23.381,65.383,637.837,6.408
Soybean,33.551,53.673,52.545,27.31,69.887,791.451,6.474
Maize,106.781,41.167,42.332,23.929,61.491,699.241,6.961
Potato,96.993,69.228,104.129,18.711,63.087,633.055,6.085
Maize,97.38,51.837,40.344,25.43,65.856,821.103,6.74
Cotton,120.0,40.0,20.0,21.0,65.0,1200.0,6.0
Wheat,60.0,20.0,20.0,25.0,65.0,375.0,7.5
Maize,99.63,44.8,35.153,26.384,64.779,716.022,6.509
Maize,90.013,53.004,41.333,21.35,63.865,804.496,6.421
Maize,97.119,45.488,53.273,23.577,62.78,704.099,7.053
Tomato,104.723,65.393,81.316,26.566,67.105,622.534,6.736
Sugarcane,98.48,40.662,78.816,24.855,75.321,1826.248,6.58
Potato,107.287,72.007,101.99,21.082,68.678,684.385,5.862
Potato,103.246,70.473,98.071,22.548,67.36,637.588,5.923
Sugarcane,91.55,36.981,81.397,24.073,77.337,1643.195,6.847
Rice,101.871,35.893,60.868,26.638,81.252,1726.882,5.678
Tomato,91.945,74.458,79.673,20.122,72.375,667.737,6.096
Cotton,120.0,60.0,20.0,27.0,45.0,1200.0,6.0
Soybean,30.028,52.301,66.696,26.698,68.053,722.339,6.826
Maize,120.0,30.0,60.0,27.0,75.0,1000.0,7.5
Wheat,100.0,40.0,40.0,12.0,45.0,650.0,7.5
Rice,101.266,25.151,68.908,27.08,81.869,1920.432,5.197
Cotton,105.494,48.373,37.498,24.416,51.633,863.329,6.55
Maize,95.514,42.63,29.417,23.242,59.305,802.65,7.433
Potato,102.138,70.765,105.304,18.091,64.36,571.73,5.688
Sugarcane,98.986,47.585,77.572,23.666,79.11,1538.485,6.192
Potato,95.541,68.182,98.608,20.485,65.323,650.179,5.469
Soybean,25.75,53.852,70.795,24.63,63.857,752.482,6.469
Rice,80.0,40.0,80.0,20.0,75.0,1500.0,5.0
Potato,99.225,71.22,102.615,18.591,64.687,655.914,5.982
Soybean,20.0,40.0,40.0,30.0,55.0,450.0,6.0
Cotton,101.648,48.963,31.539,23.624,60.492,1101.736,6.968
Sugarcane,95.628,46.882,79.653,24.823,81.895,1680.862,6.287
Wheat,89.417,33.123,30.238,15.961,53.0,502.434,6.813
Maize,94.503,31.939,36.794,23.604,63.3,842.306,6.787
Tomato,85.519,68.151,79.636,23.384,67.578,548.418,6.366
Potato,98.579,74.859,100.775,20.015,63.473,603.502,5.809
Potato,120.0,60.0,120.0,15.0,75.0,750.0,5.0
Soybean,31.043,46.504,53.225,25.025,68.107,588.676,6.686
Potato,98.607,70.633,107.588,22.754,68.343,635.043,5.406
Wheat,60.0,20.0,40.0,12.0,65.0,375.0,7.5
Soybean,32.753,47.813,50.197,27.544,60.836,707.914,6.353
Cotton,107.537,53.942,28.419,24.521,54.276,924.191,6.463
Soybean,20.0,40.0,80.0,30.0,75.0,450.0,7.0
Wheat,83.866,24.939,25.386,17.636,54.106,433.577,6.955
Cotton,80.0,40.0,20.0,21.0,65.0,1200.0,7.5
Wheat,80.955,24.086,32.283,19.201,54.808,494.608,6.526
Tomato,80.0,60.0,60.0,28.0,60.0,750.0,7.0
Sugarcane,80.0,60.0,60.0,21.0,70.0,1200.0,6.0
Wheat,75.686,34.271,33.861,20.953,53.793,510.164,6.735
Rice,120.0,20.0,40.0,20.0,75.0,2250.0,7.0
Rice,106.106,25.579,60.204,24.193,81.681,2000.345,6.179
Maize,110.249,46.057,36.32,23.845,69.51,872.184,6.228
Cotton,100.405,44.105,31.649,25.287,56.922,832.395,6.551
Soybean,32.924,49.661,57.108,24.689,62.558,635.199,6.406
Tomato,120.0,80.0,100.0,18.0,80.0,750.0,6.0
Sugarcane,106.772,48.387,80.894,24.713,76.318,1759.713,6.825
Soybean,29.483,49.285,57.546,21.685,69.583,598.047,6.528
Potato,106.689,69.329,100.85,20.624,65.958,692.22,5.842
Maize,107.937,41.736,39.152,23.829,60.698,728.034,6.945
Rice,80.0,20.0,40.0,30.0,90.0,1500.0,7.0
Tomato,99.125,75.766,75.923,24.273,71.63,580.476,6.536
Tomato,113.436,71.762,84.646,22.761,63.815,653.113,6.406
Sugarcane,98.185,38.638,82.047,23.538,79.555,1752.151,6.847
Cotton,101.168,51.947,28.72,22.865,52.312,875.896,6.916
Maize,91.645,46.266,45.968,24.273,72.463,869.149,6.397
Soybean,32.232,49.746,62.947,25.775,64.325,781.927,6.732
Wheat,80.676,30.765,31.565,20.496,52.693,481.192,7.113
Wheat,82.014,32.603,25.763,15.442,60.581,528.614,6.645
Rice,80.0,20.0,40.0,30.0,75.0,1500.0,7.0
Tomato,96.108,63.883,83.329,22.448,69.563,648.174,6.424
Maize,89.071,34.796,42.122,23.191,58.369,795.051,7.207
Cotton,101.382,48.323,32.59,24.079,58.541,864.281,7.5
Sugarcane,80.0,30.0,100.0,27.0,70.0,2250.0,7.5
Potato,85.359,69.525,85.572,22.221,70.183,630.86,5.372
Tomato,101.627,71.678,81.71,21.688,70.823,605.412,6.31
Rice,96.441,26.434,55.638,25.713,82.027,1916.083,6.121
Rice,108.86,32.856,65.612,25.924,88.319,1849.355,5.332
Potato,110.733,72.582,87.662,21.414,71.074,741.542,5.869
Tomato,107.698,71.96,87.661,25.6,67.424,687.457,6.256
Soybean,27.261,48.508,60.327,23.63,65.953,696.344,6.47
Maize,120.0,30.0,20.0,27.0,75.0,500.0,7.5
Cotton,99.617,50.336,29.949,22.874,52.764,837.957,6.399
Wheat,84.926,31.792,30.245,17.364,52.283,571.621,6.941
Tomato,90.591,77.841,69.747,19.618,69.804,577.731,6.494
Sugarcane,92.583,48.969,78.185,23.884,78.277,1769.731,6.864
Maize,102.547,48.995,33.736,22.905,70.38,758.408,6.292
Tomato,104.12,66.162,82.001,23.228,69.784,643.267,6.526
Cotton,120.0,40.0,20.0,27.0,65.0,1200.0,6.0
Maize,102.347,44.23,42.697,23.734,62.836,883.79,6.85
Maize,80.0,39.78,36.854,23.395,70.065,698.871,6.794
Rice,98.549,28.721,61.921,24.579,82.394,1884.825,5.774
Sugarcane,102.695,40.675,88.957,25.925,77.116,1985.278,6.154
Soybean,30.759,50.056,60.49,25.666,67.088,620.66,6.324
Potato,97.93,68.726,92.065,20.275,63.009,652.954,5.879
Potato,117.931,74.132,101.881,17.954,61.713,656.095,5.409
Cotton,95.177,50.177,31.308,23.151,54.191,946.768,6.559
Cotton,120.0,60.0,20.0,21.0,65.0,600.0,7.5
Sugarcane,110.418,49.01,76.372,23.136,83.155,1788.295,7.103
Soybean,29.095,49.633,67.156,23.805,60.105,570.834,6.597
Sugarcane,106.237,46.372,95.973,22.275,76.546,1680.209,7.315
Maize,120.0,60.0,20.0,27.0,75.0,1000.0,7.5
Sugarcane,98.77,52.904,75.101,24.019,81.414,1840.863,7.025
Soybean,31.044,53.087,63.065,25.87,61.939,650.309,6.413
Soybean,29.92,50.906,71.681,24.737,61.852,718.44,6.311
Maize,109.541,46.409,43.854,23.862,63.938,735.868,6.039
Sugarcane,120.0,30.0,60.0,21.0,88.0,2250.0,6.0
Tomato,109.466,74.679,80.373,20.502,77.632,641.137,6.446
Cotton,96.388,49.505,29.985,24.217,58.699,927.194,6.399
Maize,109.49,49.979,33.772,23.096,64.747,712.402,6.121
Maize,110.455,46.924,31.176,22.46,64.626,880.099,6.438
Potato,105.622,70.15,100.09,19.037,69.742,561.188,5.825
Maize,91.539,44.863,42.03,23.264,65.094,616.671,6.97
Cotton,101.858,45.962,28.65,23.362,51.713,903.544,6.108
Sugarcane,98.187,47.754,85.854,23.803,82.445,1935.38,7.095
Sugarcane,87.755,43.647,90.975,24.552,73.389,1840.209,6.563
Sugarcane,112.375,43.894,82.236,24.057,84.192,1355.199,6.844
Soybean,34.023,49.36,57.412,24.815,65.698,635.696,6.584
Soybean,30.034,47.932,56.406,24.992,68.381,785.306,6.525
Soybean,26.296,49.051,63.502,25.364,66.269,650.702,6.616
Potato,90.053,73.165,100.791,18.303,71.507,702.029,5.232
Soybean,28.759,44.527,60.546,24.773,64.92,648.88,6.33
Rice,97.17,33.596,67.99,24.716,77.163,1952.16,6.185
Wheat,100.0,20.0,40.0,25.0,65.0,375.0,6.0
Rice,94.272,28.208,63.617,23.407,83.594,1719.781,5.932
Maize,93.272,46.527,39.026,27.0,65.95,718.281,6.973
Soybean,26.159,53.846,68.42,25.387,64.179,721.691,6.465
Wheat,72.738,34.73,31.308,16.967,54.618,535.859,6.687
Maize,93.089,47.554,30.708,23.374,68.586,779.73,6.399
Rice,104.706,24.467,62.059,23.521,79.6,1819.761,5.939
Soybean,20.0,40.0,80.0,20.0,75.0,900.0,7.0
Tomato,102.746,70.618,94.211,23.731,73.837,580.363,6.588
Soybean,40.0,40.0,80.0,30.0,55.0,900.0,7.0
Maize,90.152,44.144,28.936,22.945,67.797,745.841,6.394
Maize,120.0,30.0,20.0,27.0,55.0,500.0,5.5
Wheat,85.895,32.005,33.085,14.216,59.513,530.47,7.003
Potato,91.589,68.526,102.707,18.956,62.304,610.906,6.023
Potato,111.17,71.401,113.14,21.959,65.757,594.871,5.575
Cotton,94.686,52.229,29.988,24.22,54.171,840.374,7.155
Potato,83.153,80.0,107.55,19.67,62.605,666.138,5.874
Rice,120.0,40.0,80.0,20.0,90.0,1500.0,7.0
Soybean,28.866,52.022,55.534,26.121,65.106,658.669,6.699
Wheat,77.524,29.716,27.082,19.91,54.782,538.941,6.704
Sugarcane,104.845,42.089,76.866,23.483,79.188,1506.117,6.189
Cotton,105.264,53.036,29.342,24.556,52.665,953.704,6.623
Soybean,30.828,55.623,59.226,24.935,69.303,740.867,6.571
Cotton,105.431,56.036,34.692,23.863,54.835,904.672,6.787
Maize,99.862,42.07,41.788,23.049,64.4,787.485,6.164
Tomato,100.374,71.698,75.582,21.823,71.581,623.78,6.432
Tomato,80.0,80.0,60.0,28.0,60.0,750.0,7.0
Rice,107.485,29.686,52.594,26.981,84.064,1716.932,6.592
Maize,90.882,40.97,35.853,22.876,66.466,849.719,6.197
Soybean,40.0,40.0,80.0,20.0,75.0,450.0,6.0
Maize,102.346,47.356,31.095,24.938,63.884,821.924,6.229
Cotton,96.704,53.23,36.048,25.126,50.996,921.391,6.28
Maize,100.787,30.0,41.193,24.642,66.486,741.451,7.047
Maize,96.626,48.238,38.839,24.138,68.625,821.929,6.446
Maize,99.512,46.906,34.561,23.036,69.221,864.362,6.17
Maize,80.0,30.0,60.0,27.0,55.0,1000.0,7.5
Rice,99.365,28.44,55.804,25.78,82.988,1953.676,6.044
Rice,93.453,25.192,59.611,25.14,80.766,1978.879,5.553
Sugarcane,97.573,41.03,78.801,25.113,74.461,1785.634,7.095
Maize,104.931,49.097,57.358,23.624,63.473,814.08,6.773
Maize,99.526,35.571,42.501,22.148,61.849,862.64,7.108
Maize,103.083,48.957,31.62,24.644,62.553,776.54,6.424
Soybean,24.658,49.389,52.225,23.747,64.341,600.932,6.596
Tomato,103.28,73.533,76.157,22.283,66.42,603.269,6.418
Tomato,98.697,76.121,81.548,20.311,71.394,647.736,6.479
Cotton,120.0,60.0,40.0,21.0,45.0,1200.0,6.0
Sugarcane,96.497,39.482,75.865,24.009,79.706,1587.521,6.727
Rice,118.728,28.045,69.569,25.406,82.122,1929.074,6.021
Soybean,27.691,46.137,58.196,26.861,62.214,625.299,6.302
Rice,119.428,24.077,62.16,23.733,83.944,1880.82,6.254
Maize,96.837,41.641,37.895,25.178,65.664,955.984,6.557
Wheat,75.307,26.714,27.593,17.949,47.151,502.993,6.614
Maize,98.484,42.516,38.674,22.728,66.323,601.106,6.352
Rice,91.704,27.037,59.529,25.557,82.628,1779.308,6.3
Wheat,77.677,31.281,24.782,21.794,53.409,560.649,6.719
Wheat,80.507,31.569,25.131,16.57,52.603,502.975,6.56
Soybean,30.925,51.359,63.169,22.659,62.366,597.831,6.685
Soybean,38.663,51.679,59.03,24.512,63.155,617.931,6.369
Tomato,104.229,70.337,80.666,22.329,68.083,609.601,6.577
Soybean,28.409,41.295,55.501,24.196,61.976,644.012,6.636
Rice,107.261,34.426,59.539,27.256,82.73,1770.325,5.802
Sugarcane,120.0,30.0,60.0,27.0,70.0,1200.0,7.5
Tomato,98.68,62.692,69.722,26.42,66.358,684.46,6.344
Rice,94.797,31.699,63.679,20.138,85.476,1500.0,5.795
Tomato,99.264,72.448,76.562,21.613,72.424,605.487,6.59
Wheat,78.466,29.428,32.85,15.626,54.264,491.613,6.715
Potato,102.016,67.532,114.232,23.286,63.312,722.461,5.984
Wheat,72.109,24.513,36.642,17.108,54.542,494.268,6.887
Rice,120.0,40.0,80.0,20.0,75.0,2250.0,5.0
Tomato,94.899,67.908,80.004,21.945,68.14,666.052,6.671
Wheat,72.523,31.556,25.625,19.425,58.022,489.523,6.508
Potato,103.421,64.209,99.9,18.406,69.274,672.099,5.512
Cotton,106.244,50.689,29.85,22.729,55.208,710.679,6.605
Soybean,29.242,42.803,62.175,23.194,66.361,587.883,6.8
Sugarcane,93.544,55.181,77.114,24.029,81.692,1380.252,6.691
Sugarcane,99.387,44.065,86.238,24.955,83.697,1759.746,6.723
Sugarcane,88.916,44.969,73.661,22.947,79.783,1629.581,6.446
Potato,120.0,80.0,120.0,25.0,75.0,500.0,5.0
Sugarcane,98.353,48.496,76.108,24.608,71.896,1657.526,7.042
Maize,102.381,50.458,43.245,24.139,64.68,680.429,6.476
Tomato,105.454,73.163,75.944,24.966,68.355,652.229,6.415
Soybean,35.37,48.206,67.14,25.044,66.22,826.563,6.454
Rice,100.383,26.276,62.764,25.964,82.72,1902.448,5.914
Potato,105.015,68.447,90.816,20.606,62.691,600.447,5.714
Maize,94.445,55.793,43.132,24.713,59.639,681.441,6.913
Maize,110.936,42.432,41.941,26.393,61.475,591.849,6.929
Cotton,97.678,52.772,33.874,25.084,51.048,1030.491,6.661
Wheat,80.426,35.612,31.942,18.677,54.892,563.108,6.602
Maize,93.584,46.666,25.612,23.963,61.599,758.442,6.141
Tomato,93.148,63.271,78.833,25.683,69.61,651.816,6.892
Rice,97.885,25.113,52.708,26.712,77.696,2016.124,5.982
Cotton,95.428,48.435,25.743,24.705,54.168,703.353,6.775
Wheat,90.568,27.465,30.007,15.675,60.424,508.681,6.762
Rice,120.0,40.0,40.0,20.0,75.0,2250.0,5.0
Tomato,97.361,68.658,76.087,20.678,75.308,637.452,6.462
Wheat,67.093,29.808,28.569,18.21,53.328,518.808,7.231
Sugarcane,90.986,46.237,78.773,23.608,82.888,1596.699,6.401
Soybean,40.0,40.0,40.0,20.0,55.0,450.0,6.0
Soybean,32.667,47.272,53.392,25.039,66.798,784.707,6.321
Tomato,100.485,73.944,87.542,22.3,71.85,642.549,6.41
Potato,80.0,60.0,80.0,15.0,75.0,500.0,5.0
Sugarcane,90.499,38.107,88.873,23.017,77.501,2093.311,6.566
Wheat,100.0,40.0,40.0,12.0,65.0,650.0,7.5
Rice,101.585,28.02,50.36,25.12,81.176,1904.085,6.007
Maize,120.0,30.0,60.0,27.0,75.0,1000.0,5.5
Sugarcane,103.41,46.501,75.839,23.856,75.447,1811.469,6.94
Maize,101.342,47.198,27.936,24.469,72.577,803.328,6.991
Tomato,120.0,60.0,60.0,18.0,60.0,750.0,7.0
Cotton,94.636,53.252,28.566,24.141,50.38,839.173,6.531
Sugarcane,86.977,46.41,88.517,23.879,73.684,1652.56,7.07
Maize,110.011,36.467,36.944,24.849,70.153,770.006,6.402
Soybean,30.972,48.143,50.073,26.842,62.52,680.405,6.892
Potato,100.363,71.361,92.102,21.354,72.241,572.382,5.839
Maize,98.451,46.283,41.184,24.539,61.943,755.412,6.64
Sugarcane,106.043,47.902,79.603,23.372,77.541,1467.661,6.683
Cotton,120.0,40.0,20.0,21.0,45.0,600.0,7.5
Sugarcane,80.0,60.0,60.0,27.0,88.0,2250.0,6.0
Maize,106.263,49.88,60.0,24.516,66.615,808.668,6.164
Wheat,84.016,25.987,29.783,22.119,60.714,557.752,6.834
Cotton,107.421,50.089,27.092,25.925,57.854,854.334,7.106
Maize,91.273,48.054,25.75,23.777,68.793,751.533,6.334
Potato,98.83,74.658,105.147,20.129,68.818,556.296,5.729
Soybean,30.35,48.317,60.311,26.83,60.824,838.011,6.488
Sugarcane,99.349,41.118,72.969,24.07,86.291,1639.567,6.749
Rice,103.675,31.318,49.553,23.793,81.046,1829.316,5.541
Wheat,60.0,20.0,40.0,25.0,65.0,375.0,7.5
Soybean,29.596,53.64,68.179,27.146,67.304,674.952,6.489
Rice,91.364,35.687,67.463,25.495,79.133,1901.333,5.626
Soybean,30.188,55.337,63.318,24.806,72.519,761.941,6.636
Soybean,27.687,50.265,63.43,24.559,66.482,615.295,6.516
Cotton,98.7,53.674,33.082,22.78,54.021,646.363,6.853
Maize,100.531,41.834,43.744,24.137,63.506,662.486,6.589
Cotton,108.557,51.647,28.969,23.61,56.872,982.043,6.999
Tomato,96.183,66.051,78.763,25.334,70.603,687.354,6.375
Tomato,96.116,60.77,81.606,24.35,66.961,605.387,6.654
Potato,116.22,72.343,93.25,19.844,65.603,603.359,5.868
Potato,96.713,70.689,102.872,22.964,66.446,599.228,5.919
Maize,80.0,60.0,60.0,21.0,55.0,500.0,7.5
Wheat,74.859,24.495,26.253,18.512,52.252,529.737,6.298
Soybean,20.0,40.0,80.0,30.0,55.0,900.0,7.0
Maize,120.0,30.0,20.0,21.0,75.0,500.0,7.5
Rice,107.717,34.788,63.529,27.272,77.798,1835.262,5.711
Cotton,93.972,47.607,29.822,22.259,57.759,803.709,6.632
Rice,116.301,25.409,69.813,25.25,83.528,1889.793,6.148
Rice,95.234,34.373,57.899,21.776,79.33,1531.29,5.922
Cotton,100.944,45.062,28.483,25.276,56.742,884.325,6.778
Wheat,80.69,28.136,26.183,14.445,50.829,517.631,6.995
Potato,120.0,60.0,80.0,25.0,75.0,750.0,5.0
Potato,99.747,69.301,95.928,19.918,66.853,642.495,6.247
Sugarcane,94.799,45.445,86.388,23.224,78.953,1718.351,6.422
Potato,104.343,66.081,106.102,20.457,62.982,630.891,5.715
Potato,98.58,73.711,94.509,20.993,65.315,708.051,5.848
Rice,80.0,40.0,40.0,30.0,90.0,2250.0,5.0
Rice,112.319,29.419,71.119,23.16,83.968,1914.925,5.71
Maize,112.007,47.241,37.489,26.493,63.575,702.405,5.908
Soybean,27.183,49.2,63.958,27.53,60.687,572.394,6.342
Sugarcane,80.0,60.0,60.0,27.0,70.0,1200.0,6.0
Maize,103.131,40.81,47.775,24.362,65.855,807.246,7.074
Cotton,80.0,60.0,40.0,27.0,65.0,1200.0,6.0
Potato,93.376,70.623,107.405,20.683,59.714,629.359,5.272
Wheat,69.823,27.817,27.198,18.547,60.426,605.202,6.546
Potato,96.995,77.241,97.073,19.492,62.786,626.71,5.725
Wheat,73.239,34.534,29.525,22.597,54.682,510.851,6.91
Maize,102.32,43.836,52.77,23.093,65.014,751.24,6.634
Cotton,109.919,56.083,33.365,25.319,59.055,955.692,6.832
Wheat,72.392,29.219,28.939,15.123,57.166,543.639,7.014
Potato,120.0,80.0,80.0,25.0,55.0,500.0,5.0
Wheat,100.0,40.0,40.0,12.0,45.0,375.0,7.5
Wheat,62.254,20.0,34.241,21.166,61.291,511.697,6.427
Cotton,80.0,40.0,20.0,21.0,65.0,1200.0,6.0
Sugarcane,103.165,46.767,72.997,24.749,76.327,1953.17,6.882
Wheat,60.0,20.0,40.0,25.0,45.0,375.0,7.5
Potato,98.686,63.546,101.977,19.996,63.811,586.134,5.751
Wheat,88.432,25.177,31.889,21.147,55.261,537.72,7.19
Sugarcane,103.582,40.514,77.807,24.107,77.073,1638.979,7.134
Potato,101.431,70.895,104.448,23.335,62.41,600.898,6.152
Tomato,94.312,71.193,80.975,22.879,69.771,621.25,6.439
Tomato,88.999,70.445,77.242,20.492,71.753,542.021,6.327
Rice,95.143,32.572,65.394,24.757,81.52,1892.491,5.728
Maize,80.0,60.0,60.0,27.0,75.0,500.0,5.5
Soybean,29.671,51.568,64.934,23.532,64.101,748.268,6.49
Potato,100.473,70.767,98.537,20.66,66.029,581.078,6.048
Cotton,100.353,43.079,30.093,24.622,54.549,881.916,6.509
Wheat,79.283,32.064,30.246,18.088,56.127,492.28,6.813
Cotton,101.164,48.913,31.541,23.924,49.473,793.857,7.014
Tomato,111.838,67.164,78.712,23.648,67.142,636.262,6.463
Tomato,96.389,63.546,80.889,21.412,68.072,644.964,6.736
Wheat,74.196,30.518,31.663,22.06,56.179,542.016,6.93
Potato,88.53,72.953,107.254,20.308,63.479,624.622,5.644
Wheat,81.349,27.296,29.417,14.213,58.088,477.177,6.741
Soybean,40.0,60.0,40.0,30.0,75.0,450.0,6.0
Cotton,90.281,49.226,40.0,24.017,52.527,799.15,7.193
Potato,94.811,68.137,98.889,21.858,61.778,720.397,5.514
Sugarcane,95.623,54.517,82.688,23.95,74.498,1725.817,7.223
Wheat,100.0,20.0,20.0,25.0,45.0,650.0,6.0
Potato,88.744,63.27,98.827,19.821,61.38,588.704,6.131
Wheat,78.158,32.519,30.26,15.823,57.242,519.198,7.398
Sugarcane,102.651,45.51,83.316,22.666,80.844,1904.655,6.83
Soybean,31.779,45.724,74.843,22.596,65.23,515.836,6.493
Rice,80.0,40.0,40.0,30.0,90.0,2250.0,5.0
Wheat,81.136,33.116,31.31,19.499,56.068,503.873,6.571
Rice,105.086,31.494,48.763,25.897,79.914,1904.41,5.525
Cotton,102.47,46.446,31.528,24.67,53.175,755.791,6.775
Tomato,113.391,74.96,85.368,23.059,70.699,593.604,6.259
Tomato,80.0,80.0,60.0,28.0,60.0,500.0,6.0
Cotton,99.579,49.61,35.305,23.98,55.252,948.423,6.726
Soybean,40.0,60.0,80.0,20.0,75.0,900.0,6.0
Soybean,27.767,49.423,58.832,27.17,64.735,814.141,6.428
Tomato,103.776,71.049,70.687,23.865,65.288,651.17,6.415
Cotton,91.565,50.335,28.668,23.739,56.018,770.713,6.473
Potato,82.788,72.294,100.209,20.719,64.237,577.339,5.643
Potato,110.686,64.762,92.258,20.408,66.738,517.203,5.316
Wheat,77.641,27.891,36.241,18.397,60.895,448.407,6.88
Sugarcane,94.809,40.919,80.241,24.037,76.645,2072.589,6.684
Maize,91.037,46.557,42.918,25.044,66.209,675.165,5.687
Soybean,20.0,60.0,40.0,20.0,75.0,900.0,7.0
Sugarcane,80.0,60.0,60.0,27.0,88.0,1200.0,7.5
Rice,80.0,20.0,80.0,30.0,75.0,1500.0,7.0
Cotton,105.979,47.742,28.122,23.879,59.812,1069.383,6.948
Soybean,30.312,51.253,50.649,26.572,63.063,596.801,6.774
Cotton,102.52,49.871,36.141,24.788,53.015,972.906,6.827
Soybean,32.221,43.636,65.527,22.572,61.719,699.917,6.396
Potato,99.317,71.792,99.909,19.654,62.733,575.25,6.101
Soybean,25.23,48.384,54.027,22.887,65.318,675.111,6.198
Tomato,101.337,69.524,70.365,23.999,70.141,607.766,6.713
Wheat,60.0,20.0,40.0,25.0,45.0,375.0,7.5
Rice,92.62,27.018,64.289,24.342,82.487,1854.57,6.113
Potato,99.807,67.205,100.055,22.301,63.665,549.357,5.66
Maize,102.85,58.132,49.001,24.718,64.715,588.437,6.059
Wheat,100.0,20.0,40.0,12.0,45.0,375.0,6.0
Wheat,75.502,28.036,29.746,19.2,56.612,512.236,6.418
Wheat,60.0,20.0,20.0,12.0,45.0,375.0,6.0
Rice,100.489,30.125,59.394,24.949,81.964,1694.753,5.828
Tomato,93.881,69.976,77.056,25.585,68.919,622.784,6.913
Maize,97.684,37.856,37.183,24.119,63.668,727.385,6.493
Maize,95.673,41.455,31.446,22.5,64.35,700.59,6.869
Rice,89.983,20.118,56.377,29.034,83.587,1805.053,6.155
Potato,103.361,63.58,100.207,19.142,65.067,580.71,5.939
Sugarcane,105.367,43.498,76.343,24.716,75.611,1805.092,6.843
Soybean,22.044,55.078,61.654,26.945,68.096,719.764,6.446
Rice,109.119,27.159,74.862,26.659,84.928,1878.503,5.928
Tomato,85.147,68.773,77.219,24.921,74.328,664.759,6.275
Rice,101.849,31.617,52.816,22.855,86.457,1759.565,5.652
Tomato,99.279,67.516,82.546,20.763,70.049,648.851,6.651
Sugarcane,108.289,49.374,85.372,25.36,77.718,1672.077,7.177
Soybean,31.878,52.974,69.607,23.782,65.754,693.585,6.514
Cotton,100.703,53.643,30.985,23.569,55.223,908.137,6.727
Cotton,109.985,47.144,31.678,25.037,56.501,762.551,6.514
Rice,95.635,31.487,56.967,22.957,79.305,1896.573,6.526
Tomato,108.794,74.626,84.487,22.245,66.542,672.781,6.511
Maize,96.113,48.102,42.948,23.939,63.529,762.628,6.683
Tomato,120.0,60.0,60.0,18.0,80.0,500.0,7.0
Wheat,78.363,34.279,23.7,15.649,48.509,462.656,6.547
Rice,104.317,29.955,64.678,23.275,82.47,1848.664,5.595
Cotton,80.0,60.0,20.0,21.0,65.0,1200.0,6.0
Soybean,28.506,45.369,50.305,23.657,62.864,696.242,6.674
Cotton,106.027,46.113,29.34,23.756,56.393,899.13,6.614
Rice,104.144,29.876,61.317,23.025,77.034,1893.76,6.108
Soybean,32.806,53.415,50.802,24.595,66.558,740.339,6.792
Potato,97.278,68.023,93.878,20.669,70.655,663.886,5.669
Cotton,89.059,43.9,29.594,23.789,55.908,835.049,7.221
Wheat,60.0,40.0,40.0,25.0,45.0,650.0,6.0
Wheat,72.346,28.472,29.746,19.769,49.134,439.029,6.872
Maize,120.0,60.0,60.0,21.0,75.0,1000.0,7.5
Maize,94.792,47.612,38.452,23.821,66.99,738.163,6.407
Tomato,95.161,66.452,67.519,20.756,69.145,622.107,6.368
Cotton,103.467,49.659,29.363,22.819,54.964,1000.366,6.755
Maize,94.934,49.916,35.807,23.171,69.365,861.688,6.672
Rice,89.229,31.607,56.515,20.725,84.462,1909.046,5.762
Rice,120.0,20.0,80.0,30.0,75.0,2250.0,7.0
Sugarcane,97.543,41.709,77.22,22.748,77.605,1684.206,6.933
Soybean,20.0,60.0,80.0,20.0,75.0,450.0,6.0
Potato,106.032,70.457,97.53,17.56,67.891,674.422,5.58
Tomato,120.0,80.0,100.0,18.0,60.0,750.0,7.0
Potato,111.255,74.404,98.784,20.636,66.355,630.696,5.426
Potato,103.824,72.792,99.483,19.055,70.281,580.32,5.515
Potato,102.311,69.864,99.313,19.667,67.17,630.82,5.568
Maize,104.429,42.074,43.924,23.912,61.769,670.264,6.982
Rice,104.297,27.068,64.492,26.434,86.397,1765.486,5.925
Sugarcane,103.164,38.756,77.147,24.04,76.808,1739.447,6.767
Cotton,80.0,60.0,20.0,21.0,65.0,1200.0,6.0
Potato,103.379,68.466,109.38,21.014,69.81,632.398,5.738
Tomato,106.174,77.142,81.398,25.056,73.454,599.765,6.504
Wheat,79.897,28.769,32.32,18.188,52.339,539.992,6.734
Potato,98.704,69.008,104.541,18.916,70.75,593.922,5.804
Soybean,31.819,48.183,70.426,22.563,70.532,698.916,6.154
Potato,100.911,70.653,96.735,23.025,66.968,675.483,5.98
Potato,110.919,67.125,110.531,19.703,66.049,595.032,6.0
Maize,107.077,48.035,40.491,23.254,61.43,707.427,6.637
Potato,120.0,60.0,80.0,25.0,55.0,750.0,5.0
Tomato,104.298,72.164,73.003,24.127,71.514,687.912,6.595
Cotton,93.772,45.62,33.609,23.64,47.659,837.672,6.979
Rice,96.113,26.609,65.775,26.221,78.202,1824.551,5.712
Wheat,80.333,26.418,30.825,18.596,53.199,509.978,6.784
Wheat,87.979,30.341,24.236,18.389,55.937,557.086,6.666
Maize,103.79,41.287,32.102,25.034,59.32,827.238,6.416
Wheat,89.97,30.089,33.537,17.008,57.086,500.895,7.145
Soybean,27.698,52.864,61.554,24.885,61.534,646.956,6.623
Tomato,105.732,65.798,82.614,23.191,71.257,644.649,6.344
Tomato,100.332,69.027,70.204,22.938,68.939,576.131,6.438
Tomato,109.008,74.815,85.019,21.366,62.712,669.951,6.519
Sugarcane,89.963,52.811,70.65,23.654,75.043,1597.221,6.753
Tomato,97.108,73.635,78.922,24.161,70.677,566.58,6.485
Maize,100.61,35.639,32.339,24.01,63.639,782.901,6.095
Potato,107.688,67.904,93.421,21.268,69.589,673.451,5.753
Potato,120.0,60.0,80.0,25.0,55.0,500.0,5.0
Potato,89.622,67.659,106.027,19.293,63.847,609.771,6.061
Cotton,92.832,49.792,40.0,24.304,52.121,940.779,6.621
Potato,81.534,67.146,99.533,18.308,55.0,594.766,5.749
Rice,96.949,30.36,68.73,22.33,79.371,1674.84,5.735
Potato,103.056,69.624,102.679,21.211,66.144,637.122,6.098
Wheat,74.198,35.859,26.568,16.928,56.9,427.432,7.069
Maize,88.806,44.459,37.109,21.915,66.297,718.33,5.8
Tomato,80.0,60.0,60.0,18.0,60.0,750.0,7.0
Wheat,75.487,34.067,28.406,18.394,61.379,499.789,7.06
Soybean,27.689,49.621,66.967,24.87,66.982,733.53,6.406
Wheat,70.084,30.797,31.744,20.457,56.657,536.864,6.504
Tomato,80.0,80.0,100.0,18.0,60.0,500.0,7.0
Soybean,34.416,55.41,69.084,24.606,60.645,671.953,6.502
Maize,102.02,47.952,39.566,25.17,68.082,787.178,6.809
Tomato,99.37,69.198,83.453,22.316,70.121,656.279,6.513
Maize,102.66,49.125,35.246,25.052,59.948,646.031,6.737
Wheat,79.082,23.575,25.148,16.014,52.057,531.494,6.805
Maize,100.294,44.73,43.716,23.884,65.632,661.844,6.932
Rice,120.0,20.0,40.0,20.0,90.0,1500.0,5.0
Wheat,60.0,20.0,40.0,12.0,65.0,375.0,7.5
Cotton,100.647,48.63,29.715,23.216,55.036,905.809,6.525
Tomato,103.086,66.035,76.498,26.223,65.278,577.173,6.657
Cotton,91.995,49.738,29.97,23.614,63.986,858.727,6.862
Soybean,40.0,40.0,40.0,30.0,55.0,450.0,6.0
Soybean,28.154,51.349,60.463,23.175,64.907,589.237,6.607
Cotton,96.271,49.429,35.808,22.831,57.237,1005.693,6.57
Maize,94.772,44.375,35.933,26.3,64.701,878.769,6.435
Maize,100.079,54.906,43.862,22.274,55.0,811.088,6.468
Soybean,27.914,51.673,50.945,24.408,65.976,616.33,6.557
Potato,92.135,69.721,102.272,20.272,59.298,630.466,5.909
Wheat,73.471,33.42,24.963,20.806,54.449,508.108,6.323
Maize,99.206,40.551,36.718,24.201,63.755,790.442,6.674
Rice,98.647,26.392,58.993,23.757,79.374,1938.903,6.13
Cotton,95.762,46.301,33.427,22.886,51.606,823.405,6.779
Soybean,20.0,40.0,40.0,30.0,75.0,900.0,6.0
Tomato,95.652,70.751,81.445,24.102,70.836,594.201,6.647
Wheat,95.151,30.685,27.415,19.389,53.433,448.603,6.925
Rice,96.963,31.388,52.73,26.052,84.771,1890.858,5.0
Tomato,100.786,60.0,77.385,23.564,71.551,665.098,6.465
Cotton,94.366,50.296,29.607,27.0,50.514,887.49,6.394
Soybean,34.458,55.292,65.896,23.464,59.469,787.147,6.25
Wheat,75.811,29.072,31.471,17.744,55.754,585.5,6.707
Wheat,70.201,30.746,35.378,18.94,50.391,522.818,6.737
Potato,80.0,60.0,120.0,25.0,55.0,750.0,5.0
Potato,95.711,67.514,98.085,20.541,60.298,647.975,5.398
Sugarcane,113.536,49.103,87.484,23.623,79.314,1799.634,6.585
Sugarcane,95.761,43.373,82.367,24.073,76.897,1746.989,6.737
Maize,87.241,50.191,36.375,25.411,64.707,767.059,6.893
Wheat,77.395,29.643,29.658,18.568,56.576,628.687,6.797
Tomato,97.528,72.184,89.882,22.667,68.651,627.984,6.395
Tomato,91.371,70.408,86.18,21.655,67.976,643.943,6.58
Maize,80.0,30.0,60.0,21.0,75.0,1000.0,7.5
Sugarcane,91.909,46.961,78.816,23.85,80.426,1845.932,6.759
Maize,80.0,60.0,60.0,21.0,55.0,1000.0,5.5
Wheat,84.11,29.995,30.367,16.236,55.355,535.939,6.832
Rice,106.543,26.117,73.392,23.401,84.373,1664.082,5.69
Wheat,90.813,29.973,28.488,21.67,57.668,526.964,6.67
Cotton,100.976,51.415,36.454,23.175,45.417,794.655,6.872
Potato,80.0,60.0,120.0,25.0,55.0,750.0,5.0
Rice,99.484,29.344,52.569,24.618,78.518,1760.89,6.076
Soybean,20.0,60.0,80.0,20.0,75.0,450.0,6.0
Maize,97.555,53.356,43.29,23.96,57.683,581.463,6.543
Tomato,105.116,74.653,84.854,20.787,76.699,669.402,6.415
Tomato,106.266,72.223,68.089,24.861,68.474,654.822,6.338
Rice,104.25,27.67,53.242,25.055,79.459,1791.107,6.104
Maize,93.106,43.475,35.398,24.602,62.737,834.305,6.418
Wheat,60.0,40.0,40.0,12.0,65.0,375.0,7.5
Sugarcane,95.945,47.262,81.305,24.903,81.551,1719.148,6.326
Maize,120.0,39.57,31.617,24.51,70.098,755.382,6.691
Rice,101.19,25.836,62.735,24.224,88.437,1657.786,6.068
Potato,97.833,69.696,117.064,18.735,65.755,657.557,5.509
Potato,104.768,73.619,97.607,18.209,63.503,624.505,5.593
Wheat,60.0,40.0,40.0,12.0,45.0,650.0,7.5
Maize,96.155,42.753,49.864,23.891,62.381,706.975,6.867
Soybean,36.519,55.19,48.43,24.474,66.669,637.934,6.797
Rice,98.078,31.35,74.896,24.549,83.549,2032.222,6.38
Soybean,32.256,54.871,64.84,25.167,66.434,619.872,6.435
Soybean,40.0,60.0,80.0,30.0,55.0,450.0,7.0
Wheat,100.0,20.0,40.0,25.0,65.0,650.0,6.0
Cotton,101.346,47.362,32.552,23.795,52.586,971.673,6.989
Sugarcane,90.545,56.838,71.641,23.757,75.888,1543.7,6.637
Potato,111.745,70.883,85.604,20.476,64.351,579.124,5.838
Soybean,29.575,45.626,50.272,23.688,63.5,644.581,6.462
Tomato,94.573,68.473,84.246,21.298,69.406,608.921,6.483
Sugarcane,115.734,41.924,94.161,24.768,83.021,1668.993,6.961
Cotton,93.295,49.782,30.399,24.248,58.126,983.208,6.799
Tomato,111.156,63.98,81.989,21.352,66.023,620.272,6.705
Potato,85.082,76.984,99.06,15.342,62.608,588.514,5.586
Tomato,80.0,80.0,60.0,28.0,80.0,500.0,7.0
Wheat,81.248,25.616,25.283,20.932,58.987,527.3,7.124
Soybean,28.522,48.746,50.313,27.704,63.263,793.128,6.428
Soybean,33.387,51.318,54.088,26.037,68.168,758.522,6.791
Tomato,87.654,71.736,86.428,20.013,71.23,670.133,6.599
Wheat,70.266,26.444,34.524,16.912,56.554,474.17,6.94
Potato,99.805,75.815,100.297,17.161,67.128,641.337,5.758
Potato,100.493,67.385,99.002,18.417,67.697,648.814,5.745
Cotton,80.0,40.0,20.0,27.0,45.0,600.0,7.5
Sugarcane,99.267,49.457,80.435,22.852,81.461,1439.024,6.821
Cotton,111.459,48.231,34.69,24.593,54.892,954.244,6.815
Soybean,30.229,45.364,45.661,24.377,66.868,647.822,6.706
Cotton,91.728,45.374,30.608,23.242,50.158,996.534,6.592
Tomato,91.072,68.849,73.665,26.647,68.322,604.132,6.438
Maize,94.824,58.359,38.243,22.543,62.673,745.703,6.682
Sugarcane,106.82,46.024,81.091,23.862,84.051,1600.178,6.669
Cotton,120.0,40.0,20.0,27.0,45.0,600.0,6.0
Cotton,115.161,49.223,31.159,22.585,58.323,904.147,6.735
Sugarcane,96.618,42.035,78.78,23.448,83.575,1780.383,6.754
Potato,96.363,73.683,105.339,20.875,65.439,685.371,5.485
Wheat,76.597,26.031,32.945,16.817,58.645,494.138,6.489
Soybean,31.118,44.853,64.824,25.282,66.271,749.933,6.572
Potato,109.799,72.301,87.34,16.761,62.233,634.589,5.742
Cotton,113.918,47.507,24.602,22.949,52.654,802.567,6.773
Tomato,103.223,68.714,75.521,23.831,66.188,657.104,6.42
Potato,101.847,72.08,88.789,21.786,62.245,606.52,5.835
Sugarcane,104.927,41.942,75.648,24.773,80.162,1286.897,6.711
Wheat,77.02,25.927,26.374,19.374,51.292,546.43,6.584
Soybean,32.44,51.193,54.531,27.243,67.442,669.435,6.422
Maize,100.759,50.395,32.016,24.639,66.105,812.512,6.791
Sugarcane,120.0,60.0,60.0,21.0,70.0,2250.0,6.0
Potato,98.064,66.512,98.64,18.859,70.748,656.668,5.559
Cotton,91.364,49.63,31.72,23.785,51.666,1003.019,6.933
Cotton,120.0,60.0,20.0,27.0,65.0,1200.0,6.0
Cotton,98.978,51.477,32.006,25.092,51.226,922.162,6.659
Maize,113.543,44.838,46.854,23.947,64.898,701.331,6.54
Maize,80.0,60.0,60.0,21.0,55.0,500.0,7.5
Wheat,60.0,20.0,20.0,12.0,65.0,650.0,6.0
Sugarcane,80.0,60.0,60.0,21.0,70.0,2250.0,7.5
Soybean,24.53,55.459,47.262,24.026,68.24,675.026,6.281
Cotton,100.718,48.013,29.345,26.618,55.607,945.025,6.574
Maize,98.834,50.228,34.231,22.378,67.048,802.603,6.66
Tomato,96.711,66.899,84.096,24.575,73.051,633.952,6.522
Sugarcane,106.166,40.904,80.163,23.897,75.993,1500.928,6.605
Tomato,103.183,68.989,86.222,21.545,65.598,500.0,6.488
Potato,91.721,71.458,97.175,18.563,62.444,647.379,5.474
Rice,120.0,40.0,40.0,30.0,90.0,1500.0,7.0
Tomato,98.238,73.586,77.021,22.921,74.851,644.079,6.373
Rice,102.458,26.804,65.856,24.917,82.038,1789.884,6.408
Tomato,113.957,65.256,88.591,23.25,68.321,607.943,6.494
Wheat,87.487,36.883,30.267,13.896,57.03,471.063,6.584
Sugarcane,95.805,40.053,80.787,23.212,77.561,1645.864,6.738
Maize,109.478,42.994,34.995,25.643,69.217,752.037,6.402
Sugarcane,97.595,45.885,77.515,23.514,79.981,1990.094,6.786
Rice,80.0,20.0,40.0,30.0,75.0,2250.0,7.0
Maize,97.531,46.71,35.684,25.644,62.078,721.881,6.536
Cotton,106.651,51.675,32.847,24.374,55.575,849.631,6.953
Maize,97.804,45.213,51.875,23.507,63.41,879.06,6.375
Rice,110.476,35.233,53.347,24.413,83.701,2191.488,6.493
Soybean,34.524,53.84,67.009,22.994,65.057,766.708,6.545
Rice,107.123,30.327,75.586,24.37,83.31,1775.149,5.883
Tomato,83.859,68.994,80.607,22.317,75.854,576.564,6.406
Soybean,33.557,52.069,54.764,23.107,65.648,622.445,6.404
Tomato,94.739,73.005,75.857,21.55,68.192,669.785,6.478
Tomato,90.564,68.286,94.467,25.796,72.355,639.856,6.19
Tomato,92.919,69.973,84.488,22.683,73.841,606.998,6.845
Wheat,75.826,29.204,27.058,19.228,52.546,503.993,6.962
Maize,102.06,55.162,33.176,24.203,62.334,704.416,6.483
Rice,83.738,31.681,55.34,25.071,82.283,1840.787,6.263
Soybean,20.0,60.0,80.0,20.0,75.0,900.0,7.0
Rice,101.563,23.792,53.317,22.099,82.543,1859.774,5.844
Maize,120.0,30.0,60.0,27.0,75.0,500.0,5.5
Cotton,91.221,53.826,28.497,24.018,52.966,1027.675,6.963
Sugarcane,94.992,46.35,82.608,23.004,74.025,1779.417,6.883
Tomato,101.336,70.689,70.358,23.821,68.897,618.058,6.675
Maize,88.177,47.27,48.219,23.778,68.319,692.49,6.005
Tomato,94.707,69.379,68.764,23.675,64.345,631.179,6.296
Cotton,120.0,60.0,20.0,27.0,45.0,600.0,6.0
Maize,103.511,47.836,27.116,22.639,71.578,662.733,6.704
Potato,90.074,75.481,91.86,19.068,65.906,642.382,5.389
Potato,96.166,68.045,99.115,19.406,64.339,659.916,5.276
Potato,102.039,71.429,97.912,18.113,69.17,668.275,5.253
Wheat,90.341,34.185,27.156,17.427,61.046,523.552,6.683
Sugarcane,102.072,40.517,92.931,24.792,73.622,1414.854,6.504
Maize,97.192,45.593,46.582,23.433,62.897,838.099,6.626
Sugarcane,104.592,45.327,92.459,25.958,78.892,1721.925,6.604
Soybean,25.982,50.039,68.463,25.772,65.592,635.343,6.511
Maize,120.0,30.0,60.0,21.0,75.0,1000.0,5.5
Tomato,93.561,69.663,80.681,22.49,75.581,595.025,6.732
Cotton,92.134,48.844,31.901,24.189,55.364,921.17,6.94
Rice,98.841,27.568,62.52,25.754,83.302,1904.825,6.526
Rice,95.85,26.428,57.643,23.16,83.307,1731.239,6.237
Wheat,91.111,30.138,36.126,17.872,58.663,469.317,6.855
Sugarcane,106.296,40.494,88.161,24.327,78.531,1787.664,6.744
Rice,100.973,29.943,61.887,26.808,78.087,1996.727,6.003
Wheat,81.254,30.668,30.404,14.127,54.732,481.872,6.453
Potato,104.674,71.364,107.64,20.652,62.416,649.763,5.792
Rice,97.884,29.451,48.319,25.157,85.622,1739.179,6.112
Tomato,97.654,66.255,80.505,21.473,74.23,625.022,6.475
Rice,97.415,27.056,65.259,23.166,81.904,1860.653,6.531
Wheat,79.719,32.065,31.324,16.839,52.302,557.796,7.048
Soybean,32.679,44.991,54.203,25.21,67.211,800.926,6.46
Tomato,98.933,68.171,91.723,22.037,69.406,655.002,6.294
Cotton,100.179,45.8,24.548,24.263,59.61,907.935,6.953
Maize,100.275,44.692,44.694,22.975,68.39,788.861,6.061
Rice,90.999,35.347,59.778,23.063,80.807,1774.798,5.575
Wheat,100.0,40.0,20.0,12.0,65.0,375.0,6.0
Soybean,29.927,44.601,53.792,26.052,66.179,529.025,6.605
Cotton,101.714,51.733,25.285,23.496,55.811,810.032,6.858
Tomato,102.025,71.805,81.36,24.405,64.576,619.53,6.269
Potato,94.306,72.869,100.517,20.252,68.408,591.914,5.62
Rice,102.436,32.043,59.06,27.553,85.019,1842.918,6.25
Maize,95.478,47.563,41.718,23.483,67.527,782.442,6.572
Cotton,91.78,50.211,27.306,23.611,58.841,953.162,7.033
Maize,94.55,47.108,39.373,23.337,62.793,649.133,6.826
Wheat,76.974,25.97,35.784,21.851,57.946,494.725,6.675
Sugarcane,103.23,40.967,76.428,24.347,78.23,1601.686,6.253
Sugarcane,84.294,43.197,92.32,23.344,81.372,1934.768,6.747
Soybean,20.0,60.0,80.0,30.0,55.0,900.0,6.0
Tomato,114.335,69.267,83.98,22.442,68.817,606.023,6.242
Wheat,78.007,27.861,27.329,15.943,54.319,593.327,7.273
Rice,90.822,32.117,58.519,22.549,79.961,1914.189,6.279
Tomato,80.0,60.0,100.0,28.0,80.0,500.0,6.0
Soybean,40.0,60.0,80.0,20.0,75.0,450.0,7.0
Potato,102.735,66.905,101.847,19.886,65.226,635.181,5.764
Soybean,33.299,44.972,57.966,21.768,63.578,596.576,6.714
Potato,114.498,66.375,100.754,19.523,63.919,606.073,5.557
Wheat,85.234,26.793,28.29,18.295,52.415,535.438,6.839
Wheat,70.465,32.59,32.004,17.312,54.425,423.134,6.667
Sugarcane,97.901,48.746,76.194,24.08,80.206,1793.413,6.814
Sugarcane,120.0,30.0,100.0,21.0,70.0,1200.0,6.0
Maize,99.246,52.544,46.45,23.679,65.017,766.282,6.621
Tomato,89.801,66.541,82.757,22.023,64.939,709.999,6.333
Rice,90.878,29.368,54.535,25.186,81.528,2059.674,6.169
Sugarcane,97.331,40.333,74.986,23.59,81.977,1916.111,6.518
Sugarcane,102.124,47.321,76.921,23.422,82.077,1431.728,6.464
Soybean,32.553,48.898,69.513,24.464,62.647,645.88,6.405
Soybean,20.0,60.0,80.0,20.0,55.0,900.0,7.0
Sugarcane,102.423,47.878,89.973,24.414,79.069,1925.894,7.311
Soybean,25.461,50.733,54.733,27.718,59.646,703.836,6.354
Soybean,29.371,49.896,73.511,27.056,65.867,683.23,6.55
Sugarcane,107.092,50.079,71.123,23.287,79.907,2062.578,6.56
Cotton,80.0,60.0,40.0,21.0,45.0,600.0,7.5
Wheat,73.186,27.074,35.354,20.758,54.548,514.176,6.546
Potato,90.446,75.731,106.909,21.253,57.418,626.705,5.718
Soybean,28.915,46.437,50.482,22.215,70.876,509.042,6.699
Tomato,105.706,67.103,78.263,24.58,74.957,592.881,6.419
Soybean,32.961,51.219,60.371,26.875,63.902,628.661,6.729
Tomato,80.0,80.0,60.0,18.0,80.0,750.0,6.0
Sugarcane,80.0,60.0,100.0,27.0,70.0,1200.0,7.5
Tomato,80.0,80.0,60.0,28.0,80.0,750.0,6.0
Cotton,105.991,49.703,31.47,22.804,54.406,1009.729,6.993
Wheat,83.46,35.87,31.741,22.757,58.004,429.736,7.403
Rice,92.943,29.583,69.876,23.761,80.444,1900.288,6.281
Cotton,112.951,47.693,22.148,25.03,60.002,1065.922,7.01
Rice,96.553,32.28,55.906,22.319,84.171,2015.387,5.985
Cotton,111.685,52.643,32.13,22.263,52.358,1038.935,7.5
Rice,99.813,30.752,66.318,23.148,79.57,1738.335,6.096
Cotton,110.264,51.681,37.138,23.644,49.558,1005.318,6.29
Potato,94.874,65.518,95.131,20.404,65.281,702.424,5.871
Cotton,100.76,53.751,34.616,23.589,56.412,904.501,6.461
Rice,102.064,31.965,52.328,24.854,84.851,1983.246,6.071
Cotton,113.313,49.965,32.354,24.52,53.039,1005.916,6.538
Maize,120.0,30.0,60.0,21.0,75.0,1000.0,7.5
Potato,95.952,74.671,107.178,18.2,65.178,608.225,5.711
Wheat,89.607,28.541,27.581,17.313,54.358,508.331,6.542
Sugarcane,80.0,60.0,100.0,21.0,70.0,2250.0,6.0
Tomato,99.136,69.488,77.249,20.825,70.249,591.554,6.33
Sugarcane,90.578,34.475,69.349,25.021,76.039,1818.606,6.989
Potato,120.0,60.0,120.0,25.0,55.0,750.0,5.0
Cotton,113.768,45.504,28.603,24.098,53.989,1007.397,6.673
Sugarcane,96.474,49.621,73.439,23.977,75.88,1397.732,6.712
Potato,92.707,67.334,95.815,19.315,64.948,664.94,5.865
Tomato,120.0,80.0,100.0,18.0,60.0,500.0,6.0
Sugarcane,107.628,46.135,76.914,23.866,82.659,1884.052,6.465
Wheat,83.646,32.233,21.11,18.355,61.944,573.281,6.288
Rice,120.0,40.0,40.0,30.0,90.0,1500.0,7.0
Maize,95.228,45.501,30.029,24.116,61.889,713.127,6.848
Sugarcane,100.314,46.224,75.118,23.648,78.983,1633.883,6.833
Sugarcane,88.558,41.419,86.047,24.061,80.102,1748.303,7.298
Potato,104.839,69.634,107.648,23.39,61.354,657.062,6.076
Maize,95.432,42.201,42.408,25.338,68.508,788.001,6.056
Potato,101.584,69.965,96.465,21.566,63.329,637.826,5.799
Maize,99.085,48.681,29.635,23.41,61.212,897.626,6.792
Tomato,93.866,69.22,74.862,20.975,67.276,577.084,6.43
Tomato,97.842,71.417,90.935,25.811,65.456,610.428,6.239
Tomato,98.605,72.368,83.082,21.622,68.914,615.545,6.625
Cotton,80.0,40.0,20.0,21.0,45.0,600.0,7.5
Potato,100.931,72.889,96.923,17.428,69.753,578.162,5.837
Soybean,28.012,47.944,56.455,24.981,60.733,756.327,6.476
Sugarcane,106.21,43.494,86.589,24.628,76.943,1947.478,6.433
Cotton,108.151,46.768,30.001,24.955,58.048,979.485,6.826
Soybean,40.0,60.0,80.0,20.0,55.0,450.0,6.0
Sugarcane,104.429,50.242,73.056,23.311,76.956,1757.269,6.706
Maize,88.29,43.801,48.579,22.09,60.735,663.997,6.479
Potato,80.0,60.0,120.0,15.0,75.0,750.0,6.5
Maize,108.814,48.179,32.063,24.162,70.494,734.897,6.649
Sugarcane,106.602,45.87,92.78,25.098,77.123,2132.874,6.224
Cotton,106.074,46.394,31.234,23.208,56.488,762.481,6.473
Cotton,100.621,51.542,28.365,23.07,55.609,797.041,7.02
Tomato,120.0,80.0,60.0,18.0,60.0,500.0,6.0
Soybean,40.0,40.0,80.0,30.0,55.0,900.0,7.0
Maize,104.607,52.18,36.904,24.485,64.201,780.457,7.022
Rice,80.0,20.0,40.0,20.0,75.0,1500.0,5.0
Wheat,60.0,40.0,20.0,12.0,45.0,650.0,6.0
Wheat,89.629,25.861,37.991,20.855,55.697,577.816,6.458
Potato,109.598,73.285,100.966,17.398,62.294,581.079,5.759
Sugarcane,84.874,45.892,77.292,23.443,76.787,1702.737,6.629
Sugarcane,106.412,39.114,79.754,21.685,74.378,1933.081,6.842
Soybean,32.027,44.127,57.655,23.589,73.252,624.99,6.512
Cotton,101.553,50.657,33.343,24.576,56.473,973.598,6.294
Soybean,35.621,47.455,64.273,23.426,68.361,623.52,6.339
Tomato,95.452,69.53,77.233,18.631,70.411,617.402,6.712
Rice,93.564,30.178,46.104,26.024,84.385,1843.612,5.173
Tomato,110.599,71.384,77.449,23.243,66.577,606.801,6.447
Potato,80.0,60.0,80.0,25.0,75.0,750.0,6.5
Tomato,86.528,67.483,71.858,26.043,69.966,663.892,6.452
Maize,99.533,43.143,47.216,23.458,68.828,795.183,6.582
Wheat,76.79,30.603,28.347,13.898,58.074,523.638,6.672
Wheat,86.24,22.786,29.715,19.39,55.745,556.553,6.659
Wheat,86.607,27.191,33.328,18.404,53.918,480.027,6.61
Soybean,40.0,40.0,80.0,30.0,55.0,450.0,7.0
Potato,104.276,74.716,102.484,22.254,63.613,616.631,6.049
Sugarcane,95.612,43.322,72.98,24.073,82.196,1888.229,7.147
Wheat,89.234,31.182,29.916,20.329,58.767,474.467,6.731
Maize,94.129,46.751,45.641,23.553,63.58,752.105,6.681
Potato,99.346,68.096,100.905,20.57,61.812,623.774,6.098
Wheat,73.578,26.387,25.56,20.223,55.967,516.144,6.102
Tomato,95.846,69.105,85.843,22.093,63.449,570.788,6.502
Potato,109.729,70.568,104.436,21.802,60.584,663.678,5.643
Sugarcane,97.895,39.542,84.964,22.595,76.214,1818.505,6.593
Soybean,40.0,40.0,80.0,30.0,55.0,900.0,7.0
Soybean,34.775,50.277,72.678,22.501,59.644,749.106,6.364
Wheat,75.589,28.862,35.746,19.935,53.132,509.367,6.743
Sugarcane,96.716,49.048,80.97,24.093,80.609,1620.628,7.091
Sugarcane,99.867,46.43,75.083,25.141,79.041,1563.913,6.635
Rice,95.169,27.154,63.065,26.648,82.601,1714.201,5.547
Wheat,79.587,28.225,26.933,20.617,50.427,500.924,6.776
Cotton,107.26,46.817,30.253,24.553,55.385,936.11,6.418
Maize,100.714,49.24,49.185,23.998,67.718,691.519,6.755
Tomato,98.46,73.163,79.474,22.16,70.661,568.359,6.539
Potato,94.057,72.478,103.688,21.027,71.177,590.473,5.903
Cotton,99.208,49.829,33.893,21.653,55.102,892.05,6.407
Tomato,110.349,71.405,83.02,28.0,71.083,570.737,6.467
Wheat,71.928,33.143,26.002,18.114,54.866,545.295,6.593
Wheat,90.775,30.589,26.983,16.986,48.702,462.108,7.004
Sugarcane,98.939,47.863,83.946,24.875,74.339,1735.133,6.683
Maize,102.203,53.06,36.73,24.395,55.835,746.756,6.396
Potato,80.0,60.0,120.0,15.0,75.0,500.0,6.5
Sugarcane,80.0,60.0,100.0,27.0,70.0,2250.0,6.0
Soybean,32.176,51.389,54.128,25.228,67.957,587.05,6.511
Potato,103.83,67.797,91.307,19.041,67.185,662.05,5.838
Potato,111.498,74.802,99.939,25.0,69.503,647.522,5.501
Tomato,80.0,80.0,60.0,18.0,60.0,750.0,7.0
Rice,103.939,24.728,69.84,25.614,84.616,1803.632,6.271
Potato,95.436,70.422,101.228,20.597,59.308,586.469,5.409
Potato,120.0,80.0,120.0,15.0,55.0,750.0,5.0
Sugarcane,120.0,60.0,60.0,27.0,70.0,2250.0,7.5
Potato,98.472,78.858,90.437,20.913,61.503,618.44,5.787
Tomato,105.894,68.218,84.36,20.785,63.977,615.459,6.239
Tomato,92.605,73.257,79.408,21.355,74.455,685.97,6.544
Soybean,33.257,51.515,59.379,24.534,67.597,759.939,6.489
Wheat,79.353,34.754,35.698,21.703,57.617,454.949,6.872
Sugarcane,102.598,43.175,72.94,23.983,79.156,1832.67,6.924
Sugarcane,85.662,51.26,80.52,24.206,75.253,1566.964,7.016
Soybean,33.843,53.506,58.196,24.291,70.806,662.616,6.274
Tomato,98.939,74.324,100.0,25.033,68.116,651.241,6.612
Cotton,96.759,51.165,33.067,24.669,56.162,964.213,6.922
Maize,107.45,52.556,37.537,24.292,68.73,711.101,6.789
Sugarcane,120.0,30.0,100.0,21.0,88.0,2250.0,7.5
Rice,97.636,22.093,56.429,23.498,86.439,1662.153,5.52
Wheat,79.159,27.808,30.215,19.861,54.212,491.729,6.709
Potato,100.952,69.865,105.08,22.101,69.414,684.103,5.561
Maize,106.249,41.079,52.175,22.866,69.428,695.293,7.171
Cotton,90.282,57.753,30.237,24.499,53.198,834.737,7.228
Rice,96.714,23.966,55.982,23.179,78.882,2090.295,6.091
Maize,120.0,30.0,20.0,21.0,55.0,500.0,7.5
Maize,111.73,40.483,35.098,23.03,66.078,635.579,6.34
Cotton,103.625,54.765,24.569,25.902,49.758,780.169,6.595
Rice,96.919,32.215,66.218,25.807,81.848,1611.539,6.256
Soybean,27.281,49.42,54.87,24.668,64.604,813.323,6.457
Tomato,120.0,60.0,100.0,28.0,60.0,750.0,6.0
Wheat,78.86,25.611,26.544,17.35,58.786,510.982,6.629
Sugarcane,95.962,51.404,76.062,25.398,75.852,1673.741,7.1
Soybean,31.804,48.595,65.594,23.405,65.363,891.246,6.083
Soybean,31.244,51.269,76.034,27.754,70.595,615.179,6.865
Rice,106.237,23.895,57.763,21.682,78.762,2045.483,6.298
Wheat,79.647,33.872,27.641,15.028,54.887,571.898,6.79
Potato,97.171,72.032,106.847,20.04,65.197,609.959,5.624
Potato,84.577,73.261,103.435,20.254,62.706,665.215,5.686
Wheat,100.0,40.0,20.0,25.0,65.0,375.0,6.0
Soybean,33.791,48.582,67.591,23.293,64.06,655.357,6.583
Maize,113.148,44.054,60.0,23.772,65.851,716.852,6.624
Potato,104.969,70.496,101.282,20.164,62.373,596.414,5.575
Maize,102.35,46.695,37.535,23.404,57.712,830.728,6.649
Sugarcane,109.007,43.127,82.774,24.028,82.889,1447.673,6.934
Sugarcane,103.135,42.213,76.972,22.587,78.142,1820.381,6.733
Tomato,80.0,60.0,60.0,28.0,80.0,500.0,6.0
Soybean,33.406,49.802,48.231,23.509,61.812,651.26,6.57
Potato,103.013,69.217,94.738,19.547,70.139,644.47,5.428
Tomato,80.0,60.0,60.0,18.0,60.0,500.0,6.0
Wheat,78.434,32.138,30.03,19.33,52.277,607.393,6.605
Sugarcane,104.813,42.03,80.018,24.676,82.339,1881.661,6.769
Sugarcane,86.361,39.032,67.945,24.632,76.921,1639.393,6.696
Potato,95.546,72.769,92.154,20.405,65.085,671.9,5.604
Sugarcane,93.863,46.907,79.887,25.372,79.87,1708.125,7.095
Cotton,97.854,51.686,32.263,22.755,51.922,1054.702,6.823
Cotton,80.0,60.0,40.0,27.0,45.0,600.0,7.5
Rice,80.0,40.0,40.0,30.0,90.0,2250.0,7.0
Sugarcane,93.936,35.91,84.58,23.131,81.601,1969.549,6.364
Wheat,100.0,20.0,20.0,12.0,65.0,650.0,6.0
Potato,90.751,67.436,87.929,20.241,72.546,623.152,5.775
Wheat,79.855,27.786,30.43,19.075,53.749,553.925,7.072
Maize,104.997,39.96,33.886,24.606,64.125,735.888,6.924
Tomato,97.42,68.009,91.002,21.774,65.593,658.169,6.464
Soybean,28.384,52.432,53.781,24.91,63.738,736.492,6.641
Cotton,95.425,48.107,28.206,23.015,49.163,853.706,6.968
Soybean,31.52,45.464,55.842,27.386,69.34,707.811,6.178
Maize,88.964,47.644,42.52,25.908,67.826,714.757,6.773
Rice,80.0,40.0,40.0,20.0,90.0,2250.0,5.0
Soybean,28.965,50.373,62.793,26.136,62.888,556.815,6.712
Tomato,94.483,71.402,83.436,20.721,70.584,620.101,6.591
Cotton,102.721,48.774,29.477,24.429,60.653,846.915,6.561
Tomato,92.306,65.079,75.892,20.692,65.391,650.898,6.499
Maize,90.941,50.366,37.292,22.971,64.276,773.112,6.335
Cotton,108.138,47.041,33.217,24.733,55.916,867.13,6.503
Potato,107.169,70.211,109.967,17.098,71.741,714.657,5.864
Rice,104.572,28.83,53.185,24.84,85.32,1589.908,5.501
Rice,112.242,29.324,62.507,22.525,85.476,1779.936,5.813
Wheat,60.0,40.0,20.0,12.0,65.0,375.0,6.0
Wheat,78.071,28.448,28.916,20.558,52.382,592.022,6.419
Maize,95.861,48.931,46.507,23.845,69.77,864.039,6.581
Rice,90.286,28.934,56.864,23.935,81.812,2061.868,5.711
Sugarcane,120.0,60.0,100.0,21.0,70.0,2250.0,7.5
Tomato,108.343,74.402,85.734,21.854,67.278,616.248,6.284
Sugarcane,94.045,43.884,66.965,23.585,78.211,1536.978,6.937
Sugarcane,95.289,37.634,84.506,24.346,74.982,1682.84,6.704
Tomato,100.074,62.047,78.73,21.745,73.06,666.46,6.596
Maize,98.842,45.461,38.992,23.969,60.189,669.781,6.45
Rice,99.204,24.597,44.371,26.571,80.038,1818.059,5.538
Rice,80.0,40.0,80.0,20.0,75.0,2250.0,7.0
Sugarcane,95.504,52.957,85.423,23.374,76.833,1685.133,6.667
Maize,80.0,60.0,20.0,21.0,55.0,500.0,5.5
Soybean,25.155,47.177,58.097,24.413,65.507,698.433,6.788
Maize,120.0,30.0,60.0,27.0,75.0,1000.0,7.5
Tomato,94.546,68.453,83.994,24.905,79.007,605.597,6.431
Soybean,30.415,47.64,57.993,25.149,65.592,707.907,6.5
Maize,107.271,56.053,39.186,21.807,63.173,852.656,6.684
Sugarcane,102.137,55.318,88.004,24.834,79.394,1548.995,7.032
Rice,97.522,27.023,60.076,24.501,79.962,2131.094,6.595
Sugarcane,85.8,37.935,75.049,23.107,79.868,1867.011,6.718
Soybean,33.235,57.373,54.909,27.662,70.304,657.58,6.579
Soybean,24.0,48.79,59.532,26.968,67.098,718.788,6.351
Cotton,98.53,53.517,27.961,23.425,52.18,786.249,6.882
Maize,112.83,36.678,56.626,23.085,68.269,830.875,6.168
Maize,101.784,43.476,36.488,23.754,68.829,688.999,6.479
Soybean,40.0,40.0,80.0,20.0,75.0,450.0,6.0
Sugarcane,110.703,45.668,91.295,22.775,79.554,1656.105,6.785
Wheat,84.02,27.936,32.367,16.536,53.091,488.258,6.482
Sugarcane,80.0,60.0,100.0,21.0,70.0,1200.0,6.0
Soybean,22.77,55.216,60.578,26.688,66.688,783.03,6.535
Rice,80.0,20.0,80.0,30.0,90.0,1500.0,5.0
Potato,90.304,77.107,101.584,20.761,63.592,559.916,5.729
Wheat,100.0,40.0,40.0,25.0,45.0,375.0,7.5
Cotton,120.0,60.0,40.0,21.0,45.0,600.0,7.5
Rice,102.093,27.222,49.403,21.545,79.707,1817.666,5.902
Sugarcane,96.327,39.332,69.591,23.885,81.449,1483.451,6.818
Cotton,103.863,46.936,25.921,25.158,55.056,745.094,6.304
Sugarcane,101.249,43.313,66.494,24.527,77.879,1861.141,6.87
Rice,101.53,32.452,62.496,26.053,78.989,1916.38,5.899
Tomato,95.889,73.089,67.314,19.69,70.011,629.005,6.567
Potato,80.0,60.0,120.0,15.0,55.0,750.0,6.5
Cotton,80.0,60.0,40.0,27.0,65.0,1200.0,7.5
Tomato,96.444,65.515,76.189,24.962,70.303,594.173,6.706
Wheat,100.0,20.0,40.0,12.0,45.0,650.0,6.0
Soybean,20.0,60.0,40.0,30.0,75.0,900.0,7.0
Soybean,27.041,55.749,62.429,25.028,66.334,704.289,6.81
Sugarcane,91.821,42.422,77.897,26.049,78.435,1516.828,6.735
Maize,105.081,43.6,52.11,23.119,65.725,747.015,6.467
Maize,94.735,41.504,38.896,22.938,60.911,745.794,6.203
Tomato,103.516,64.074,89.415,23.266,69.854,581.885,6.627
Wheat,75.147,34.582,33.755,18.561,53.525,564.059,6.502
Rice,106.751,30.518,62.345,25.089,82.5,1784.805,6.105
Wheat,86.715,28.095,30.731,20.508,51.132,513.066,6.471
Tomato,91.379,66.556,80.343,23.613,64.325,645.72,6.363
Cotton,99.643,46.259,30.782,23.981,57.478,1006.682,6.865
Rice,105.813,28.127,55.892,23.009,79.839,1646.451,6.243
Soybean,33.48,52.567,53.784,23.009,64.476,836.647,6.329
Maize,105.621,37.296,41.993,24.676,61.563,750.764,6.461
Wheat,70.813,28.43,27.759,21.684,53.047,547.245,6.587
Sugarcane,80.0,60.0,60.0,21.0,88.0,2250.0,7.5
Maize,97.813,32.42,25.812,22.982,66.771,759.483,6.561
Rice,97.073,28.685,45.805,25.429,84.614,1678.048,5.78
Sugarcane,98.195,46.209,82.779,24.257,75.395,1680.679,6.852
Potato,120.0,60.0,120.0,15.0,75.0,750.0,6.5
Tomato,120.0,60.0,100.0,28.0,60.0,500.0,6.0
Rice,97.264,29.153,57.481,26.527,78.167,1982.75,5.873
Cotton,101.504,49.187,27.358,22.624,58.775,979.864,7.088
Cotton,90.223,50.281,24.176,23.676,53.303,949.175,7.246
Soybean,33.407,53.984,68.746,24.547,64.982,489.043,6.467
Sugarcane,90.404,47.779,85.326,23.662,79.535,1773.297,6.413
Soybean,30.873,51.673,55.717,22.468,68.191,726.654,6.411
Sugarcane,105.718,41.35,84.001,25.867,76.338,2095.725,6.846
Potato,80.0,80.0,120.0,25.0,75.0,750.0,5.0
Cotton,116.14,50.61,31.145,25.087,56.551,974.691,6.644
Potato,100.865,72.445,94.383,20.183,72.143,604.166,5.963
Potato,91.529,64.241,107.936,18.609,66.111,649.123,5.79
Sugarcane,97.321,47.2,88.233,25.664,76.713,1917.639,6.887
Potato,94.125,68.576,112.491,21.854,68.401,592.231,5.391
Tomato,120.0,60.0,60.0,18.0,60.0,750.0,6.0
Potato,106.682,69.695,93.824,22.568,65.456,619.576,6.137
Maize,120.0,60.0,20.0,27.0,75.0,1000.0,5.5
Soybean,34.65,51.498,59.127,24.271,61.844,820.354,6.509
Potato,103.904,64.049,108.339,21.657,66.748,500.0,5.685
Maize,103.902,45.321,35.508,23.739,65.063,747.11,5.871
Cotton,99.773,50.547,33.107,23.51,50.549,949.323,6.698
Cotton,120.0,40.0,40.0,27.0,45.0,1200.0,6.0
Rice,100.295,27.303,60.451,24.953,82.983,2150.816,5.825
Cotton,120.0,60.0,20.0,21.0,65.0,1200.0,6.0
Tomato,103.626,71.095,75.776,23.709,66.382,651.419,6.73
Soybean,30.762,50.178,64.784,26.456,69.899,585.724,6.75
Maize,109.328,49.772,43.302,24.146,66.311,678.168,6.786
Potato,109.165,71.181,94.294,19.625,62.692,629.066,5.827
Tomato,80.0,80.0,100.0,28.0,60.0,500.0,7.0
Wheat,83.992,30.068,26.684,18.992,58.376,532.241,6.792
Soybean,20.0,40.0,40.0,20.0,75.0,900.0,7.0
Maize,120.0,30.0,20.0,21.0,55.0,500.0,5.5
Wheat,73.059,28.519,33.123,19.753,56.743,462.133,6.615
Sugarcane,85.205,47.274,76.122,24.898,80.225,1420.405,6.817
Wheat,72.369,28.8,25.302,19.816,55.553,437.068,6.838
Tomato,110.016,70.684,69.112,23.339,76.813,571.359,6.505
Potato,80.0,80.0,80.0,15.0,75.0,750.0,5.0
Wheat,100.0,20.0,20.0,25.0,65.0,650.0,7.5
Wheat,77.793,25.434,31.986,19.965,60.95,558.702,6.602
Tomato,88.638,64.762,71.953,23.306,73.587,550.556,6.408
Sugarcane,104.737,43.56,73.764,25.077,75.695,2120.739,6.597
Tomato,94.793,62.87,89.387,23.613,69.9,533.74,6.196
Cotton,97.624,45.196,30.59,25.163,57.807,887.331,6.29
Potato,105.3,69.983,103.374,20.07,57.808,616.659,6.0
Rice,101.202,27.813,68.175,27.632,83.736,1996.708,6.414
Tomato,80.0,60.0,60.0,18.0,80.0,750.0,6.0
Tomato,97.013,72.705,84.275,24.944,68.897,675.105,6.273
Maize,100.028,46.282,42.902,26.077,62.182,821.587,6.569
Soybean,29.988,50.642,53.006,23.657,68.949,558.574,6.574
Wheat,76.311,29.46,30.451,22.223,54.201,514.911,6.534
Soybean,26.347,47.337,67.654,27.086,64.308,694.579,6.7
Cotton,105.068,52.558,30.716,25.034,59.239,928.31,6.721
Tomato,87.886,70.919,93.693,23.764,72.289,607.79,6.459
Soybean,40.0,60.0,80.0,20.0,75.0,900.0,7.0
Rice,104.858,28.078,63.73,25.944,81.126,1734.654,5.605
Soybean,29.202,45.255,54.539,25.528,62.119,694.467,6.788
Sugarcane,96.524,52.325,83.944,25.147,77.249,1733.867,6.851
Cotton,100.701,42.43,28.992,23.636,53.991,844.892,6.501
Soybean,30.006,55.893,62.031,25.557,66.652,740.386,6.576
Cotton,80.0,40.0,20.0,21.0,65.0,1200.0,6.0
Soybean,26.989,52.962,56.262,26.705,59.5,716.148,6.393
Soybean,26.719,46.327,60.078,26.413,69.355,638.583,6.494
Wheat,77.637,26.552,33.294,19.121,52.878,515.826,6.631
Cotton,95.931,57.29,32.11,24.275,51.745,991.125,6.411
Tomato,98.852,71.448,69.98,18.603,71.258,642.966,6.579
Rice,100.083,31.602,62.977,26.109,82.254,1822.088,5.973
Cotton,101.042,53.58,27.268,25.452,58.156,857.059,6.473
Sugarcane,120.0,60.0,60.0,21.0,88.0,1200.0,7.5
Wheat,64.361,29.032,28.981,20.997,60.238,446.033,7.103
Wheat,60.0,20.0,40.0,25.0,65.0,375.0,7.5
Soybean,32.258,46.525,60.664,23.481,65.322,606.935,6.713
Rice,80.0,20.0,80.0,20.0,90.0,2250.0,7.0
Tomato,93.222,68.034,94.413,22.578,67.533,673.024,6.342
Maize,96.181,47.802,38.283,24.573,62.855,728.365,6.823
Cotton,96.504,50.629,29.67,24.058,52.049,957.591,6.854
Rice,80.0,40.0,80.0,20.0,75.0,2250.0,7.0
Sugarcane,90.275,47.917,82.592,25.062,78.178,1474.621,6.162
Rice,109.502,24.58,64.832,27.37,81.358,1887.681,5.331
Potato,98.745,73.027,98.811,23.661,63.292,673.545,5.907
Soybean,26.798,56.573,53.637,23.116,64.377,617.358,6.501
Soybean,24.652,46.572,55.629,25.312,61.401,584.167,6.345
Cotton,80.0,40.0,20.0,21.0,65.0,600.0,7.5
Tomato,120.0,80.0,60.0,18.0,80.0,750.0,7.0
Maize,120.0,60.0,60.0,27.0,75.0,1000.0,5.5
Wheat,84.41,27.081,27.842,19.572,52.92,415.46,6.737
Rice,96.711,30.471,44.498,25.395,87.257,1818.32,6.087
Maize,106.724,47.422,48.118,24.919,70.072,779.9,6.802
Tomato,80.0,60.0,100.0,28.0,80.0,750.0,7.0
Sugarcane,92.446,48.178,79.724,23.104,77.912,1586.486,6.824
Soybean,40.0,60.0,40.0,20.0,55.0,900.0,6.0
Cotton,106.355,52.177,33.665,22.871,49.335,899.581,7.475
Maize,101.647,50.647,37.856,22.942,66.083,722.781,6.448
Rice,92.487,34.429,68.304,26.599,78.713,1978.64,6.135
Maize,107.014,44.681,53.481,24.046,61.913,852.245,6.71
Tomato,110.96,69.926,82.117,22.342,64.443,619.183,6.556
Maize,93.333,46.784,44.979,23.912,68.367,724.641,6.429
Cotton,98.378,54.011,28.53,23.439,54.838,840.463,6.649
Maize,101.194,59.287,42.007,25.606,69.019,780.668,6.17
Maize,80.0,30.0,60.0,21.0,55.0,500.0,7.5
Wheat,78.813,25.288,33.297,12.566,53.512,484.074,6.787
Potato,80.0,60.0,120.0,25.0,55.0,750.0,5.0
Cotton,100.687,45.314,28.454,23.091,58.58,849.16,6.849
Potato,99.959,68.789,91.329,19.167,66.099,621.407,5.765
Wheat,79.418,27.69,27.883,20.315,54.86,464.55,6.329
Potato,120.0,80.0,120.0,15.0,75.0,500.0,6.5
Tomato,101.55,65.633,76.253,22.379,71.974,585.531,6.45
Cotton,101.488,53.86,36.131,25.512,58.049,885.127,6.594
Wheat,60.0,20.0,20.0,12.0,65.0,650.0,7.5
Potato,91.969,73.279,104.324,19.365,66.775,618.421,5.475
Rice,106.966,30.227,57.252,21.987,82.071,1680.077,6.322
Soybean,40.0,60.0,40.0,30.0,75.0,900.0,6.0
Sugarcane,103.672,44.535,75.567,22.657,81.201,1843.887,6.633
Maize,91.026,37.221,51.099,23.91,62.842,727.167,6.008
Wheat,80.262,30.176,37.759,19.866,53.024,543.898,7.285
Wheat,92.026,30.449,28.963,21.427,57.377,467.471,6.492
Maize,109.567,52.451,42.393,24.046,69.427,890.199,6.878
Maize,109.083,35.52,49.474,24.936,59.849,724.733,6.865
Rice,120.0,20.0,80.0,20.0,75.0,1500.0,7.0
Soybean,26.599,46.454,67.244,25.413,66.595,693.357,6.555
Potato,90.366,66.888,109.182,20.812,62.955,619.339,5.686
Rice,80.0,20.0,40.0,30.0,75.0,1500.0,7.0
Cotton,102.288,51.955,30.53,24.524,56.529,807.193,6.843
Cotton,115.834,43.998,25.855,24.217,60.898,920.217,6.926
Sugarcane,80.0,30.0,60.0,21.0,88.0,2250.0,6.0
Soybean,28.413,53.651,60.803,22.928,63.345,751.63,6.465
Sugarcane,99.851,39.87,92.422,24.154,82.233,1730.232,6.771
Wheat,79.472,29.325,31.245,14.105,56.789,650.0,6.719
Potato,99.088,76.525,101.148,20.888,63.452,592.315,5.744
Rice,98.743,32.706,53.535,24.706,80.771,2062.754,6.25
Sugarcane,80.0,60.0,100.0,21.0,88.0,2250.0,6.0
Tomato,98.254,69.459,68.724,21.17,68.407,596.986,6.52
Soybean,40.0,40.0,80.0,30.0,55.0,450.0,7.0
Sugarcane,103.865,43.487,70.469,24.207,82.284,1787.005,6.0
Cotton,87.618,48.802,28.289,25.581,56.439,782.278,6.632
Maize,94.375,38.251,45.816,24.186,68.831,746.272,6.032
Maize,105.016,50.704,39.987,24.303,66.705,761.805,6.368
Sugarcane,92.921,45.429,87.117,24.128,77.171,1703.449,6.237
Potato,120.0,80.0,80.0,15.0,75.0,500.0,5.0
Tomato,110.795,72.46,84.725,26.753,62.219,605.653,6.641
Tomato,90.018,71.969,84.196,25.075,77.061,554.477,6.435
Wheat,81.228,27.393,26.695,16.016,53.541,523.94,6.272
Soybean,21.957,48.079,65.87,24.533,69.15,753.731,6.274
Maize,80.0,60.0,20.0,27.0,75.0,1000.0,7.5
Soybean,34.06,46.715,68.54,24.926,70.307,675.248,6.159
Sugarcane,103.674,52.864,86.647,26.68,88.0,1417.332,6.201
Rice,104.917,26.888,58.63,23.417,81.652,1980.039,5.424
Tomato,110.045,66.742,87.19,22.273,69.915,648.41,6.4
Rice,96.225,27.918,68.834,25.55,81.971,1937.34,5.298
Rice,94.768,30.461,58.7,25.796,84.473,1951.056,5.929
Sugarcane,104.69,43.956,77.817,23.069,77.17,1971.566,6.465
Soybean,27.28,49.459,55.003,24.675,64.249,746.569,6.352
Tomato,103.694,65.185,81.637,22.9,74.097,602.481,6.46
Rice,95.863,24.726,55.036,24.909,85.414,1745.427,5.972
Tomato,108.327,70.143,69.589,23.907,68.678,689.16,6.399
Rice,80.0,40.0,40.0,20.0,75.0,1500.0,7.0
Maize,89.22,42.332,45.928,23.458,62.687,598.221,7.084
Soybean,25.999,51.914,57.161,25.379,64.583,741.853,6.537
Sugarcane,89.724,46.105,74.962,24.855,80.64,1797.546,6.348
Potato,95.779,73.561,106.009,21.483,64.483,606.779,5.533
Maize,106.493,42.69,31.144,25.977,62.985,702.63,6.478
Rice,92.031,34.417,59.704,27.151,83.527,1972.82,5.7
Rice,93.335,26.528,67.365,24.313,78.958,1930.477,6.154
Maize,105.073,43.235,45.341,24.149,69.294,725.399,6.656
Rice,100.376,30.818,48.157,23.91,83.038,1746.934,6.303
Wheat,76.246,31.59,28.927,17.095,55.172,459.931,6.857
Potato,104.882,67.86,98.4,19.925,70.479,649.354,5.846
Potato,109.531,73.032,96.085,18.285,66.78,591.983,6.119
Maize,97.57,42.897,36.441,24.007,63.216,628.129,6.76
Sugarcane,80.0,60.0,100.0,27.0,70.0,2250.0,6.0
Potato,89.036,68.74,87.971,21.096,67.987,664.238,5.872
Wheat,85.638,23.529,28.729,20.688,50.162,523.004,6.766
Tomato,80.0,60.0,60.0,28.0,60.0,750.0,6.0
Rice,80.0,40.0,80.0,20.0,90.0,2250.0,5.0
Wheat,84.558,26.962,35.771,19.662,53.714,481.871,6.814
Tomato,102.332,66.605,78.709,20.095,70.118,616.734,6.404
Maize,96.264,46.792,34.042,21.745,66.357,793.259,6.433
Potato,95.993,72.532,97.72,19.615,68.036,591.402,5.728
Sugarcane,98.899,40.713,82.234,23.711,76.286,1902.48,6.775
Wheat,100.0,20.0,20.0,25.0,65.0,375.0,7.5
Rice,97.144,28.826,63.549,25.609,83.532,1928.853,6.714
Sugarcane,103.007,42.584,81.893,23.228,73.86,1664.709,6.931
Maize,96.922,47.936,43.966,23.275,65.539,933.237,6.494
Rice,120.0,20.0,80.0,20.0,90.0,2250.0,7.0
Sugarcane,96.201,41.501,62.927,22.991,83.807,1789.505,6.656
Soybean,33.241,48.573,53.569,22.385,73.051,605.746,6.289
Maize,94.622,47.759,42.843,23.439,68.698,676.428,6.305
Rice,90.932,31.302,63.635,25.386,84.913,1885.983,6.131
Tomato,106.716,64.441,76.976,24.748,75.234,592.779,6.352
Maize,112.352,41.065,22.928,23.554,66.861,762.626,6.592
Rice,101.324,31.631,58.272,25.104,82.769,1901.887,6.258
Tomato,86.357,71.466,63.543,22.622,72.847,650.929,6.284
Cotton,110.404,52.503,31.747,25.883,54.676,906.308,6.747
Cotton,120.0,60.0,20.0,27.0,45.0,1200.0,7.5
Sugarcane,120.0,30.0,100.0,21.0,88.0,1200.0,7.5
Cotton,98.221,49.441,31.698,23.763,56.334,928.061,6.781
Tomato,95.98,72.053,92.417,23.786,71.888,653.006,6.257
Soybean,29.648,51.719,58.56,26.096,64.781,630.337,6.319
Sugarcane,106.134,35.338,70.17,24.593,78.145,1987.601,6.904
Rice,103.925,28.513,66.535,25.469,80.756,1766.758,5.451
Wheat,100.0,40.0,40.0,25.0,65.0,650.0,6.0
Sugarcane,94.478,53.122,93.785,24.165,86.772,1605.968,6.437
Maize,80.0,30.0,60.0,21.0,55.0,1000.0,5.5
Wheat,70.653,27.499,34.995,18.052,57.348,398.89,6.892
Soybean,27.425,46.989,62.231,24.291,60.223,865.858,6.494
Maize,102.098,44.156,29.454,24.01,61.331,605.468,6.546
Wheat,73.756,30.04,30.044,15.538,53.202,497.683,6.853
Potato,107.494,73.509,102.587,17.995,69.981,614.072,6.201
Wheat,100.0,20.0,40.0,12.0,65.0,650.0,7.5
Sugarcane,101.16,39.847,80.635,24.77,79.289,1967.281,6.206
Soybean,33.195,51.72,55.918,22.251,61.91,624.657,6.375
Rice,96.264,30.103,58.32,23.69,81.775,1899.798,5.744
Soybean,33.175,50.453,58.048,23.051,66.005,658.603,6.65
Cotton,96.236,44.14,34.601,23.93,49.144,807.573,6.431
Sugarcane,100.127,40.15,82.344,24.237,81.881,1870.521,6.723
Soybean,29.678,54.694,67.245,24.791,70.212,580.568,6.338
Rice,98.936,27.824,63.656,25.313,78.88,1866.502,6.087
Rice,100.604,32.146,46.332,24.919,80.392,1722.648,5.707
Cotton,84.527,52.771,28.751,23.739,57.77,1039.701,6.884
Rice,120.0,40.0,80.0,20.0,75.0,2250.0,7.0
Maize,93.315,58.656,43.939,22.894,64.86,755.621,6.782
Wheat,69.299,24.734,28.887,18.119,50.151,484.691,6.65
Sugarcane,80.0,30.0,100.0,21.0,88.0,1200.0,7.5
Rice,80.0,20.0,40.0,30.0,75.0,1500.0,7.0
Cotton,114.391,57.068,26.486,23.086,51.469,1005.705,6.65
Soybean,29.879,47.419,51.945,27.112,61.639,730.94,6.569
Sugarcane,102.797,48.098,84.535,23.154,77.404,1762.713,7.066
Cotton,96.596,50.274,27.806,24.724,49.646,988.999,6.76
Maize,86.001,41.072,48.03,24.079,60.277,946.318,6.49
Soybean,34.125,49.286,67.275,22.674,64.597,713.23,6.485
Potato,80.0,80.0,120.0,15.0,75.0,500.0,5.0
Soybean,20.0,60.0,40.0,20.0,75.0,450.0,7.0
Sugarcane,96.121,47.278,85.227,26.277,83.221,1757.886,6.527
Potato,94.141,71.166,102.001,18.585,70.293,612.685,5.502
Maize,120.0,60.0,20.0,21.0,75.0,1000.0,7.5
Potato,104.503,69.486,96.238,18.624,64.455,584.257,6.189
Sugarcane,108.48,43.778,75.12,22.872,81.312,1497.774,6.783
Tomato,92.122,75.093,83.074,22.364,66.181,710.309,6.496
Tomato,103.889,74.231,85.934,25.167,69.632,589.055,6.852
Potato,97.779,60.0,110.232,18.842,64.195,615.821,5.554
Sugarcane,91.463,47.011,88.059,24.139,76.609,1632.448,6.335
Cotton,97.72,51.791,29.295,23.713,61.345,804.901,7.02
Wheat,87.657,27.092,30.795,16.663,54.373,527.249,6.0
Maize,99.241,53.884,41.594,24.27,61.97,784.875,6.455
Cotton,90.296,48.46,25.972,23.395,59.168,838.767,6.93
Rice,108.083,28.921,48.72,24.971,80.244,1832.207,5.973
Rice,120.0,20.0,80.0,20.0,90.0,1500.0,5.0
Soybean,40.0,40.0,80.0,20.0,55.0,900.0,7.0
Maize,106.057,46.451,51.962,22.501,64.974,780.528,6.195
Wheat,84.957,35.484,33.25,13.83,56.878,630.38,6.906
Rice,107.373,26.793,62.318,24.322,81.789,1898.166,6.206
Wheat,100.0,20.0,20.0,12.0,65.0,650.0,6.0
Maize,87.621,41.605,39.95,24.93,62.429,888.115,6.272
Wheat,75.589,33.014,27.689,21.718,53.947,513.44,6.94
Sugarcane,95.503,45.048,74.564,22.688,77.234,1957.082,6.96
Wheat,90.184,33.82,25.827,17.928,51.898,500.239,7.151
Rice,88.781,28.884,61.085,25.977,84.278,1974.168,5.884
Cotton,100.116,45.862,29.6,24.002,51.47,931.217,6.989
Wheat,76.26,31.199,30.454,21.099,61.518,547.303,7.096
Tomato,95.566,73.06,86.032,25.521,64.439,587.201,6.637
Maize,120.0,60.0,20.0,21.0,55.0,1000.0,7.5
Rice,101.528,31.767,55.302,24.701,82.992,1977.566,5.869
Soybean,34.957,51.501,53.893,25.452,68.864,749.459,6.345
Rice,80.0,20.0,80.0,20.0,75.0,2250.0,7.0
Maize,96.458,34.776,31.831,25.501,66.34,686.484,6.443
Tomato,104.894,70.619,76.459,22.048,72.119,525.136,6.633
Rice,80.0,20.0,40.0,30.0,90.0,2250.0,5.0
Rice,80.0,40.0,80.0,20.0,90.0,2250.0,5.0
Cotton,94.748,50.771,32.266,23.512,57.752,720.723,6.489
Soybean,27.906,52.141,71.671,21.432,74.336,690.281,6.597
Sugarcane,109.834,49.56,83.603,25.233,73.25,1864.232,7.016
Wheat,80.076,26.643,35.495,23.352,56.594,512.002,6.426
Tomato,112.255,69.379,70.626,21.746,64.497,652.236,6.327
Sugarcane,105.343,44.887,81.364,23.308,78.453,1932.189,6.574
Cotton,104.636,49.665,28.903,23.891,49.633,919.217,6.409
Soybean,32.2,54.089,75.639,26.178,63.468,579.618,6.805
Maize,91.191,42.765,41.404,25.586,65.74,865.31,6.714
Maize,100.609,49.773,45.394,23.84,64.037,605.099,6.148
Rice,94.733,30.433,59.535,22.778,78.82,1945.644,5.133
Wheat,100.0,40.0,40.0,25.0,45.0,375.0,7.5
Soybean,40.0,40.0,80.0,30.0,55.0,450.0,6.0
Maize,102.424,48.786,45.791,23.64,66.101,848.377,7.13
Soybean,32.947,48.982,59.35,25.602,65.757,723.317,6.553
Wheat,73.762,26.039,24.496,17.991,50.101,466.643,6.652
Sugarcane,84.234,44.6,91.386,24.535,77.454,1782.558,6.993
Tomato,80.0,60.0,60.0,28.0,60.0,750.0,6.0
Potato,104.466,71.843,92.943,20.933,69.423,622.957,5.498
Rice,98.018,30.332,59.426,26.318,83.362,1958.541,5.771
Sugarcane,96.755,43.555,83.801,23.801,82.35,1564.086,6.466
Rice,99.182,33.319,67.061,26.71,82.597,1769.369,5.639
Wheat,83.776,28.014,36.425,17.747,55.442,490.174,7.163
Cotton,104.576,51.747,24.737,23.169,52.791,956.458,6.658
Potato,80.0,80.0,120.0,15.0,75.0,750.0,5.0
Maize,93.613,40.084,41.843,24.996,64.568,755.843,6.69
Cotton,111.443,50.83,35.234,24.792,55.48,935.034,6.295
Maize,93.227,42.389,45.208,25.053,64.764,753.722,6.753
Cotton,98.257,48.327,30.232,25.104,52.32,1008.966,6.775
Sugarcane,102.525,51.102,75.532,23.177,79.048,1718.236,6.704
Tomato,95.13,69.067,74.293,25.715,70.063,632.365,6.419
Cotton,97.502,54.366,30.475,25.029,56.006,846.433,6.783
Potato,120.0,80.0,120.0,15.0,75.0,500.0,5.0
Rice,99.987,31.36,70.779,25.218,79.994,1861.284,5.988
Rice,101.553,30.781,61.802,23.561,82.131,1855.935,6.128
Rice,97.278,25.34,49.709,26.089,81.808,1800.489,6.003
Rice,105.395,30.318,43.757,23.361,84.219,2026.61,6.37
Rice,97.715,25.077,67.115,24.448,85.286,1922.922,5.956
Maize,101.769,41.284,39.193,24.361,67.387,742.176,6.86
Rice,98.041,26.426,64.763,28.329,79.558,1770.317,6.078
Sugarcane,87.182,43.787,93.053,23.783,78.677,1871.865,6.755
Soybean,32.202,44.686,62.505,26.088,57.159,689.714,6.616
Sugarcane,80.0,30.0,60.0,27.0,70.0,1200.0,7.5
Rice,99.634,33.776,68.43,22.63,81.719,2044.765,6.169
Rice,80.0,20.0,80.0,30.0,75.0,1500.0,5.0
Tomato,95.409,70.621,66.454,22.978,71.038,613.207,6.588
Wheat,77.478,29.251,30.541,18.227,51.565,510.834,6.999
Rice,101.818,28.128,64.652,25.184,82.503,2059.119,5.183
Rice,108.345,28.262,57.097,24.201,84.477,2062.297,5.847
Soybean,24.495,48.588,58.241,25.175,66.852,689.109,6.457
Soybean,33.383,48.569,53.202,23.247,65.885,810.762,6.569
Maize,89.182,43.207,43.78,23.305,73.402,823.807,6.935
Potato,103.086,70.665,105.443,18.906,61.351,603.236,5.602
Cotton,86.11,55.298,29.32,25.246,48.222,925.657,6.609
Tomato,100.639,70.648,87.6,23.141,74.258,620.098,6.442
Rice,101.934,37.753,70.11,24.489,81.017,1834.307,6.17
Rice,108.315,39.375,48.605,23.769,80.96,1768.648,5.641
Cotton,102.141,46.28,25.868,21.954,51.335,808.092,6.634
Maize,120.0,30.0,60.0,21.0,55.0,1000.0,7.5
Sugarcane,100.21,47.775,72.087,24.01,83.145,2088.562,7.07
Tomato,100.118,70.614,90.314,20.531,66.963,741.853,6.454
Cotton,101.913,56.266,31.906,25.448,57.151,1012.505,7.214
Potato,89.582,72.761,102.668,20.76,69.911,611.836,5.902
Rice,112.7,30.119,71.691,24.845,82.828,1920.684,7.0
Sugarcane,94.294,43.852,88.213,23.575,81.849,1615.564,6.559
Wheat,75.198,29.363,22.149,22.233,54.265,533.381,7.114
Wheat,72.193,31.706,36.915,21.719,49.983,487.9,6.855
Potato,104.018,70.828,85.871,19.805,62.305,606.112,5.415
Rice,80.0,40.0,40.0,30.0,90.0,2250.0,7.0
Maize,88.888,49.5,35.154,25.299,64.06,697.349,6.441
Rice,97.93,29.046,58.734,23.144,83.949,1940.563,5.502
Wheat,81.697,28.373,27.835,18.773,53.635,461.66,6.667
Sugarcane,80.0,60.0,100.0,27.0,70.0,2250.0,6.0
Sugarcane,94.294,48.492,76.973,24.861,79.621,2001.361,7.011
Cotton,105.763,53.244,34.661,24.426,54.633,874.712,6.316
Tomato,115.131,69.933,87.436,21.617,64.417,610.321,6.234
Cotton,94.126,52.325,28.287,24.695,48.868,933.498,6.647
Potato,102.228,74.98,92.568,19.294,70.15,543.027,5.737
Potato,80.0,80.0,80.0,15.0,55.0,500.0,5.0
Potato,97.874,69.231,91.223,20.526,62.459,601.22,5.574
Wheat,79.043,26.64,34.22,20.414,53.981,541.912,6.806
Tomato,120.0,80.0,100.0,28.0,80.0,750.0,6.0
Maize,120.0,60.0,20.0,21.0,75.0,500.0,5.5
Rice,120.0,20.0,80.0,30.0,75.0,1500.0,5.0
Soybean,32.989,49.712,71.328,24.36,62.613,639.888,6.313
Rice,84.111,31.722,45.204,27.45,82.924,1999.959,5.699
Cotton,113.853,47.122,27.352,23.002,59.049,875.708,6.594
Sugarcane,80.0,30.0,100.0,21.0,88.0,1200.0,6.0
Rice,97.754,32.066,62.266,25.527,83.525,1952.017,5.297
Potato,93.809,76.736,108.499,19.661,70.993,592.37,5.801
Wheat,67.398,31.692,33.218,23.978,53.696,487.809,6.473
Rice,91.889,31.117,60.345,25.802,83.769,1950.376,5.876
Soybean,28.696,49.195,65.468,26.247,64.449,639.628,6.767
Potato,103.336,71.607,114.024,20.422,62.73,633.271,5.095
Rice,102.076,28.66,61.627,25.455,79.651,1814.845,6.479
Potato,105.212,69.931,100.058,19.556,69.644,625.1,6.242
Rice,103.029,26.299,56.857,25.44,82.631,1838.479,5.966
Soybean,30.25,51.28,53.565,25.247,69.897,821.827,6.628
Potato,95.38,65.923,105.453,20.932,65.775,716.321,5.909
Maize,92.108,53.214,28.562,22.907,66.391,888.686,6.605
Wheat,100.0,40.0,40.0,12.0,65.0,375.0,6.0
Sugarcane,120.0,30.0,100.0,21.0,88.0,2250.0,6.0
Soybean,29.639,54.707,68.765,23.856,67.728,639.22,6.614
Rice,102.031,26.533,65.003,26.568,77.622,1712.228,6.043
Soybean,30.479,55.02,61.62,24.967,70.087,559.615,6.402
Tomato,99.782,73.688,82.077,21.238,75.408,612.799,6.424
Tomato,91.635,69.14,66.059,20.982,72.118,614.694,6.654
Sugarcane,101.828,39.257,73.619,23.147,82.834,2010.551,6.799
Rice,98.366,26.564,59.62,26.749,80.06,1761.178,6.186
Sugarcane,101.367,46.85,79.485,23.876,82.195,1777.76,6.76
Wheat,83.798,29.878,33.364,20.825,57.162,445.83,6.54
Soybean,28.733,45.241,60.169,23.504,67.882,608.284,6.545
Tomato,90.42,74.568,73.392,22.059,71.871,676.384,6.308
Wheat,75.207,29.117,28.605,20.259,54.625,470.75,6.707
Potato,92.348,64.938,100.414,21.849,66.199,653.346,5.41
Sugarcane,94.899,40.849,76.036,23.804,80.758,1781.078,6.486
Potato,120.0,60.0,120.0,25.0,75.0,500.0,5.0
Soybean,29.421,47.886,62.582,27.321,66.721,751.98,6.685
Maize,101.61,52.204,39.721,25.003,68.598,730.713,6.698
Maize,107.568,48.869,29.292,23.687,65.552,814.902,6.803
Sugarcane,110.843,39.754,89.218,24.537,76.072,1779.6,7.283
Potato,114.049,65.66,89.703,19.863,64.14,670.733,5.912
Rice,91.487,30.233,52.825,23.747,83.493,1944.448,5.793
Wheat,75.894,31.423,29.311,18.781,51.961,548.275,6.388
Sugarcane,98.214,52.491,85.193,24.543,80.481,1927.524,7.005
Wheat,77.178,28.829,38.359,16.83,53.14,650.0,6.855
Cotton,99.816,53.313,31.77,24.116,57.501,1083.994,6.591
Rice,93.726,28.505,63.016,22.39,84.094,1807.654,6.383
Cotton,102.641,44.063,28.942,23.775,59.079,849.377,6.816
Tomato,103.549,72.069,89.139,22.825,62.921,627.38,6.533
Sugarcane,103.513,45.684,81.858,22.569,76.615,2030.083,6.915
Cotton,80.0,60.0,40.0,27.0,45.0,600.0,6.0
Rice,91.814,22.732,57.469,21.995,80.62,1761.362,5.71
Rice,100.156,28.001,70.8,25.606,81.955,2024.202,5.276
Tomato,106.39,67.124,80.875,27.281,66.792,594.839,6.497
Maize,93.903,44.686,44.104,22.547,63.504,875.823,6.142
Soybean,39.496,54.845,60.89,26.431,60.434,556.994,6.505
Cotton,103.317,48.846,24.486,24.456,52.442,921.434,6.788
Potato,98.697,68.552,104.014,20.426,60.648,600.493,5.75
Soybean,31.547,49.669,61.449,22.806,62.552,728.067,6.64
Cotton,112.254,56.248,29.991,24.282,51.73,964.257,7.19
Cotton,86.612,48.755,31.239,25.745,56.893,1012.622,6.448
Potato,100.145,69.516,103.762,19.019,65.486,625.339,5.831
Sugarcane,80.0,30.0,60.0,27.0,70.0,1200.0,7.5
Rice,120.0,40.0,80.0,30.0,75.0,2250.0,5.0
Maize,80.0,60.0,60.0,27.0,55.0,1000.0,7.5
Wheat,79.863,26.471,23.051,18.204,59.826,589.256,6.839
Rice,94.878,30.287,54.706,23.167,83.086,1893.865,6.193
Tomato,99.885,69.729,77.299,24.967,68.25,560.626,6.387
Maize,91.454,45.15,38.112,24.303,65.416,728.736,5.988
Sugarcane,94.282,49.88,73.591,23.932,76.57,1687.571,7.207
Tomato,101.88,71.842,87.944,21.021,65.627,677.351,6.546
Tomato,104.168,67.266,90.615,23.126,71.536,613.85,6.61
Wheat,86.492,28.136,30.359,17.097,56.327,482.621,6.578
Soybean,28.623,47.186,66.881,25.037,68.162,798.462,6.587
Maize,120.0,30.0,20.0,27.0,55.0,500.0,7.5
Sugarcane,107.649,40.784,70.731,23.861,77.985,1620.835,6.453
Cotton,96.31,50.622,24.834,23.43,58.365,828.373,6.954
Cotton,111.532,55.091,31.309,24.135,49.828,878.07,7.198
Tomato,101.036,71.912,75.062,23.323,70.915,560.247,6.542
Maize,103.789,36.144,52.246,22.808,70.095,835.129,6.692
Wheat,84.811,33.612,26.809,18.552,50.395,504.194,6.959
Rice,104.058,22.362,62.029,25.12,83.535,2077.026,5.312
Tomato,120.0,80.0,100.0,28.0,60.0,500.0,7.0
Wheat,100.0,20.0,20.0,12.0,45.0,375.0,6.0
Maize,99.718,40.823,39.608,23.235,65.567,730.313,6.185
Cotton,111.215,50.145,29.59,25.593,54.947,940.03,6.562
Cotton,96.266,54.444,31.934,23.108,61.276,909.739,6.476
Wheat,82.311,35.398,34.8,19.345,53.994,483.359,6.674
Soybean,34.498,50.053,52.671,20.9,68.43,716.857,6.535
Soybean,30.296,49.638,56.945,26.925,66.515,738.435,6.598
Cotton,92.785,47.824,29.012,24.248,55.031,921.037,6.369
Cotton,94.017,55.027,36.859,24.235,52.872,877.836,6.868
Tomato,90.49,71.884,90.833,23.316,73.331,541.842,6.417
Maize,114.894,50.009,49.513,24.085,59.462,596.323,6.585
Wheat,80.997,34.013,31.95,18.382,58.701,628.847,6.829
Sugarcane,107.991,43.186,89.507,24.013,80.945,1822.599,6.544
Soybean,20.0,60.0,40.0,20.0,75.0,450.0,7.0
Maize,120.0,30.0,60.0,21.0,75.0,500.0,7.5
Tomato,107.777,69.679,69.643,25.505,73.763,623.694,6.296
Wheat,80.198,29.12,26.107,20.845,52.433,508.155,6.441
Wheat,73.305,26.86,35.37,19.853,62.068,491.855,6.782
Cotton,91.896,45.268,28.818,22.754,56.735,858.857,6.593
Tomato,108.996,66.087,63.19,22.88,73.741,691.303,6.355
Tomato,96.571,70.792,79.915,22.052,68.246,637.222,6.337
Soybean,25.877,51.276,58.233,22.605,61.485,605.67,6.649
Soybean,34.21,51.764,68.309,25.012,72.447,730.962,6.35
Potato,105.606,67.672,97.424,19.158,67.298,647.685,5.095
Soybean,28.166,53.213,43.7,24.316,64.672,709.696,6.679
Soybean,34.193,53.796,56.236,22.519,60.609,651.621,6.744
Soybean,32.501,49.111,64.02,24.753,63.528,817.283,6.112
Cotton,93.45,54.614,25.814,24.882,57.355,827.425,6.251
Sugarcane,97.602,44.124,83.03,22.966,80.282,1769.769,6.303
Soybean,26.748,51.746,54.676,23.994,58.811,696.813,6.757
Sugarcane,108.934,35.82,88.485,23.12,79.635,1622.089,6.519
Sugarcane,101.149,45.497,75.276,23.206,78.731,1880.076,6.731
Potato,103.657,63.18,94.222,20.949,60.751,640.544,5.402
Cotton,93.811,46.552,33.758,24.027,53.148,848.215,6.609
Potato,120.0,80.0,120.0,15.0,75.0,500.0,6.5
Potato,106.088,70.215,102.67,17.032,57.498,562.441,6.186
Cotton,80.0,60.0,40.0,27.0,45.0,1200.0,6.0
Tomato,96.788,73.2,79.71,25.993,72.207,607.907,6.54
Rice,105.572,31.165,75.884,25.7,83.469,1854.134,6.272
Cotton,97.458,52.015,37.68,22.922,54.499,827.624,6.533
Wheat,76.936,25.957,31.855,16.723,58.66,453.24,6.782
Soybean,26.899,48.441,71.657,22.686,62.56,746.444,6.536
Wheat,77.927,28.743,26.795,18.175,53.125,466.161,7.223
Soybean,34.398,49.756,59.576,22.864,63.475,707.152,6.283
Rice,80.0,20.0,40.0,30.0,75.0,1500.0,5.0
Rice,92.086,28.789,58.303,22.488,80.037,1767.395,6.819
Cotton,100.492,51.863,29.218,23.748,49.264,953.973,6.576
Tomato,110.946,68.42,80.848,24.261,63.108,603.245,6.561
Tomato,101.656,71.112,88.242,25.026,68.497,633.084,6.189
Wheat,83.742,26.727,33.301,21.028,55.62,444.018,6.721
Sugarcane,112.856,46.258,86.009,24.693,79.921,1757.634,6.887
Sugarcane,103.968,39.672,73.818,24.136,76.105,1756.266,7.117
Sugarcane,120.0,30.0,60.0,27.0,88.0,2250.0,7.5
Cotton,120.0,60.0,20.0,21.0,65.0,1200.0,7.5
Maize,100.593,37.677,33.152,23.249,67.813,719.782,6.351
Potato,97.263,67.836,107.031,22.027,61.285,618.831,5.735
Maize,98.231,42.687,26.842,25.06,64.099,811.636,7.287
Maize,120.0,30.0,60.0,21.0,75.0,500.0,5.5
Tomato,105.348,74.318,87.352,22.745,61.909,641.286,6.745
Cotton,101.743,49.446,38.07,23.859,54.069,857.761,6.507
Tomato,96.241,73.438,89.854,21.832,67.59,576.786,6.718
Wheat,82.899,28.519,32.038,21.12,55.449,595.075,6.963
Potato,98.579,70.498,98.225,20.314,64.921,570.268,5.845
Maize,94.813,54.252,37.655,24.776,56.938,856.373,6.99
Soybean,29.44,52.717,57.043,24.324,71.245,553.27,6.714
Soybean,27.477,44.15,65.71,25.765,64.614,606.409,6.481
Soybean,40.0,60.0,80.0,20.0,55.0,450.0,6.0
Wheat,100.0,40.0,40.0,25.0,45.0,650.0,7.5
Rice,113.317,30.441,60.453,25.914,84.739,1625.317,5.439
Sugarcane,94.954,43.35,67.428,23.629,82.071,1848.407,6.728
Cotton,101.749,48.314,36.128,25.885,61.636,805.989,6.892
Rice,105.006,36.069,64.872,22.38,82.333,1728.499,5.827
Sugarcane,86.741,40.035,68.189,22.352,80.279,1686.096,6.685
Wheat,71.99,35.704,30.814,16.836,55.114,392.996,6.479
Rice,91.316,29.829,59.468,27.996,84.736,1876.431,6.083
Rice,97.365,34.891,59.239,28.833,82.727,2098.165,6.119
Cotton,102.523,50.229,32.648,22.43,51.45,872.994,6.389
Tomato,103.14,70.919,84.567,23.223,72.234,656.38,6.527
Sugarcane,109.739,40.997,72.517,24.228,74.722,1963.75,6.633
Potato,106.994,67.633,102.901,18.951,61.611,710.648,5.499
Potato,120.0,80.0,80.0,25.0,55.0,500.0,6.5
Tomato,80.0,80.0,100.0,18.0,80.0,750.0,7.0
Cotton,98.395,51.742,29.146,23.66,58.457,1025.978,7.021
Cotton,88.79,51.174,28.136,23.126,51.184,999.993,6.259
Sugarcane,89.847,55.559,82.168,23.176,80.385,2108.108,6.905
Cotton,108.287,53.555,26.519,23.699,54.25,784.348,6.283
Maize,80.0,30.0,60.0,21.0,75.0,500.0,7.5
Maize,100.29,46.23,39.809,23.947,67.043,704.827,6.184
Sugarcane,120.0,30.0,60.0,21.0,88.0,2250.0,7.5
Potato,99.231,71.408,111.012,19.589,62.445,644.599,5.935
Sugarcane,113.429,50.227,82.427,25.359,80.617,1644.488,6.464
Maize,97.922,41.269,45.798,25.178,68.521,687.065,5.587
Potato,97.712,74.531,93.405,23.213,68.71,610.167,5.678
Cotton,95.17,48.81,36.163,25.01,56.915,938.078,6.709
Rice,98.916,26.459,56.47,23.539,82.264,1655.284,5.511
Sugarcane,100.704,46.354,75.874,24.184,86.616,1930.549,6.678
Cotton,80.0,40.0,20.0,21.0,65.0,1200.0,7.5
Sugarcane,120.0,60.0,60.0,21.0,88.0,1200.0,6.0
Wheat,80.509,29.036,31.604,17.231,55.49,446.387,7.022
Tomato,120.0,80.0,60.0,28.0,80.0,750.0,7.0
Soybean,31.347,53.59,66.96,25.348,66.254,758.155,6.315
Rice,80.0,20.0,40.0,20.0,75.0,1500.0,5.0
Soybean,26.088,55.3,69.276,24.314,63.683,605.903,6.348
Cotton,98.871,52.77,31.802,23.745,57.792,913.986,6.607
Sugarcane,120.0,60.0,60.0,27.0,88.0,2250.0,7.5
Cotton,91.57,49.138,28.803,23.242,55.517,923.989,6.611
Soybean,31.623,50.021,56.514,24.072,61.434,645.319,6.683
Tomato,80.0,60.0,60.0,18.0,80.0,500.0,6.0
Maize,94.343,39.757,34.986,24.222,64.91,767.945,6.667
Tomato,93.3,65.703,82.722,21.167,66.333,659.865,6.588
Tomato,107.561,67.76,78.213,20.828,68.705,732.251,6.63
Tomato,105.203,64.843,71.481,23.857,73.539,618.376,6.595
Wheat,100.0,40.0,20.0,25.0,45.0,650.0,7.5
Wheat,85.787,31.504,37.433,21.211,59.83,640.837,6.94
Wheat,81.544,32.832,28.228,22.607,53.734,472.391,6.502
Rice,106.644,26.688,61.964,26.538,84.15,2114.556,5.746
Wheat,100.0,40.0,40.0,25.0,65.0,650.0,7.5
Potato,112.394,71.586,107.9,19.191,62.096,622.047,5.268
Potato,80.0,60.0,80.0,25.0,75.0,750.0,6.5
Cotton,85.735,49.506,27.473,23.87,52.763,897.926,6.49
Potato,105.334,68.034,107.506,21.339,65.632,600.628,5.777
Soybean,27.66,46.003,61.361,24.077,64.761,657.092,6.426
Potato,107.354,71.697,112.323,22.841,65.999,614.501,5.51
Tomato,93.488,73.67,86.687,23.624,72.941,633.963,6.593
Cotton,107.951,53.483,30.003,25.021,52.763,717.913,6.582
Tomato,98.019,65.36,90.933,26.609,66.473,635.698,6.34
Rice,103.272,34.001,61.929,24.407,83.34,1508.676,6.128
Soybean,40.0,50.69,52.73,24.531,70.172,577.937,6.375
Wheat,83.729,25.109,26.326,16.694,52.151,508.362,6.904
Cotton,120.0,40.0,20.0,27.0,65.0,1200.0,7.5
Cotton,120.0,40.0,20.0,21.0,45.0,1200.0,7.5
Sugarcane,98.806,45.186,81.66,25.199,81.933,1593.795,6.735
Sugarcane,93.942,39.579,81.334,23.656,83.64,1692.666,6.765
Sugarcane,97.047,41.794,79.668,23.24,75.843,1352.591,6.363
Tomato,120.0,60.0,100.0,18.0,60.0,750.0,7.0
Tomato,92.292,72.355,94.578,24.795,69.895,577.747,6.273
Tomato,113.233,67.549,79.204,24.065,72.974,678.232,6.571
Sugarcane,94.504,44.439,88.448,23.677,79.816,1916.215,6.611
Potato,102.779,66.649,89.777,18.13,64.219,583.712,5.693
Soybean,40.0,40.0,80.0,30.0,75.0,450.0,7.0
Tomato,100.03,71.028,68.754,22.684,68.99,667.836,6.193
Rice,80.0,40.0,80.0,30.0,75.0,2250.0,5.0
Potato,99.425,74.355,113.879,19.281,67.779,638.297,5.833
Soybean,30.734,53.334,74.791,27.535,64.204,714.658,6.605
Tomato,97.566,76.576,78.955,25.227,75.656,582.377,6.419
Sugarcane,96.582,41.44,80.668,23.834,82.599,1854.428,6.327
Sugarcane,102.686,46.082,82.697,24.53,78.176,1739.506,7.186
Wheat,60.0,40.0,20.0,12.0,45.0,375.0,6.0
Wheat,75.857,27.915,34.044,20.653,55.696,547.386,6.678
Maize,100.083,49.442,45.267,22.578,60.219,687.038,6.148
Rice,80.0,40.0,80.0,30.0,75.0,1500.0,7.0
Rice,113.685,30.573,57.751,24.763,84.038,1658.666,6.055
Potato,80.0,80.0,80.0,25.0,75.0,750.0,6.5
Maize,105.695,46.155,41.569,22.875,61.775,928.621,6.441
Maize,92.628,45.328,40.768,24.944,65.455,852.366,6.503
Potato,105.661,73.303,90.986,17.468,63.211,682.694,5.805
Rice,98.261,32.8,61.58,24.825,85.91,1845.418,5.406
Tomato,107.912,79.093,83.226,21.942,61.554,554.814,6.759
Potato,101.131,69.611,108.856,20.551,67.732,654.802,5.031
Soybean,25.162,52.687,63.224,24.333,64.789,585.733,6.625
Potato,80.0,80.0,80.0,15.0,55.0,500.0,5.0
Soybean,34.107,54.425,61.904,25.053,63.504,539.439,6.276
Wheat,76.125,31.563,29.393,12.282,53.384,561.954,6.33
Rice,120.0,40.0,40.0,20.0,75.0,1500.0,7.0
Cotton,80.0,40.0,20.0,21.0,45.0,600.0,7.5
Tomato,109.931,68.467,82.806,23.991,75.729,611.79,6.391
Soybean,40.0,40.0,40.0,20.0,75.0,900.0,7.0
Rice,92.91,30.665,49.592,25.905,85.061,1777.103,5.621
Rice,109.045,27.517,55.786,26.027,76.682,1642.351,5.906
Sugarcane,90.098,38.706,80.009,25.199,78.924,1586.46,6.213
Cotton,120.0,60.0,40.0,27.0,65.0,600.0,7.5
Rice,108.667,31.942,71.549,26.962,83.598,2092.992,6.146
Soybean,29.955,48.216,57.423,23.583,67.793,596.352,6.455
Wheat,80.112,40.0,30.504,18.923,49.298,487.592,7.037
Potato,109.371,69.937,101.441,20.374,61.574,629.523,6.016
Soybean,28.031,48.905,57.986,24.182,63.852,764.309,6.298
Tomato,80.0,60.0,60.0,28.0,80.0,500.0,6.0
Sugarcane,99.574,46.804,77.272,23.408,78.274,1643.764,7.295
Soybean,26.818,50.926,67.12,27.882,65.835,754.475,6.298
Wheat,70.671,31.284,29.967,22.648,54.156,566.033,6.433
Rice,107.943,27.679,61.493,25.003,83.205,1787.665,5.97
Tomato,94.797,63.486,91.574,22.104,64.541,662.424,6.379
Maize,100.768,43.478,34.415,24.703,69.124,745.784,6.936
Sugarcane,88.033,43.596,88.587,23.758,78.486,1579.18,6.517
Wheat,76.118,29.068,29.962,19.539,59.797,546.083,6.991
Wheat,77.021,30.54,31.386,18.193,53.781,551.209,6.821
Potato,99.831,69.181,103.584,21.458,66.539,642.811,5.737
Potato,80.0,60.0,120.0,15.0,75.0,750.0,5.0
Wheat,90.47,27.608,29.207,16.161,58.303,608.636,6.31
Potato,103.991,73.648,91.063,20.729,57.945,617.612,6.113
Cotton,120.0,60.0,40.0,21.0,65.0,1200.0,7.5
Maize,102.732,47.906,34.491,24.718,65.378,645.329,6.443
Tomato,95.922,69.858,80.867,22.302,71.767,585.273,6.34
Sugarcane,94.702,43.793,92.471,23.937,75.567,1885.793,6.632
Sugarcane,110.657,37.003,85.844,21.488,83.181,1367.498,7.359
Sugarcane,107.299,43.125,70.373,24.477,79.379,1811.963,6.434
Wheat,83.443,28.695,27.328,16.83,53.206,513.363,6.787
Soybean,33.061,52.188,60.652,22.956,64.703,688.853,6.63
Wheat,78.818,29.912,33.575,20.145,59.433,423.971,6.813
Rice,105.804,34.931,71.962,27.191,82.226,1919.09,6.256
Maize,80.0,60.0,60.0,21.0,75.0,1000.0,5.5
Potato,101.617,71.965,96.818,22.078,66.479,571.368,5.723
Sugarcane,80.0,60.0,100.0,27.0,88.0,1200.0,7.5
Tomato,111.411,62.719,91.988,26.473,70.309,590.674,6.45
Wheat,82.532,32.467,28.169,17.553,56.791,479.775,6.554
Potato,94.796,70.3,100.404,20.723,61.508,651.509,5.289
Rice,80.0,40.0,80.0,20.0,75.0,2250.0,7.0
Tomato,91.898,69.434,73.753,22.538,61.467,578.0,6.744
Soybean,28.704,54.518,57.155,26.189,65.115,754.7,6.532
Potato,97.956,71.373,95.859,21.85,59.634,659.031,5.754
Wheat,85.019,33.573,32.028,18.954,58.665,554.64,6.844
Maize,100.068,45.001,41.731,26.092,66.121,551.829,6.609
Cotton,95.786,50.903,32.238,24.217,52.063,853.644,6.636
Cotton,100.801,55.261,31.846,23.154,60.098,764.488,6.816
Sugarcane,100.527,42.413,73.084,24.013,80.441,1742.108,7.16
Rice,90.353,25.591,53.352,25.666,80.236,1827.73,6.433
Maize,107.095,40.108,58.763,24.375,66.269,793.758,7.126
Maize,96.926,42.834,42.185,24.584,61.975,753.04,5.823
Potato,104.73,73.02,105.1,21.647,71.012,641.244,6.025
Tomato,80.0,60.0,60.0,28.0,60.0,750.0,6.0
Cotton,80.527,53.482,28.86,23.134,53.038,858.519,7.074
Sugarcane,97.37,45.45,88.265,24.677,74.133,1831.403,6.778
Sugarcane,95.358,54.411,81.685,23.206,78.201,1600.062,6.674
Potato,80.0,80.0,120.0,25.0,75.0,500.0,6.5
Potato,92.813,67.236,109.831,19.375,71.309,566.346,5.479
Sugarcane,91.986,43.88,86.21,22.741,75.787,1712.838,7.283
Wheat,60.0,20.0,20.0,25.0,45.0,375.0,7.5
Potato,99.802,67.863,109.195,22.734,64.669,673.794,6.163
Sugarcane,85.91,49.271,90.39,23.836,82.898,1720.755,7.15
Potato,90.128,72.072,107.889,17.964,68.319,663.782,5.585
Potato,95.583,67.279,92.275,21.37,69.004,614.393,5.746
Wheat,77.272,25.324,35.316,18.354,61.359,568.479,6.55
Soybean,32.644,50.687,61.015,28.25,63.725,700.67,6.517
Tomato,91.8,72.224,78.689,23.087,71.854,547.609,6.714
Sugarcane,88.195,52.871,80.904,24.61,81.175,1601.09,6.521
Rice,95.521,34.925,56.383,25.77,77.822,2107.79,6.201
Tomato,99.293,65.346,71.289,23.284,71.831,538.911,6.446
Soybean,32.371,41.911,73.927,27.65,65.724,569.025,6.702
Rice,99.399,26.992,57.967,27.049,80.485,1700.791,6.314
Maize,80.0,60.0,60.0,27.0,55.0,1000.0,5.5
Potato,114.652,66.534,96.023,20.859,68.896,534.83,5.772
Tomato,92.21,66.273,90.971,23.099,70.691,541.193,6.4
Maize,100.129,52.002,40.045,23.231,64.177,637.98,6.635
Cotton,92.791,51.926,32.203,22.706,54.011,1085.606,6.505
Tomato,109.454,70.152,87.275,21.858,74.689,636.401,6.572
Wheat,73.564,24.463,32.731,17.472,52.21,462.365,6.856
Potato,105.989,72.622,93.171,21.387,71.195,623.891,6.125
Maize,98.529,46.506,46.553,21.375,62.227,763.258,6.467
Potato,111.487,67.046,100.262,21.817,65.385,552.196,5.861
Wheat,80.251,31.277,35.727,20.204,59.049,484.514,6.619
Cotton,104.328,48.874,23.763,23.937,50.837,1066.038,6.605
Cotton,96.274,56.515,36.326,23.549,52.753,735.964,6.77
Potato,102.898,75.32,98.753,21.739,62.201,640.515,5.128
Cotton,106.949,52.068,38.034,23.412,56.327,856.188,6.989
Maize,101.603,42.499,30.08,25.086,60.641,816.412,6.266
Rice,101.222,25.918,50.879,27.752,86.809,1852.56,5.872
Maize,105.138,51.338,34.285,23.991,59.249,645.099,6.849
Cotton,120.0,40.0,20.0,27.0,45.0,1200.0,6.0
Cotton,103.341,47.888,30.588,22.662,54.567,647.207,6.358
Sugarcane,100.028,47.315,68.485,22.257,82.92,1627.154,6.378
Maize,114.946,33.796,37.411,23.996,62.396,824.985,6.771
Maize,101.514,53.0,42.816,24.726,68.898,652.527,6.752
Maize,106.234,49.556,39.328,25.387,65.762,802.698,6.594
Maize,120.0,60.0,20.0,21.0,55.0,1000.0,5.5
Rice,98.224,28.061,49.66,25.755,81.375,1740.533,5.815
Tomato,101.15,70.045,78.439,24.713,66.329,581.62,6.329
Cotton,105.149,48.145,35.116,25.316,57.258,815.704,6.495
Soybean,31.867,51.509,61.946,24.213,63.994,693.616,6.471
Tomato,80.0,60.0,100.0,28.0,80.0,500.0,7.0
Tomato,92.421,74.363,81.244,21.884,69.444,603.04,6.719
Rice,80.0,40.0,40.0,30.0,75.0,1500.0,7.0
Tomato,91.908,70.031,88.016,21.996,68.411,615.999,6.595
Tomato,101.151,67.52,84.091,19.869,72.589,624.034,6.419
Tomato,120.0,80.0,60.0,28.0,60.0,750.0,6.0
Soybean,29.049,50.877,71.32,24.162,67.16,608.967,6.156
Cotton,108.903,49.147,28.697,23.871,51.738,882.499,6.471
Wheat,71.31,32.045,25.545,19.58,55.297,482.995,6.964
Tomato,98.384,68.415,86.372,24.121,72.141,689.225,6.439
Tomato,98.104,71.339,85.507,22.073,69.802,673.413,6.316
Sugarcane,105.697,50.451,80.449,22.805,78.113,1472.767,6.769
Sugarcane,80.0,30.0,60.0,27.0,70.0,1200.0,7.5
Rice,120.0,20.0,80.0,30.0,75.0,2250.0,7.0
Tomato,80.0,60.0,100.0,28.0,80.0,500.0,6.0
Rice,80.0,40.0,40.0,30.0,75.0,1500.0,5.0
Potato,99.627,71.5,92.342,20.938,62.597,596.425,5.971
Wheat,79.142,26.648,37.819,20.795,55.91,566.222,6.255
Wheat,60.0,20.0,40.0,25.0,65.0,650.0,6.0
Sugarcane,98.087,56.174,76.591,22.988,78.501,1681.41,6.548
Wheat,60.0,20.0,40.0,12.0,45.0,650.0,6.0
Cotton,94.559,50.901,29.222,23.759,53.292,992.498,6.812
Cotton,91.015,50.858,30.187,23.692,58.64,843.29,6.832
Potato,89.489,69.641,90.567,19.403,70.388,670.552,5.916
Cotton,104.803,40.407,32.229,22.13,53.25,768.698,6.696
Maize,98.285,45.044,45.918,25.122,63.855,752.848,6.6
Sugarcane,108.604,43.069,73.266,24.479,80.524,1767.066,6.819
Maize,97.422,44.913,39.735,24.175,57.142,906.74,6.451
Cotton,108.776,49.374,26.589,23.983,56.162,868.448,6.609
Potato,107.4,69.444,107.736,20.343,64.705,631.593,5.427
Tomato,108.265,69.869,80.878,22.542,68.258,602.204,6.545
Wheat,71.009,29.233,27.477,18.945,50.328,549.764,6.779
Soybean,27.734,54.752,62.501,23.806,64.095,684.975,6.489
Maize,95.362,39.981,44.85,24.171,60.365,734.271,6.002
Wheat,85.995,31.86,29.463,16.197,54.533,467.802,6.872
Soybean,32.054,55.469,61.817,26.309,66.906,817.357,6.562
Sugarcane,102.723,42.757,90.209,22.891,79.948,1853.703,6.672
Tomato,105.27,74.966,76.289,23.923,71.441,625.337,6.246
Soybean,40.0,40.0,40.0,20.0,75.0,450.0,7.0
Cotton,105.056,48.819,34.264,24.0,55.427,746.217,6.911
Wheat,100.0,40.0,40.0,25.0,45.0,650.0,7.5
Rice,91.768,34.808,56.662,22.242,79.887,1747.369,6.017
Sugarcane,99.353,47.066,77.298,23.81,78.444,1669.426,6.64
Wheat,78.34,26.234,27.839,22.309,55.243,466.561,6.671
Potato,95.543,64.521,86.589,18.891,64.482,603.5,5.579
Tomato,120.0,60.0,60.0,18.0,80.0,500.0,6.0
Sugarcane,120.0,30.0,60.0,27.0,70.0,2250.0,6.0
Soybean,28.779,44.438,50.777,24.23,71.714,676.281,6.397
Wheat,100.0,20.0,40.0,25.0,65.0,650.0,6.0
Rice,96.282,32.686,64.516,23.409,84.935,1962.321,6.034
Wheat,60.0,40.0,40.0,25.0,65.0,375.0,7.5
Potato,96.644,72.194,99.293,20.673,66.692,639.48,5.889
Potato,109.424,73.207,94.088,18.739,57.045,651.396,6.027
Potato,87.108,67.426,99.254,18.807,63.05,731.614,5.687
Wheat,73.429,32.235,28.224,18.536,59.723,549.51,6.949
Maize,120.0,60.0,20.0,27.0,55.0,1000.0,7.5
Rice,120.0,40.0,80.0,20.0,90.0,2250.0,5.0
Wheat,81.125,31.263,30.814,17.927,55.954,558.426,6.726
Tomato,100.772,67.892,88.423,25.536,74.6,607.995,6.341
Wheat,71.137,31.899,33.438,18.096,54.542,531.679,6.836
Tomato,120.0,60.0,100.0,28.0,60.0,500.0,6.0
Rice,120.0,40.0,40.0,30.0,75.0,2250.0,7.0
Cotton,80.0,60.0,20.0,21.0,45.0,1200.0,7.5
Tomato,105.548,69.15,89.155,24.247,69.111,618.087,6.555
Tomato,120.0,60.0,60.0,28.0,80.0,500.0,7.0
Tomato,110.203,68.407,82.609,23.69,67.968,591.341,6.441
Wheat,89.955,36.069,29.172,19.451,50.894,541.085,6.625
Cotton,89.537,43.257,30.233,24.298,51.061,1004.603,6.788
Cotton,103.065,50.173,34.48,23.178,48.17,981.033,6.616
Rice,96.585,27.287,64.107,26.882,82.215,1769.98,5.725
Potato,99.281,64.784,97.814,20.245,61.694,652.287,5.971
Tomato,104.237,72.282,77.546,23.489,70.627,650.101,6.601
Potato,103.461,69.046,108.445,20.468,66.266,564.901,5.765
Potato,96.744,76.352,115.721,20.542,65.761,637.285,5.75
Rice,102.42,32.325,75.183,26.618,78.549,1930.833,6.38
Soybean,28.311,49.825,56.707,24.549,62.646,566.295,6.411
Wheat,76.861,28.533,36.584,15.194,56.276,466.905,6.977
Maize,110.402,43.498,46.392,25.232,64.787,732.44,6.39
Tomato,99.333,74.899,80.2,20.941,66.014,630.801,6.312
Tomato,93.867,71.916,79.241,21.428,71.284,622.25,6.395
Potato,102.573,67.667,96.398,19.831,60.036,539.314,5.98
Wheat,60.0,20.0,40.0,25.0,65.0,375.0,7.5
Wheat,78.555,31.92,35.58,19.44,56.515,514.856,6.668
Soybean,29.804,49.545,55.818,21.067,65.235,621.76,6.321
Maize,100.601,40.069,39.629,24.005,68.801,850.619,6.39
Cotton,89.708,44.582,30.643,22.886,54.976,913.843,6.796
Soybean,20.0,40.0,80.0,30.0,55.0,900.0,6.0
Maize,105.569,50.931,41.406,23.824,66.334,511.54,6.601
Rice,108.219,20.74,57.683,23.033,84.511,1790.611,6.135
Cotton,98.368,48.708,27.674,24.248,56.478,943.283,6.506
Cotton,108.909,51.53,28.312,25.04,56.552,1160.337,6.828
Wheat,84.664,26.821,31.235,17.37,54.119,477.808,6.71
Soybean,30.069,44.659,75.29,24.567,65.219,628.032,6.455
Soybean,37.406,50.213,56.218,28.118,63.974,554.612,6.377
Rice,80.0,40.0,40.0,30.0,75.0,1500.0,5.0
Soybean,28.464,51.534,64.415,26.328,64.995,703.767,6.472
Wheat,81.879,25.731,34.109,16.429,55.247,473.185,6.613
Soybean,32.186,51.357,70.312,27.02,71.521,716.937,6.591
Wheat,73.54,27.67,34.185,17.264,54.373,466.115,6.958
Cotton,80.0,40.0,40.0,27.0,65.0,600.0,6.0
Tomato,120.0,80.0,100.0,18.0,80.0,500.0,7.0
Cotton,91.683,47.301,31.308,24.344,52.332,678.924,6.855
Maize,102.505,49.329,44.756,24.589,64.672,770.412,6.855
Tomato,120.0,80.0,100.0,28.0,60.0,500.0,6.0
Wheat,91.665,33.765,23.374,15.218,52.18,439.489,6.761
Maize,89.458,48.521,52.939,24.721,69.873,679.491,6.579
Maize,94.221,51.18,42.076,24.367,69.527,846.362,6.755
Potato,103.425,76.377,104.459,19.492,62.338,634.954,5.742
Maize,80.0,30.0,60.0,21.0,55.0,1000.0,5.5
Rice,114.19,27.262,65.59,23.495,84.829,1923.119,5.948
Wheat,80.918,31.506,29.019,17.975,60.691,636.733,6.449
Rice,102.187,35.758,49.774,26.44,81.679,1867.334,5.649
Soybean,30.962,52.033,57.238,24.903,57.739,703.217,6.516
Tomato,80.0,60.0,100.0,28.0,80.0,750.0,7.0
Potato,98.353,76.155,103.852,19.682,62.714,680.271,5.802
Wheat,85.618,26.967,33.03,18.043,53.534,586.253,6.892
Maize,99.081,45.375,46.928,22.813,64.213,765.726,6.265
Maize,99.599,45.063,44.379,23.273,65.134,723.978,5.971
Tomato,95.111,68.197,82.299,23.989,72.562,621.261,6.588
Soybean,31.851,50.782,59.174,23.83,67.145,666.623,6.417
Maize,120.0,60.0,20.0,21.0,75.0,500.0,5.5
Wheat,100.0,40.0,20.0,25.0,45.0,375.0,6.0
Soybean,32.279,50.696,53.852,24.457,65.515,633.102,6.5
Potato,110.795,64.413,92.007,24.88,68.365,634.352,5.758
Tomato,99.072,70.678,76.616,26.93,70.779,622.424,6.698
Cotton,100.956,47.361,23.905,22.279,53.212,836.631,6.694
Rice,105.642,31.064,68.394,24.842,81.67,2212.998,6.131
Soybean,40.0,40.0,80.0,20.0,55.0,450.0,6.0
Sugarcane,98.549,47.752,77.121,24.085,74.478,1724.907,6.761
Cotton,120.0,40.0,20.0,21.0,65.0,1200.0,7.5
Wheat,87.699,29.895,26.153,21.828,53.78,461.845,6.309
Sugarcane,120.0,30.0,100.0,27.0,88.0,1200.0,7.5
Maize,103.617,60.0,32.05,23.311,66.396,783.103,7.15
Rice,98.314,31.874,51.387,25.588,87.282,1933.272,5.875
Sugarcane,95.325,45.227,79.23,25.393,81.108,1712.676,6.902
Tomato,97.508,69.4,84.83,24.401,66.646,656.764,6.392
Soybean,28.417,46.776,63.72,23.865,66.708,658.894,6.58
Tomato,120.0,80.0,60.0,18.0,80.0,750.0,7.0
Cotton,82.386,45.851,31.55,23.63,53.137,789.677,6.987
Wheat,69.208,27.238,30.958,19.845,56.458,566.386,6.309
Soybean,28.284,47.364,62.522,24.513,60.897,820.389,6.368
Wheat,73.619,29.656,32.986,19.781,55.573,536.743,6.577
Potato,98.589,67.323,90.202,23.656,67.207,596.149,6.173
Soybean,30.905,49.24,58.637,25.152,64.16,691.648,6.419
Wheat,82.055,28.514,23.059,18.653,55.086,520.884,7.277
Wheat,74.004,28.891,37.178,18.707,51.042,520.765,6.412
Soybean,24.197,52.258,73.206,22.304,61.832,731.369,6.492
Soybean,29.193,54.176,45.555,26.95,61.962,694.839,6.387
Rice,99.061,33.553,61.047,24.736,79.911,1665.665,5.838
Rice,104.094,31.994,63.464,23.171,84.252,1705.523,5.735
Cotton,106.913,51.75,27.175,24.995,51.329,778.941,6.432
Cotton,109.405,54.928,26.928,24.582,57.607,1161.491,6.564
Potato,105.106,77.852,105.751,18.925,65.79,645.033,6.108
Tomato,95.707,78.856,70.604,22.025,68.314,710.021,6.28
Tomato,103.365,69.072,82.2,24.239,68.112,578.496,6.564
Rice,100.094,29.283,54.577,24.101,82.058,1886.35,6.202
Rice,102.59,24.134,65.012,25.214,88.467,1737.483,5.966
Cotton,97.686,52.816,28.501,23.809,53.566,759.895,6.587
Tomato,106.73,73.678,77.002,23.354,65.972,587.688,6.521
Wheat,100.0,40.0,20.0,12.0,45.0,375.0,7.5
Potato,93.906,69.858,99.876,19.129,65.803,662.842,6.047
Wheat,80.326,29.082,31.224,17.825,57.893,439.787,6.615
Rice,80.0,20.0,80.0,30.0,90.0,2250.0,7.0
Maize,93.381,44.018,45.514,22.669,59.44,818.643,6.299
Maize,97.264,53.462,35.239,23.32,64.565,784.487,6.353
Cotton,80.0,60.0,20.0,27.0,65.0,600.0,7.5
Rice,80.0,20.0,40.0,30.0,90.0,1500.0,7.0
Potato,120.0,60.0,80.0,25.0,75.0,500.0,5.0
Potato,88.369,68.862,99.279,19.413,66.669,655.003,5.557
Soybean,25.112,46.758,68.223,24.48,65.105,603.34,6.606
Potato,103.163,69.537,92.046,19.265,62.924,613.121,5.923
Maize,99.92,43.425,56.178,23.183,65.993,687.482,7.095
Cotton,97.664,59.41,25.937,23.472,58.005,975.272,6.872
Tomato,100.805,76.581,65.264,23.782,70.021,658.986,6.619
Maize,120.0,60.0,20.0,21.0,55.0,1000.0,5.5
Rice,99.838,31.215,63.707,25.295,83.228,2059.201,6.409
Cotton,107.701,51.387,26.782,23.189,53.55,918.946,6.719
Cotton,107.513,46.65,27.194,25.252,55.253,966.975,6.85
Rice,119.426,31.381,53.403,21.447,83.169,1773.382,5.862
Sugarcane,98.695,46.031,82.57,24.848,80.743,1821.231,6.552
Tomato,91.595,69.789,85.385,20.314,67.597,648.86,6.507
Potato,93.354,70.138,102.287,19.219,69.572,627.405,5.532
Maize,105.286,42.551,27.916,24.268,67.418,797.946,6.641
Sugarcane,96.473,42.268,81.066,23.796,75.564,1481.005,6.887
Wheat,90.218,34.57,32.002,16.558,61.038,496.38,6.683
Potato,89.338,70.736,109.25,20.542,58.651,554.87,5.774
Soybean,33.955,42.658,58.433,27.423,67.377,649.705,6.176
Tomato,120.0,60.0,100.0,28.0,60.0,750.0,6.0
Potato,108.448,72.103,108.767,20.951,65.784,670.551,6.371
Sugarcane,92.688,50.659,78.807,23.853,81.077,1608.172,6.633
Tomato,120.0,60.0,60.0,18.0,60.0,750.0,7.0
Potato,106.884,69.507,93.806,20.559,66.593,676.363,5.58
Maize,98.969,39.056,35.315,23.226,63.532,860.209,6.721
Sugarcane,84.864,55.381,82.057,23.416,80.048,1559.157,6.667
Wheat,77.503,25.395,33.138,18.3,52.166,516.729,6.449
Potato,104.675,68.11,102.508,21.479,66.093,658.297,5.233
Rice,120.0,20.0,40.0,20.0,75.0,1500.0,7.0
Rice,98.97,27.68,58.508,25.404,82.941,1739.451,6.03
Potato,100.062,70.901,94.095,21.648,65.904,660.496,5.668
Soybean,40.0,40.0,80.0,30.0,55.0,450.0,7.0
Maize,97.07,38.281,42.802,24.546,68.635,671.973,6.198
Potato,95.097,71.535,99.957,18.32,64.01,572.324,6.041
Cotton,90.081,50.543,28.457,26.862,55.519,840.361,6.405
Rice,99.39,28.231,74.761,24.247,80.835,1929.251,6.084
Rice,98.023,30.222,55.351,26.649,79.554,1972.794,5.936
Soybean,32.22,53.407,59.595,26.269,62.792,693.415,6.667
Wheat,74.872,33.368,28.601,16.128,54.856,517.909,6.257
Tomato,102.636,72.295,80.332,27.012,74.76,674.052,6.627
Cotton,120.0,40.0,20.0,21.0,45.0,1200.0,7.5
Maize,96.225,44.115,40.407,24.889,64.669,783.259,6.319
Soybean,29.28,48.749,53.073,24.054,65.45,590.006,6.382
Tomato,95.872,66.988,91.842,24.51,68.597,649.008,6.274
Potato,80.0,80.0,120.0,25.0,55.0,500.0,5.0
Wheat,67.845,32.811,27.038,20.773,65.0,408.313,6.924
Tomato,120.0,80.0,100.0,18.0,60.0,750.0,7.0
Wheat,85.414,26.708,32.261,19.887,52.313,551.406,6.71
Potato,108.093,72.2,104.57,18.265,69.577,574.997,5.465
Cotton,101.24,53.642,34.229,24.816,53.179,949.444,6.875
Cotton,109.154,51.417,23.876,23.471,57.321,837.29,7.155
Sugarcane,93.188,47.457,71.495,25.305,80.266,1580.655,6.951
Potato,94.368,76.054,112.369,19.564,61.807,636.588,5.86
Sugarcane,100.565,51.242,75.298,24.573,78.343,1761.028,6.771
Soybean,35.832,54.597,69.775,24.932,60.702,861.17,6.51
Potato,107.8,68.726,92.937,20.586,70.854,627.891,5.863
Cotton,114.567,48.995,26.514,22.466,60.852,1076.879,6.519
Potato,80.0,60.0,80.0,25.0,75.0,500.0,6.5
Wheat,100.0,40.0,20.0,25.0,45.0,650.0,7.5
Sugarcane,103.362,44.621,84.691,23.73,76.918,1629.994,6.7
Rice,103.837,25.301,67.884,24.46,81.99,1813.543,5.806
Soybean,40.0,60.0,80.0,20.0,75.0,900.0,7.0
Tomato,80.0,60.0,100.0,28.0,60.0,500.0,6.0
Soybean,30.682,43.469,54.799,21.672,62.943,764.799,6.302
Cotton,101.779,47.285,30.651,25.207,56.766,974.825,6.634
Wheat,76.355,31.101,34.132,15.664,54.85,504.677,6.845
Soybean,40.0,60.0,40.0,30.0,55.0,900.0,7.0
Potato,105.041,68.642,97.002,22.09,60.43,710.675,5.597
Tomato,90.279,67.828,81.775,25.11,71.848,516.686,6.607
Soybean,29.16,51.899,55.54,26.555,67.445,706.445,6.329
Tomato,97.258,71.728,74.582,24.265,68.067,660.487,6.51
Soybean,28.512,56.726,61.995,23.118,65.391,751.608,6.076
Rice,92.835,32.922,61.801,25.687,87.149,1933.569,6.219
Rice,80.0,20.0,40.0,30.0,75.0,1500.0,5.0
Potato,93.994,68.346,92.038,19.328,61.253,656.58,5.87
Maize,101.669,45.33,36.904,22.986,60.778,745.96,6.345
Cotton,99.493,49.341,31.933,24.02,56.94,775.44,6.747
Cotton,103.337,54.77,24.568,25.022,46.543,859.971,7.21
Potato,120.0,60.0,80.0,25.0,75.0,500.0,5.0
Soybean,24.702,48.247,62.698,25.143,57.332,632.476,6.67
Rice,89.762,31.299,60.684,24.754,86.471,1797.224,6.687
Sugarcane,96.238,42.165,90.154,22.591,80.456,2027.982,6.921
Sugarcane,102.921,45.467,75.567,24.18,79.51,1539.59,6.833
Potato,80.0,60.0,120.0,15.0,55.0,500.0,6.5
Sugarcane,92.787,38.23,83.465,22.466,78.302,1667.936,6.719
Wheat,60.0,20.0,20.0,25.0,45.0,375.0,7.5
Wheat,88.581,28.217,33.091,21.449,49.523,540.566,6.99
Soybean,34.513,50.695,56.911,26.65,66.178,774.37,6.513
Soybean,37.11,43.651,49.432,27.922,66.58,700.604,6.572
Cotton,100.541,51.715,32.124,24.117,48.409,1027.708,6.853
Rice,113.007,36.923,60.463,25.267,85.191,1769.292,6.111
Rice,89.581,30.763,66.45,25.488,78.528,1859.524,6.247
Maize,80.0,30.0,20.0,27.0,55.0,500.0,5.5
Cotton,116.41,47.392,24.122,24.007,54.082,965.366,7.019
Rice,99.996,30.132,66.405,21.745,77.565,1909.225,5.998
Potato,80.0,80.0,120.0,15.0,75.0,750.0,6.5
Soybean,40.0,60.0,40.0,20.0,75.0,900.0,7.0
Cotton,107.63,47.483,24.31,24.323,48.188,869.89,7.047
Cotton,96.084,48.407,26.372,23.076,53.577,656.865,6.692
Rice,105.72,29.362,51.495,23.111,80.201,1937.145,6.047
Tomato,113.137,67.671,85.759,22.2,70.184,675.612,6.442
Potato,80.0,80.0,120.0,25.0,75.0,750.0,6.5
Tomato,101.339,70.37,91.195,21.959,74.271,594.416,6.685
Maize,89.212,57.232,29.367,22.952,61.531,625.278,6.951
Sugarcane,80.0,60.0,100.0,27.0,70.0,1200.0,6.0
Rice,98.038,28.479,62.918,26.018,81.414,1973.799,6.327
Cotton,99.707,54.164,31.692,23.872,57.626,979.406,6.868
Tomato,98.55,74.965,84.327,21.193,69.024,619.638,6.341
Potato,95.052,69.522,111.387,17.67,64.068,571.89,5.788
Tomato,113.176,66.81,87.641,23.197,68.6,623.132,6.283
Sugarcane,95.858,48.357,81.267,23.879,84.556,1645.69,7.06
Potato,100.14,73.503,96.133,20.957,65.334,660.7,5.7
Potato,99.275,70.905,98.248,21.428,63.842,601.127,6.203
Wheat,79.913,28.945,29.164,20.65,59.084,481.922,6.583
Soybean,33.919,56.577,53.379,23.769,66.27,631.669,6.373
Rice,112.575,28.178,46.772,27.059,82.533,2013.118,6.092
Sugarcane,98.01,45.665,77.223,25.204,84.63,1978.717,6.212
Sugarcane,120.0,30.0,100.0,27.0,70.0,1200.0,6.0
Potato,112.31,64.509,90.397,18.942,69.408,664.785,5.781
Soybean,40.0,60.0,80.0,30.0,55.0,450.0,6.0
Wheat,83.035,30.723,29.241,18.419,52.603,540.464,6.739
Potato,120.0,60.0,120.0,25.0,75.0,750.0,5.0
Soybean,29.342,45.353,48.523,22.187,63.621,657.599,6.614
Maize,99.113,44.4,49.199,25.21,66.591,893.259,6.371
Soybean,40.0,40.0,80.0,30.0,75.0,900.0,7.0
Soybean,33.502,46.159,59.671,24.04,60.913,669.937,6.789
Rice,105.306,30.202,61.67,22.789,82.442,2125.439,6.275
Sugarcane,120.0,60.0,60.0,27.0,88.0,1200.0,6.0
Potato,101.35,68.045,96.705,20.028,58.427,687.336,6.29
Cotton,120.0,60.0,20.0,21.0,65.0,1200.0,7.5
Potato,103.256,66.717,101.871,21.08,68.904,646.263,5.83
Wheat,84.393,37.337,30.829,17.64,52.961,427.846,6.68
Soybean,32.46,54.506,46.618,27.47,63.185,634.878,6.441
Rice,101.283,33.774,44.371,27.651,83.438,2009.73,5.593
Cotton,120.0,60.0,20.0,21.0,65.0,1200.0,6.0
Wheat,85.257,32.741,33.517,18.805,65.0,560.833,6.831
Soybean,31.291,46.084,57.605,23.929,55.0,648.992,6.35
Rice,120.0,20.0,40.0,30.0,90.0,2250.0,7.0
Maize,97.863,48.937,39.696,23.513,63.96,918.387,5.922
Wheat,75.638,31.13,28.806,17.517,50.546,516.059,6.705
Maize,98.482,48.861,40.679,22.587,60.617,634.903,6.664
Rice,109.694,28.478,67.548,23.926,82.349,1741.005,6.152
Rice,92.987,29.519,51.889,26.404,80.206,2226.196,5.85
Wheat,80.266,29.0,26.239,18.885,53.615,468.842,6.38
Sugarcane,80.0,30.0,60.0,21.0,88.0,2250.0,6.0
Soybean,28.152,48.009,64.594,23.351,63.808,634.123,6.635
Soybean,29.335,47.935,58.015,23.526,67.381,683.312,6.664
Soybean,32.87,50.648,58.305,24.305,66.403,779.777,6.483
Potato,120.0,80.0,80.0,15.0,75.0,750.0,6.5
Cotton,96.991,49.448,33.477,24.795,58.406,622.745,7.183
Sugarcane,117.921,43.134,84.715,24.866,77.508,1868.33,6.968
Soybean,40.0,40.0,80.0,20.0,75.0,450.0,7.0
Tomato,103.086,74.498,84.319,24.145,72.021,567.49,6.354
Sugarcane,88.788,44.453,92.298,22.288,78.928,1715.176,6.822
Wheat,82.381,26.151,27.019,13.712,56.882,456.94,6.783
Rice,99.888,27.157,65.863,26.296,82.665,2015.905,6.156
Wheat,100.0,40.0,20.0,25.0,45.0,650.0,6.0
Sugarcane,102.603,40.887,81.611,23.021,73.767,1974.267,6.85
Cotton,89.756,48.606,25.605,23.652,60.55,762.14,6.679
Potato,105.985,65.718,104.129,21.26,61.199,599.675,6.28
Sugarcane,99.733,45.875,65.765,23.78,79.086,1820.819,7.157
Soybean,34.63,48.839,59.521,25.473,60.657,705.547,6.43
Cotton,102.579,43.739,31.161,22.531,53.722,989.493,6.807
Potato,98.898,75.943,98.063,21.247,63.729,547.422,5.443
Sugarcane,80.0,60.0,100.0,27.0,70.0,2250.0,7.5
Potato,105.854,74.473,94.569,19.55,63.142,600.671,6.019
Wheat,100.0,20.0,20.0,25.0,65.0,375.0,6.0
Wheat,89.111,35.415,30.678,19.744,54.488,536.701,6.828
Cotton,80.0,60.0,40.0,27.0,65.0,1200.0,7.5
Maize,107.734,50.23,36.868,23.833,67.499,782.625,6.369
Wheat,77.779,35.633,34.474,19.871,56.262,508.469,6.435
Sugarcane,90.531,35.36,86.055,24.159,80.418,1647.575,6.404
Sugarcane,80.0,30.0,100.0,21.0,70.0,1200.0,7.5
Wheat,79.714,33.178,28.496,17.385,52.742,418.059,7.072
Cotton,101.107,53.747,34.326,25.775,55.435,976.331,6.386
Soybean,30.124,50.706,64.938,27.034,62.479,662.077,6.43
Tomato,80.0,80.0,100.0,28.0,80.0,750.0,7.0
Cotton,107.718,49.554,32.759,22.295,49.62,671.666,6.946
Sugarcane,93.767,50.622,69.699,23.445,77.285,2100.19,6.579
Sugarcane,100.284,45.514,78.547,23.565,79.626,1636.5,6.714
Sugarcane,100.014,52.084,92.762,24.115,78.195,1620.028,6.75
Potato,98.403,71.186,98.71,17.805,68.874,608.15,6.255
Sugarcane,113.159,39.951,80.759,24.361,78.066,1549.614,6.554
Sugarcane,95.898,46.439,87.436,24.2,83.375,1876.889,6.628
Cotton,101.754,50.142,30.673,24.18,54.759,796.687,6.567
Potato,93.71,74.158,108.539,19.877,66.654,624.562,5.452
Potato,120.0,80.0,120.0,15.0,75.0,750.0,5.0
Sugarcane,120.0,30.0,100.0,27.0,70.0,1200.0,6.0
Tomato,95.082,69.097,78.113,26.124,68.686,639.34,6.404
Wheat,60.0,20.0,20.0,25.0,65.0,375.0,7.5
Sugarcane,108.013,30.0,82.935,24.212,78.895,1831.711,6.815
Soybean,27.749,54.108,72.2,28.81,65.168,709.342,6.636
Soybean,29.99,49.951,65.366,25.379,67.348,674.264,6.539
Cotton,80.0,60.0,20.0,27.0,65.0,1200.0,7.5
Tomato,93.71,70.27,81.652,23.16,69.4,579.89,6.57
Maize,102.846,42.76,40.97,23.916,62.108,755.875,6.293
Sugarcane,101.143,54.727,83.738,25.425,78.374,1785.463,7.055
Soybean,31.148,53.606,53.026,27.208,65.077,637.039,6.411
Soybean,28.003,47.661,58.333,26.5,68.686,744.465,6.556
Rice,102.121,26.126,45.889,21.897,82.573,1878.865,5.961
Tomato,107.555,75.547,75.004,22.561,71.17,645.275,6.413
Wheat,60.0,20.0,40.0,25.0,65.0,650.0,6.0
Tomato,107.824,67.128,77.172,23.875,66.288,620.438,6.682
Sugarcane,80.0,60.0,60.0,27.0,88.0,1200.0,6.0
Soybean,28.291,48.83,51.921,23.03,68.247,845.264,6.405
Tomato,106.695,68.882,78.033,23.599,66.235,638.445,6.278
Rice,97.047,29.868,62.95,24.493,81.476,1886.544,5.36
Maize,94.695,39.765,43.892,24.601,61.987,728.314,5.881
Tomato,94.846,73.234,71.909,23.502,70.528,665.019,6.478
Maize,89.3,52.017,37.727,24.107,60.736,793.85,6.283
Potato,105.976,69.446,106.37,19.401,64.996,631.512,6.097
Tomato,96.89,67.338,76.668,22.881,66.615,690.549,6.582
Sugarcane,102.9,46.697,77.161,22.541,74.363,2250.0,7.12
Tomato,107.54,68.976,73.381,22.476,72.373,641.951,6.567
Sugarcane,120.0,60.0,60.0,21.0,70.0,1200.0,6.0
Soybean,31.127,57.051,61.452,24.911,67.876,727.216,6.404
Potato,80.0,60.0,80.0,15.0,75.0,500.0,5.0
Wheat,91.399,36.17,33.171,20.03,54.316,510.605,6.666
Soybean,40.0,60.0,40.0,20.0,55.0,900.0,6.0
Maize,101.011,42.645,40.194,23.75,58.205,843.482,6.473
Wheat,70.877,34.911,27.406,21.707,56.75,527.621,6.673
Soybean,34.14,48.358,66.762,21.879,69.321,673.124,6.499
Rice,104.475,27.418,56.153,25.523,81.271,1986.607,5.742
Potato,90.314,67.72,94.99,21.559,68.375,581.254,5.938
Soybean,33.321,51.425,66.259,26.452,73.922,766.355,6.485
Maize,107.21,43.369,38.817,23.623,58.611,655.668,6.82
Maize,120.0,30.0,20.0,27.0,75.0,500.0,7.5
Soybean,35.908,46.606,62.253,24.572,63.565,732.323,6.541
Maize,99.51,47.131,39.844,23.499,59.836,707.43,6.142
Sugarcane,80.0,60.0,60.0,21.0,70.0,1200.0,6.0
Cotton,96.405,49.026,24.695,23.286,56.72,932.06,6.9
Sugarcane,110.325,40.107,80.345,24.463,76.412,1613.715,6.572
Potato,85.903,63.511,110.983,19.024,68.219,558.207,5.488
Cotton,94.607,45.586,26.593,24.283,54.678,686.732,6.654
Cotton,96.363,46.704,27.812,22.601,54.539,963.314,6.554
Rice,102.567,31.855,61.976,28.392,82.282,1836.615,5.749
Potato,103.483,70.225,111.794,18.326,62.796,630.542,5.811
Cotton,90.305,48.334,29.659,25.07,56.107,781.651,6.628
Maize,109.771,43.661,37.11,24.482,58.878,684.122,6.827
Maize,94.891,43.001,51.624,24.769,63.143,858.709,6.253
Wheat,71.038,29.514,29.807,19.851,52.905,397.92,6.48
Wheat,79.31,35.914,27.365,20.109,54.801,497.478,6.908
Tomato,95.426,70.666,68.781,20.274,66.266,639.564,6.499
Tomato,103.021,69.953,78.715,22.83,69.925,681.017,6.497
Maize,101.495,38.635,35.704,23.324,67.995,816.727,6.592
Tomato,96.63,69.994,77.049,24.599,69.323,562.646,6.22
Cotton,103.093,51.797,31.759,25.643,61.787,876.652,6.918
Maize,102.342,50.496,42.643,24.209,68.999,789.144,6.523
Wheat,65.652,36.728,28.582,18.806,56.905,545.781,6.818
Tomato,120.0,60.0,100.0,18.0,80.0,500.0,6.0
Potato,108.274,67.86,111.86,19.818,63.711,626.88,5.653
Rice,80.0,40.0,80.0,30.0,90.0,2250.0,7.0
Rice,101.706,32.172,59.941,25.855,81.453,2153.716,5.477
Sugarcane,89.258,43.029,72.66,24.814,75.07,1637.272,6.634
Wheat,74.038,36.839,25.169,16.74,47.657,529.097,6.475
Sugarcane,94.472,41.716,60.0,22.988,82.172,1623.045,6.634
Cotton,89.099,47.323,29.989,24.445,54.13,1051.908,6.931
Tomato,80.0,60.0,60.0,28.0,80.0,500.0,6.0
Sugarcane,99.922,50.575,92.362,24.094,82.058,1794.818,6.654
Soybean,32.897,43.392,61.905,25.073,63.201,704.222,6.487
Rice,101.017,34.905,42.889,24.605,82.941,1911.999,5.876
Wheat,73.223,29.997,28.366,17.755,57.671,581.242,7.048
Sugarcane,90.091,37.548,68.516,25.084,74.316,2066.243,6.567
Cotton,100.376,47.277,29.519,24.754,49.045,721.925,6.98
Potato,98.068,74.722,102.635,21.26,62.632,592.081,5.744
Cotton,80.0,40.0,40.0,21.0,65.0,1200.0,7.5
Potato,106.14,70.612,98.723,21.51,67.27,642.523,6.004
Rice,96.586,34.67,53.018,23.67,83.028,1923.807,6.165
Potato,104.37,72.012,101.613,19.347,64.365,611.435,5.313
Wheat,68.395,27.78,27.77,18.327,54.799,649.828,6.481
Cotton,99.374,51.839,28.121,23.228,56.439,600.0,6.599
Potato,80.0,60.0,120.0,15.0,55.0,500.0,5.0
Wheat,72.968,28.16,30.526,17.277,57.61,503.911,6.502
Sugarcane,98.262,45.725,79.315,25.573,82.03,1775.747,6.559
Cotton,104.212,51.135,28.624,24.038,55.549,939.988,6.934
Soybean,32.675,48.908,53.067,22.0,68.641,727.73,6.695
Wheat,75.106,23.284,26.607,21.101,56.345,521.092,6.499
Rice,98.809,27.686,56.623,27.121,83.841,1826.796,5.921
Soybean,20.0,40.0,80.0,30.0,55.0,900.0,7.0
Tomato,105.263,72.301,74.845,21.475,72.185,612.365,6.656
Potato,93.172,69.262,102.905,19.993,60.293,613.616,5.633
Tomato,98.584,67.798,76.863,22.742,67.441,625.296,6.454
Maize,103.68,36.177,43.669,24.818,66.454,731.695,6.688
Wheat,60.0,20.0,20.0,12.0,45.0,650.0,7.5
Rice,99.209,30.953,68.707,25.366,81.473,2013.286,6.143
Maize,98.404,40.979,33.368,22.956,62.94,663.773,5.979
Cotton,103.068,50.538,36.579,24.007,51.858,894.928,6.668
Tomato,100.699,71.507,79.35,23.413,70.261,618.184,6.451
Cotton,96.392,53.225,30.922,24.304,54.609,821.22,6.508
Sugarcane,120.0,60.0,60.0,27.0,88.0,2250.0,7.5
Wheat,77.313,29.281,33.572,14.577,61.556,624.521,6.073
Soybean,35.281,54.437,75.499,27.029,62.769,738.548,6.618
Rice,95.428,34.606,58.9,27.147,82.654,1879.653,5.97
Potato,91.858,64.06,105.862,23.448,64.141,660.59,6.121
Sugarcane,114.485,46.391,67.252,25.163,78.388,2077.087,7.118
Maize,110.503,44.695,40.841,23.66,62.034,627.613,6.711
Cotton,106.421,49.755,28.758,25.986,55.022,971.956,6.615
Maize,89.717,40.563,33.568,23.356,67.116,735.923,6.565
Potato,103.15,70.265,95.967,19.704,69.712,682.537,5.797
Sugarcane,80.0,30.0,60.0,27.0,88.0,1200.0,6.0
Tomato,103.985,68.837,90.869,23.674,70.875,630.295,6.79
Cotton,91.804,55.665,27.323,25.738,61.741,951.266,7.008
Cotton,120.0,40.0,20.0,27.0,45.0,1200.0,7.5
Tomato,91.19,69.24,74.984,22.51,65.787,633.93,6.475
