date,sales,product_category,region,store,promo_flag
2023-01-01,1002.32,Grocery,North,Store B,0
2023-01-01,1064.67,Grocery,South,Store B,0
2023-01-01,1131.69,Grocery,East,Store A,0
2023-01-01,1342.42,Grocery,West,Store A,0
2023-01-01,1078.71,Electronics,North,Store B,0
2023-01-01,1278.42,Electronics,South,Store B,0
2023-01-01,1319.22,Electronics,East,Store A,0
2023-01-01,1535.81,Electronics,West,Store A,0
2023-01-01,901.12,Fashion,North,Store B,0
2023-01-01,979.87,Fashion,South,Store B,0
2023-01-01,1046.37,Fashion,East,Store A,0
2023-01-01,1224.09,Fashion,West,Store A,0
2023-01-01,756.36,Home,North,Store C,0
2023-01-01,918.82,Home,South,Store C,0
2023-01-01,861.65,Home,East,Store B,0
2023-01-01,942.21,Home,West,Store B,0
2023-01-02,819.89,Grocery,North,Store C,0
2023-01-02,857.46,Grocery,South,Store C,0
2023-01-02,936.32,Grocery,East,Store B,0
2023-01-02,1048.36,Grocery,West,Store B,0
2023-01-02,952.07,Electronics,North,Store C,0
2023-01-02,1057.87,Electronics,South,Store C,0
2023-01-02,1135.85,Electronics,East,Store B,0
2023-01-02,1256.39,Electronics,West,Store B,0
2023-01-02,708.29,Fashion,North,Store C,0
2023-01-02,813.69,Fashion,South,Store C,0
2023-01-02,842.03,Fashion,East,Store B,0
2023-01-02,982.13,Fashion,West,Store B,0
2023-01-02,899.5,Home,North,Online,0
2023-01-02,1021.76,Home,South,Online,0
2023-01-02,796.0,Home,East,Store C,0
2023-01-02,780.43,Home,West,Store C,0
2023-01-03,1052.26,Grocery,North,Online,0
2023-01-03,1185.1,Grocery,South,Online,0
2023-01-03,869.6,Grocery,East,Store C,0
2023-01-03,1051.32,Grocery,West,Store C,0
2023-01-03,1293.92,Electronics,North,Online,0
2023-01-03,1433.79,Electronics,South,Online,0
2023-01-03,960.36,Electronics,East,Store C,0
2023-01-03,1226.21,Electronics,West,Store C,0
2023-01-03,1029.75,Fashion,North,Online,0
2023-01-03,1155.51,Fashion,South,Online,0
2023-01-03,728.3,Fashion,East,Store C,0
2023-01-03,918.16,Fashion,West,Store C,0
2023-01-03,743.64,Home,North,Store A,0
2023-01-03,851.21,Home,South,Store A,0
2023-01-03,964.33,Home,East,Online,0
2023-01-03,1097.02,Home,West,Online,0
2023-01-04,945.78,Grocery,North,Store A,0
2023-01-04,1037.79,Grocery,South,Store A,0
2023-01-04,1145.13,Grocery,East,Online,0
2023-01-04,1371.36,Grocery,West,Online,0
2023-01-04,1013.06,Electronics,North,Store A,0
2023-01-04,1226.81,Electronics,South,Store A,0
2023-01-04,1333.03,Electronics,East,Online,0
2023-01-04,1573.36,Electronics,West,Online,0
2023-01-04,816.32,Fashion,North,Store A,0
2023-01-04,1028.66,Fashion,South,Store A,0
2023-01-04,985.91,Fashion,East,Online,0
2023-01-04,1276.62,Fashion,West,Online,0
2023-01-04,603.87,Home,North,Store B,0
2023-01-04,774.32,Home,South,Store B,0
2023-01-04,779.47,Home,East,Store A,0
2023-01-04,944.28,Home,West,Store A,0
2023-01-05,1068.91,Grocery,North,Store B,1
2023-01-05,1215.85,Grocery,South,Store B,1
2023-01-05,1120.17,Grocery,East,Store A,1
2023-01-05,1323.18,Grocery,West,Store A,1
2023-01-05,1286.43,Electronics,North,Store B,1
2023-01-05,1400.11,Electronics,South,Store B,1
2023-01-05,1300.91,Electronics,East,Store A,1
2023-01-05,1560.58,Electronics,West,Store A,1
2023-01-05,891.95,Fashion,North,Store B,1
2023-01-05,1100.22,Fashion,South,Store B,1
2023-01-05,1050.62,Fashion,East,Store A,1
2023-01-05,1272.3,Fashion,West,Store A,1
2023-01-05,763.01,Home,North,Store C,1
2023-01-05,904.0,Home,South,Store C,1
2023-01-05,907.86,Home,East,Store B,1
2023-01-05,1016.86,Home,West,Store B,1
2023-01-06,832.75,Grocery,North,Store C,0
2023-01-06,882.91,Grocery,South,Store C,0
2023-01-06,876.93,Grocery,East,Store B,0
2023-01-06,1040.64,Grocery,West,Store B,0
2023-01-06,906.11,Electronics,North,Store C,0
2023-01-06,1133.08,Electronics,South,Store C,0
2023-01-06,1053.51,Electronics,East,Store B,0
2023-01-06,1278.25,Electronics,West,Store B,0
2023-01-06,765.62,Fashion,North,Store C,0
2023-01-06,865.97,Fashion,South,Store C,0
2023-01-06,857.49,Fashion,East,Store B,0
2023-01-06,966.25,Fashion,West,Store B,0
2023-01-06,862.31,Home,North,Online,0
2023-01-06,1003.68,Home,South,Online,0
2023-01-06,592.21,Home,East,Store C,0
2023-01-06,731.24,Home,West,Store C,0
2023-01-07,1193.08,Grocery,North,Online,0
2023-01-07,1386.04,Grocery,South,Online,0
2023-01-07,1001.12,Grocery,East,Store C,0
2023-01-07,1109.17,Grocery,West,Store C,0
2023-01-07,1502.49,Electronics,North,Online,0
2023-01-07,1805.41,Electronics,South,Online,0
2023-01-07,1158.68,Electronics,East,Store C,0
2023-01-07,1435.25,Electronics,West,Store C,0
2023-01-07,1107.21,Fashion,North,Online,0
2023-01-07,1307.48,Fashion,South,Online,0
2023-01-07,843.9,Fashion,East,Store C,0
2023-01-07,1042.1,Fashion,West,Store C,0
2023-01-07,909.94,Home,North,Store A,0
2023-01-07,888.17,Home,South,Store A,0
2023-01-07,1097.54,Home,East,Online,0
2023-01-07,1283.93,Home,West,Online,0
2023-01-08,1031.61,Grocery,North,Store A,0
2023-01-08,1131.94,Grocery,South,Store A,0
2023-01-08,1326.92,Grocery,East,Online,0
2023-01-08,1536.82,Grocery,West,Online,0
2023-01-08,1293.55,Electronics,North,Store A,0
2023-01-08,1459.08,Electronics,South,Store A,0
2023-01-08,1680.13,Electronics,East,Online,0
2023-01-08,1871.28,Electronics,West,Online,0
2023-01-08,917.8,Fashion,North,Store A,0
2023-01-08,1118.67,Fashion,South,Store A,0
2023-01-08,1222.94,Fashion,East,Online,0
2023-01-08,1507.99,Fashion,West,Online,0
2023-01-08,861.84,Home,North,Store B,0
2023-01-08,948.37,Home,South,Store B,0
2023-01-08,983.19,Home,East,Store A,0
2023-01-08,1003.12,Home,West,Store A,0
2023-01-09,831.5,Grocery,North,Store B,0
2023-01-09,935.58,Grocery,South,Store B,0
2023-01-09,937.44,Grocery,East,Store A,0
2023-01-09,1059.28,Grocery,West,Store A,0
2023-01-09,1077.89,Electronics,North,Store B,0
2023-01-09,1174.97,Electronics,South,Store B,0
2023-01-09,1073.01,Electronics,East,Store A,0
2023-01-09,1309.99,Electronics,West,Store A,0
2023-01-09,810.48,Fashion,North,Store B,0
2023-01-09,949.03,Fashion,South,Store B,0
2023-01-09,987.44,Fashion,East,Store A,0
2023-01-09,1199.08,Fashion,West,Store A,0
2023-01-09,684.72,Home,North,Store C,0
2023-01-09,699.05,Home,South,Store C,0
2023-01-09,617.84,Home,East,Store B,0
2023-01-09,884.84,Home,West,Store B,0
2023-01-10,770.9,Grocery,North,Store C,0
2023-01-10,905.57,Grocery,South,Store C,0
2023-01-10,872.11,Grocery,East,Store B,0
2023-01-10,1064.4,Grocery,West,Store B,0
2023-01-10,1040.13,Electronics,North,Store C,0
2023-01-10,1125.88,Electronics,South,Store C,0
2023-01-10,1081.28,Electronics,East,Store B,0
2023-01-10,1233.24,Electronics,West,Store B,0
2023-01-10,654.39,Fashion,North,Store C,0
2023-01-10,822.98,Fashion,South,Store C,0
2023-01-10,826.06,Fashion,East,Store B,0
2023-01-10,1078.52,Fashion,West,Store B,0
2023-01-10,901.51,Home,North,Online,0
2023-01-10,1072.09,Home,South,Online,0
2023-01-10,664.32,Home,East,Store C,0
2023-01-10,753.68,Home,West,Store C,0
2023-01-11,1048.91,Grocery,North,Online,0
2023-01-11,1214.5,Grocery,South,Online,0
2023-01-11,969.46,Grocery,East,Store C,0
2023-01-11,963.78,Grocery,West,Store C,0
2023-01-11,1372.24,Electronics,North,Online,0
2023-01-11,1459.86,Electronics,South,Online,0
2023-01-11,1077.0,Electronics,East,Store C,0
2023-01-11,1235.34,Electronics,West,Store C,0
2023-01-11,999.98,Fashion,North,Online,0
2023-01-11,1145.84,Fashion,South,Online,0
2023-01-11,744.14,Fashion,East,Store C,0
2023-01-11,947.99,Fashion,West,Store C,0
2023-01-11,726.91,Home,North,Store A,0
2023-01-11,788.51,Home,South,Store A,0
2023-01-11,864.4,Home,East,Online,0
2023-01-11,1115.85,Home,West,Online,0
2023-01-12,1013.34,Grocery,North,Store A,0
2023-01-12,1063.42,Grocery,South,Store A,0
2023-01-12,1145.15,Grocery,East,Online,0
2023-01-12,1378.92,Grocery,West,Online,0
2023-01-12,1186.76,Electronics,North,Store A,0
2023-01-12,1281.19,Electronics,South,Store A,0
2023-01-12,1363.31,Electronics,East,Online,0
2023-01-12,1701.31,Electronics,West,Online,0
2023-01-12,871.56,Fashion,North,Store A,0
2023-01-12,1049.72,Fashion,South,Store A,0
2023-01-12,1064.15,Fashion,East,Online,0
2023-01-12,1180.33,Fashion,West,Online,0
2023-01-12,635.02,Home,North,Store B,0
2023-01-12,899.3,Home,South,Store B,0
2023-01-12,880.63,Home,East,Store A,0
2023-01-12,920.29,Home,West,Store A,0
2023-01-13,854.08,Grocery,North,Store B,0
2023-01-13,1076.56,Grocery,South,Store B,0
2023-01-13,907.37,Grocery,East,Store A,0
2023-01-13,1096.89,Grocery,West,Store A,0
2023-01-13,1088.53,Electronics,North,Store B,0
2023-01-13,1177.09,Electronics,South,Store B,0
2023-01-13,1164.9,Electronics,East,Store A,0
2023-01-13,1370.21,Electronics,West,Store A,0
2023-01-13,819.55,Fashion,North,Store B,0
2023-01-13,989.17,Fashion,South,Store B,0
2023-01-13,891.18,Fashion,East,Store A,0
2023-01-13,1084.39,Fashion,West,Store A,0
2023-01-13,555.64,Home,North,Store C,0
2023-01-13,758.16,Home,South,Store C,0
2023-01-13,695.91,Home,East,Store B,0
2023-01-13,811.59,Home,West,Store B,0
2023-01-14,907.02,Grocery,North,Store C,0
2023-01-14,1069.06,Grocery,South,Store C,0
2023-01-14,1111.3,Grocery,East,Store B,0
2023-01-14,1182.83,Grocery,West,Store B,0
2023-01-14,1151.3,Electronics,North,Store C,0
2023-01-14,1281.98,Electronics,South,Store C,0
2023-01-14,1258.68,Electronics,East,Store B,0
2023-01-14,1566.35,Electronics,West,Store B,0
2023-01-14,903.95,Fashion,North,Store C,0
2023-01-14,1068.84,Fashion,South,Store C,0
2023-01-14,962.52,Fashion,East,Store B,0
2023-01-14,1111.09,Fashion,West,Store B,0
2023-01-14,1035.23,Home,North,Online,0
2023-01-14,1205.75,Home,South,Online,0
2023-01-14,819.99,Home,East,Store C,0
2023-01-14,899.46,Home,West,Store C,0
2023-01-15,1553.8,Grocery,North,Online,1
2023-01-15,1775.57,Grocery,South,Online,1
2023-01-15,1336.48,Grocery,East,Store C,1
2023-01-15,1521.29,Grocery,West,Store C,1
2023-01-15,1816.91,Electronics,North,Online,1
2023-01-15,2105.79,Electronics,South,Online,1
2023-01-15,1361.2,Electronics,East,Store C,1
2023-01-15,1674.0,Electronics,West,Store C,1
2023-01-15,1434.92,Fashion,North,Online,1
2023-01-15,1679.93,Fashion,South,Online,1
2023-01-15,1056.4,Fashion,East,Store C,1
2023-01-15,1261.91,Fashion,West,Store C,1
2023-01-15,938.72,Home,North,Store A,1
2023-01-15,1194.03,Home,South,Store A,1
2023-01-15,1255.24,Home,East,Online,1
2023-01-15,1525.84,Home,West,Online,1
2023-01-16,887.19,Grocery,North,Store A,0
2023-01-16,1059.6,Grocery,South,Store A,0
2023-01-16,1066.09,Grocery,East,Online,0
2023-01-16,1295.65,Grocery,West,Online,0
2023-01-16,1242.78,Electronics,North,Store A,0
2023-01-16,1210.54,Electronics,South,Store A,0
2023-01-16,1338.94,Electronics,East,Online,0
2023-01-16,1757.3,Electronics,West,Online,0
2023-01-16,1015.93,Fashion,North,Store A,0
2023-01-16,910.11,Fashion,South,Store A,0
2023-01-16,1043.97,Fashion,East,Online,0
2023-01-16,1278.48,Fashion,West,Online,0
2023-01-16,812.19,Home,North,Store B,0
2023-01-16,762.01,Home,South,Store B,0
2023-01-16,779.91,Home,East,Store A,0
2023-01-16,981.88,Home,West,Store A,0
2023-01-17,907.45,Grocery,North,Store B,0
2023-01-17,985.04,Grocery,South,Store B,0
2023-01-17,970.17,Grocery,East,Store A,0
2023-01-17,1081.46,Grocery,West,Store A,0
2023-01-17,1050.14,Electronics,North,Store B,0
2023-01-17,1195.64,Electronics,South,Store B,0
2023-01-17,1189.12,Electronics,East,Store A,0
2023-01-17,1361.88,Electronics,West,Store A,0
2023-01-17,834.6,Fashion,North,Store B,0
2023-01-17,976.2,Fashion,South,Store B,0
2023-01-17,903.24,Fashion,East,Store A,0
2023-01-17,1078.37,Fashion,West,Store A,0
2023-01-17,677.73,Home,North,Store C,0
2023-01-17,768.13,Home,South,Store C,0
2023-01-17,709.71,Home,East,Store B,0
2023-01-17,904.45,Home,West,Store B,0
2023-01-18,826.05,Grocery,North,Store C,0
2023-01-18,1061.5,Grocery,South,Store C,0
2023-01-18,1009.84,Grocery,East,Store B,0
2023-01-18,1114.11,Grocery,West,Store B,0
2023-01-18,958.53,Electronics,North,Store C,0
2023-01-18,1077.68,Electronics,South,Store C,0
2023-01-18,1176.61,Electronics,East,Store B,0
2023-01-18,1329.63,Electronics,West,Store B,0
2023-01-18,787.35,Fashion,North,Store C,0
2023-01-18,770.23,Fashion,South,Store C,0
2023-01-18,896.07,Fashion,East,Store B,0
2023-01-18,1025.27,Fashion,West,Store B,0
2023-01-18,850.59,Home,North,Online,0
2023-01-18,1011.81,Home,South,Online,0
2023-01-18,719.68,Home,East,Store C,0
2023-01-18,837.58,Home,West,Store C,0
2023-01-19,1107.13,Grocery,North,Online,0
2023-01-19,1272.85,Grocery,South,Online,0
2023-01-19,854.95,Grocery,East,Store C,0
2023-01-19,1036.77,Grocery,West,Store C,0
2023-01-19,1432.58,Electronics,North,Online,0
2023-01-19,1397.41,Electronics,South,Online,0
2023-01-19,1032.48,Electronics,East,Store C,0
2023-01-19,1247.25,Electronics,West,Store C,0
2023-01-19,1044.3,Fashion,North,Online,0
2023-01-19,1149.73,Fashion,South,Online,0
2023-01-19,698.56,Fashion,East,Store C,0
2023-01-19,959.27,Fashion,West,Store C,0
2023-01-19,861.41,Home,North,Store A,0
2023-01-19,788.04,Home,South,Store A,0
2023-01-19,1000.19,Home,East,Online,0
2023-01-19,1109.59,Home,West,Online,0
2023-01-20,940.86,Grocery,North,Store A,0
2023-01-20,1016.91,Grocery,South,Store A,0
2023-01-20,1155.33,Grocery,East,Online,0
2023-01-20,1460.81,Grocery,West,Online,0
2023-01-20,1168.32,Electronics,North,Store A,0
2023-01-20,1388.7,Electronics,South,Store A,0
2023-01-20,1477.2,Electronics,East,Online,0
2023-01-20,1696.02,Electronics,West,Online,0
2023-01-20,960.13,Fashion,North,Store A,0
2023-01-20,1007.88,Fashion,South,Store A,0
2023-01-20,1119.79,Fashion,East,Online,0
2023-01-20,1255.25,Fashion,West,Online,0
2023-01-20,727.53,Home,North,Store B,0
2023-01-20,785.62,Home,South,Store B,0
2023-01-20,855.3,Home,East,Store A,0
2023-01-20,883.17,Home,West,Store A,0
2023-01-21,1077.53,Grocery,North,Store B,0
2023-01-21,1167.09,Grocery,South,Store B,0
2023-01-21,1208.97,Grocery,East,Store A,0
2023-01-21,1396.08,Grocery,West,Store A,0
2023-01-21,1345.04,Electronics,North,Store B,0
2023-01-21,1457.27,Electronics,South,Store B,0
2023-01-21,1290.88,Electronics,East,Store A,0
2023-01-21,1626.65,Electronics,West,Store A,0
2023-01-21,882.37,Fashion,North,Store B,0
2023-01-21,1049.27,Fashion,South,Store B,0
2023-01-21,1130.68,Fashion,East,Store A,0
2023-01-21,1275.03,Fashion,West,Store A,0
2023-01-21,751.66,Home,North,Store C,0
2023-01-21,843.62,Home,South,Store C,0
2023-01-21,879.25,Home,East,Store B,0
2023-01-21,971.69,Home,West,Store B,0
2023-01-22,936.48,Grocery,North,Store C,0
2023-01-22,1125.17,Grocery,South,Store C,0
2023-01-22,1144.54,Grocery,East,Store B,0
2023-01-22,1313.03,Grocery,West,Store B,0
2023-01-22,1045.35,Electronics,North,Store C,0
2023-01-22,1350.11,Electronics,South,Store C,0
2023-01-22,1304.82,Electronics,East,Store B,0
2023-01-22,1562.56,Electronics,West,Store B,0
2023-01-22,979.79,Fashion,North,Store C,0
2023-01-22,900.63,Fashion,South,Store C,0
2023-01-22,956.88,Fashion,East,Store B,0
2023-01-22,1203.61,Fashion,West,Store B,0
2023-01-22,980.37,Home,North,Online,0
2023-01-22,1296.15,Home,South,Online,0
2023-01-22,845.87,Home,East,Store C,0
2023-01-22,1023.82,Home,West,Store C,0
2023-01-23,1102.18,Grocery,North,Online,0
2023-01-23,1335.11,Grocery,South,Online,0
2023-01-23,935.6,Grocery,East,Store C,0
2023-01-23,1050.69,Grocery,West,Store C,0
2023-01-23,1377.03,Electronics,North,Online,0
2023-01-23,1567.67,Electronics,South,Online,0
2023-01-23,1007.69,Electronics,East,Store C,0
2023-01-23,1240.86,Electronics,West,Store C,0
2023-01-23,1029.13,Fashion,North,Online,0
2023-01-23,1202.09,Fashion,South,Online,0
2023-01-23,857.52,Fashion,East,Store C,0
2023-01-23,891.71,Fashion,West,Store C,0
2023-01-23,766.61,Home,North,Store A,0
2023-01-23,961.94,Home,South,Store A,0
2023-01-23,920.58,Home,East,Online,0
2023-01-23,1092.85,Home,West,Online,0
2023-01-24,964.02,Grocery,North,Store A,0
2023-01-24,1131.12,Grocery,South,Store A,0
2023-01-24,1185.12,Grocery,East,Online,0
2023-01-24,1475.14,Grocery,West,Online,0
2023-01-24,1193.83,Electronics,North,Store A,0
2023-01-24,1351.59,Electronics,South,Store A,0
2023-01-24,1455.88,Electronics,East,Online,0
2023-01-24,1815.23,Electronics,West,Online,0
2023-01-24,860.86,Fashion,North,Store A,0
2023-01-24,882.56,Fashion,South,Store A,0
2023-01-24,1172.34,Fashion,East,Online,0
2023-01-24,1258.06,Fashion,West,Online,0
2023-01-24,736.44,Home,North,Store B,0
2023-01-24,903.56,Home,South,Store B,0
2023-01-24,720.1,Home,East,Store A,0
2023-01-24,887.83,Home,West,Store A,0
2023-01-25,991.85,Grocery,North,Store B,1
2023-01-25,1185.6,Grocery,South,Store B,1
2023-01-25,1218.99,Grocery,East,Store A,1
2023-01-25,1443.09,Grocery,West,Store A,1
2023-01-25,1314.76,Electronics,North,Store B,1
2023-01-25,1401.59,Electronics,South,Store B,1
2023-01-25,1310.76,Electronics,East,Store A,1
2023-01-25,1704.9,Electronics,West,Store A,1
2023-01-25,962.46,Fashion,North,Store B,1
2023-01-25,1150.36,Fashion,South,Store B,1
2023-01-25,1132.16,Fashion,East,Store A,1
2023-01-25,1302.01,Fashion,West,Store A,1
2023-01-25,866.6,Home,North,Store C,1
2023-01-25,951.46,Home,South,Store C,1
2023-01-25,945.12,Home,East,Store B,1
2023-01-25,1045.45,Home,West,Store B,1
2023-01-26,836.84,Grocery,North,Store C,0
2023-01-26,974.64,Grocery,South,Store C,0
2023-01-26,985.45,Grocery,East,Store B,0
2023-01-26,1091.38,Grocery,West,Store B,0
2023-01-26,1047.6,Electronics,North,Store C,0
2023-01-26,1145.23,Electronics,South,Store C,0
2023-01-26,1125.11,Electronics,East,Store B,0
2023-01-26,1385.03,Electronics,West,Store B,0
2023-01-26,665.34,Fashion,North,Store C,0
2023-01-26,810.83,Fashion,South,Store C,0
2023-01-26,779.11,Fashion,East,Store B,0
2023-01-26,890.36,Fashion,West,Store B,0
2023-01-26,891.15,Home,North,Online,0
2023-01-26,1098.08,Home,South,Online,0
2023-01-26,702.5,Home,East,Store C,0
2023-01-26,860.96,Home,West,Store C,0
2023-01-27,1203.66,Grocery,North,Online,0
2023-01-27,1374.95,Grocery,South,Online,0
2023-01-27,880.9,Grocery,East,Store C,0
2023-01-27,1121.64,Grocery,West,Store C,0
2023-01-27,1381.44,Electronics,North,Online,0
2023-01-27,1520.67,Electronics,South,Online,0
2023-01-27,1031.95,Electronics,East,Store C,0
2023-01-27,1178.75,Electronics,West,Store C,0
2023-01-27,997.97,Fashion,North,Online,0
2023-01-27,1171.9,Fashion,South,Online,0
2023-01-27,853.92,Fashion,East,Store C,0
2023-01-27,1053.09,Fashion,West,Store C,0
2023-01-27,704.41,Home,North,Store A,0
2023-01-27,909.96,Home,South,Store A,0
2023-01-27,912.87,Home,East,Online,0
2023-01-27,1174.39,Home,West,Online,0
2023-01-28,1107.99,Grocery,North,Store A,0
2023-01-28,1168.72,Grocery,South,Store A,0
2023-01-28,1437.29,Grocery,East,Online,0
2023-01-28,1607.58,Grocery,West,Online,0
2023-01-28,1312.65,Electronics,North,Store A,0
2023-01-28,1468.78,Electronics,South,Store A,0
2023-01-28,1632.2,Electronics,East,Online,0
2023-01-28,1998.12,Electronics,West,Online,0
2023-01-28,1010.28,Fashion,North,Store A,0
2023-01-28,1179.92,Fashion,South,Store A,0
2023-01-28,1288.66,Fashion,East,Online,0
2023-01-28,1574.43,Fashion,West,Online,0
2023-01-28,836.08,Home,North,Store B,0
2023-01-28,891.94,Home,South,Store B,0
2023-01-28,1004.58,Home,East,Store A,0
2023-01-28,1101.39,Home,West,Store A,0
2023-01-29,1114.44,Grocery,North,Store B,0
2023-01-29,1219.87,Grocery,South,Store B,0
2023-01-29,1157.96,Grocery,East,Store A,0
2023-01-29,1398.37,Grocery,West,Store A,0
2023-01-29,1374.64,Electronics,North,Store B,0
2023-01-29,1556.84,Electronics,South,Store B,0
2023-01-29,1405.98,Electronics,East,Store A,0
2023-01-29,1668.51,Electronics,West,Store A,0
2023-01-29,1023.08,Fashion,North,Store B,0
2023-01-29,1050.68,Fashion,South,Store B,0
2023-01-29,1084.75,Fashion,East,Store A,0
2023-01-29,1260.88,Fashion,West,Store A,0
2023-01-29,821.6,Home,North,Store C,0
2023-01-29,869.74,Home,South,Store C,0
2023-01-29,805.82,Home,East,Store B,0
2023-01-29,943.3,Home,West,Store B,0
2023-01-30,792.67,Grocery,North,Store C,0
2023-01-30,947.02,Grocery,South,Store C,0
2023-01-30,932.42,Grocery,East,Store B,0
2023-01-30,1229.32,Grocery,West,Store B,0
2023-01-30,1088.68,Electronics,North,Store C,0
2023-01-30,1117.08,Electronics,South,Store C,0
2023-01-30,1160.6,Electronics,East,Store B,0
2023-01-30,1328.74,Electronics,West,Store B,0
2023-01-30,766.1,Fashion,North,Store C,0
2023-01-30,900.05,Fashion,South,Store C,0
2023-01-30,902.22,Fashion,East,Store B,0
2023-01-30,1008.96,Fashion,West,Store B,0
2023-01-30,995.09,Home,North,Online,0
2023-01-30,1003.3,Home,South,Online,0
2023-01-30,724.8,Home,East,Store C,0
2023-01-30,1000.39,Home,West,Store C,0
2023-01-31,1165.94,Grocery,North,Online,0
2023-01-31,1392.05,Grocery,South,Online,0
2023-01-31,897.41,Grocery,East,Store C,0
2023-01-31,1088.22,Grocery,West,Store C,0
2023-01-31,1385.19,Electronics,North,Online,0
2023-01-31,1570.94,Electronics,South,Online,0
2023-01-31,1031.0,Electronics,East,Store C,0
2023-01-31,1294.78,Electronics,West,Store C,0
2023-01-31,1009.07,Fashion,North,Online,0
2023-01-31,1238.54,Fashion,South,Online,0
2023-01-31,876.44,Fashion,East,Store C,0
2023-01-31,986.92,Fashion,West,Store C,0
2023-01-31,771.45,Home,North,Store A,0
2023-01-31,921.03,Home,South,Store A,0
2023-01-31,961.54,Home,East,Online,0
2023-01-31,1209.7,Home,West,Online,0
2023-02-01,812.97,Grocery,North,Store B,0
2023-02-01,1021.6,Grocery,South,Store B,0
2023-02-01,901.41,Grocery,East,Store A,0
2023-02-01,1114.35,Grocery,West,Store A,0
2023-02-01,1174.55,Electronics,North,Store B,0
2023-02-01,1300.83,Electronics,South,Store B,0
2023-02-01,1176.94,Electronics,East,Store A,0
2023-02-01,1357.31,Electronics,West,Store A,0
2023-02-01,673.22,Fashion,North,Store B,0
2023-02-01,922.03,Fashion,South,Store B,0
2023-02-01,1058.35,Fashion,East,Store A,0
2023-02-01,1119.09,Fashion,West,Store A,0
2023-02-01,667.06,Home,North,Store C,0
2023-02-01,819.93,Home,South,Store C,0
2023-02-01,689.13,Home,East,Store B,0
2023-02-01,900.97,Home,West,Store B,0
2023-02-02,865.02,Grocery,North,Store C,0
2023-02-02,973.69,Grocery,South,Store C,0
2023-02-02,998.07,Grocery,East,Store B,0
2023-02-02,1148.86,Grocery,West,Store B,0
2023-02-02,1071.13,Electronics,North,Store C,0
2023-02-02,1139.57,Electronics,South,Store C,0
2023-02-02,1198.1,Electronics,East,Store B,0
2023-02-02,1449.3,Electronics,West,Store B,0
2023-02-02,733.35,Fashion,North,Store C,0
2023-02-02,846.69,Fashion,South,Store C,0
2023-02-02,947.14,Fashion,East,Store B,0
2023-02-02,1023.62,Fashion,West,Store B,0
2023-02-02,1019.74,Home,North,Online,0
2023-02-02,1048.54,Home,South,Online,0
2023-02-02,809.08,Home,East,Store C,0
2023-02-02,870.19,Home,West,Store C,0
2023-02-03,1175.13,Grocery,North,Online,0
2023-02-03,1407.54,Grocery,South,Online,0
2023-02-03,878.09,Grocery,East,Store C,0
2023-02-03,1011.16,Grocery,West,Store C,0
2023-02-03,1372.37,Electronics,North,Online,0
2023-02-03,1615.13,Electronics,South,Online,0
2023-02-03,994.51,Electronics,East,Store C,0
2023-02-03,1314.17,Electronics,West,Store C,0
2023-02-03,1032.91,Fashion,North,Online,0
2023-02-03,1272.62,Fashion,South,Online,0
2023-02-03,690.2,Fashion,East,Store C,0
2023-02-03,929.58,Fashion,West,Store C,0
2023-02-03,699.39,Home,North,Store A,0
2023-02-03,856.26,Home,South,Store A,0
2023-02-03,998.29,Home,East,Online,0
2023-02-03,1155.67,Home,West,Online,0
2023-02-04,1117.85,Grocery,North,Store A,0
2023-02-04,1279.55,Grocery,South,Store A,0
2023-02-04,1418.04,Grocery,East,Online,0
2023-02-04,1609.79,Grocery,West,Online,0
2023-02-04,1400.85,Electronics,North,Store A,0
2023-02-04,1586.78,Electronics,South,Store A,0
2023-02-04,1714.17,Electronics,East,Online,0
2023-02-04,2034.56,Electronics,West,Online,0
2023-02-04,1052.17,Fashion,North,Store A,0
2023-02-04,1291.06,Fashion,South,Store A,0
2023-02-04,1282.84,Fashion,East,Online,0
2023-02-04,1507.25,Fashion,West,Online,0
2023-02-04,826.21,Home,North,Store B,0
2023-02-04,930.87,Home,South,Store B,0
2023-02-04,891.51,Home,East,Store A,0
2023-02-04,1087.39,Home,West,Store A,0
2023-02-05,1278.49,Grocery,North,Store B,1
2023-02-05,1478.12,Grocery,South,Store B,1
2023-02-05,1421.62,Grocery,East,Store A,1
2023-02-05,1637.3,Grocery,West,Store A,1
2023-02-05,1592.71,Electronics,North,Store B,1
2023-02-05,1797.29,Electronics,South,Store B,1
2023-02-05,1698.59,Electronics,East,Store A,1
2023-02-05,1985.06,Electronics,West,Store A,1
2023-02-05,1203.87,Fashion,North,Store B,1
2023-02-05,1346.36,Fashion,South,Store B,1
2023-02-05,1218.92,Fashion,East,Store A,1
2023-02-05,1533.34,Fashion,West,Store A,1
2023-02-05,993.83,Home,North,Store C,1
2023-02-05,1065.39,Home,South,Store C,1
2023-02-05,1098.13,Home,East,Store B,1
2023-02-05,1207.45,Home,West,Store B,1
2023-02-06,940.07,Grocery,North,Store C,0
2023-02-06,1055.07,Grocery,South,Store C,0
2023-02-06,948.49,Grocery,East,Store B,0
2023-02-06,1159.13,Grocery,West,Store B,0
2023-02-06,910.29,Electronics,North,Store C,0
2023-02-06,1123.46,Electronics,South,Store C,0
2023-02-06,1141.96,Electronics,East,Store B,0
2023-02-06,1311.87,Electronics,West,Store B,0
2023-02-06,832.43,Fashion,North,Store C,0
2023-02-06,1012.68,Fashion,South,Store C,0
2023-02-06,816.11,Fashion,East,Store B,0
2023-02-06,996.54,Fashion,West,Store B,0
2023-02-06,963.19,Home,North,Online,0
2023-02-06,1170.27,Home,South,Online,0
2023-02-06,667.79,Home,East,Store C,0
2023-02-06,883.72,Home,West,Store C,0
2023-02-07,1270.49,Grocery,North,Online,0
2023-02-07,1241.33,Grocery,South,Online,0
2023-02-07,834.79,Grocery,East,Store C,0
2023-02-07,1048.22,Grocery,West,Store C,0
2023-02-07,1379.72,Electronics,North,Online,0
2023-02-07,1647.82,Electronics,South,Online,0
2023-02-07,1102.66,Electronics,East,Store C,0
2023-02-07,1191.83,Electronics,West,Store C,0
2023-02-07,1099.49,Fashion,North,Online,0
2023-02-07,1187.51,Fashion,South,Online,0
2023-02-07,898.63,Fashion,East,Store C,0
2023-02-07,946.2,Fashion,West,Store C,0
2023-02-07,763.54,Home,North,Store A,0
2023-02-07,938.76,Home,South,Store A,0
2023-02-07,1034.6,Home,East,Online,0
2023-02-07,1199.61,Home,West,Online,0
2023-02-08,890.77,Grocery,North,Store A,0
2023-02-08,1149.09,Grocery,South,Store A,0
2023-02-08,1165.63,Grocery,East,Online,0
2023-02-08,1460.0,Grocery,West,Online,0
2023-02-08,1105.21,Electronics,North,Store A,0
2023-02-08,1371.74,Electronics,South,Store A,0
2023-02-08,1426.8,Electronics,East,Online,0
2023-02-08,1670.83,Electronics,West,Online,0
2023-02-08,939.4,Fashion,North,Store A,0
2023-02-08,1037.91,Fashion,South,Store A,0
2023-02-08,1085.14,Fashion,East,Online,0
2023-02-08,1404.24,Fashion,West,Online,0
2023-02-08,729.72,Home,North,Store B,0
2023-02-08,860.0,Home,South,Store B,0
2023-02-08,848.96,Home,East,Store A,0
2023-02-08,953.3,Home,West,Store A,0
2023-02-09,954.45,Grocery,North,Store B,0
2023-02-09,1027.61,Grocery,South,Store B,0
2023-02-09,1004.68,Grocery,East,Store A,0
2023-02-09,1290.96,Grocery,West,Store A,0
2023-02-09,1060.16,Electronics,North,Store B,0
2023-02-09,1139.22,Electronics,South,Store B,0
2023-02-09,1324.87,Electronics,East,Store A,0
2023-02-09,1603.55,Electronics,West,Store A,0
2023-02-09,827.56,Fashion,North,Store B,0
2023-02-09,860.86,Fashion,South,Store B,0
2023-02-09,923.18,Fashion,East,Store A,0
2023-02-09,1097.22,Fashion,West,Store A,0
2023-02-09,698.73,Home,North,Store C,0
2023-02-09,746.01,Home,South,Store C,0
2023-02-09,819.44,Home,East,Store B,0
2023-02-09,961.07,Home,West,Store B,0
2023-02-10,791.17,Grocery,North,Store C,0
2023-02-10,1032.6,Grocery,South,Store C,0
2023-02-10,1082.8,Grocery,East,Store B,0
2023-02-10,1157.51,Grocery,West,Store B,0
2023-02-10,1032.44,Electronics,North,Store C,0
2023-02-10,1188.53,Electronics,South,Store C,0
2023-02-10,1201.01,Electronics,East,Store B,0
2023-02-10,1286.37,Electronics,West,Store B,0
2023-02-10,808.39,Fashion,North,Store C,0
2023-02-10,888.42,Fashion,South,Store C,0
2023-02-10,989.34,Fashion,East,Store B,0
2023-02-10,1041.18,Fashion,West,Store B,0
2023-02-10,1049.4,Home,North,Online,0
2023-02-10,1029.41,Home,South,Online,0
2023-02-10,773.06,Home,East,Store C,0
2023-02-10,894.39,Home,West,Store C,0
2023-02-11,1320.26,Grocery,North,Online,0
2023-02-11,1567.02,Grocery,South,Online,0
2023-02-11,1124.89,Grocery,East,Store C,0
2023-02-11,1234.76,Grocery,West,Store C,0
2023-02-11,1553.25,Electronics,North,Online,0
2023-02-11,1873.02,Electronics,South,Online,0
2023-02-11,1223.8,Electronics,East,Store C,0
2023-02-11,1488.5,Electronics,West,Store C,0
2023-02-11,1247.63,Fashion,North,Online,0
2023-02-11,1331.48,Fashion,South,Online,0
2023-02-11,879.66,Fashion,East,Store C,0
2023-02-11,1172.93,Fashion,West,Store C,0
2023-02-11,904.73,Home,North,Store A,0
2023-02-11,921.52,Home,South,Store A,0
2023-02-11,1203.52,Home,East,Online,0
2023-02-11,1388.47,Home,West,Online,0
2023-02-12,1110.28,Grocery,North,Store A,0
2023-02-12,1236.1,Grocery,South,Store A,0
2023-02-12,1474.91,Grocery,East,Online,0
2023-02-12,1710.61,Grocery,West,Online,0
2023-02-12,1514.39,Electronics,North,Store A,0
2023-02-12,1597.78,Electronics,South,Store A,0
2023-02-12,1740.89,Electronics,East,Online,0
2023-02-12,2026.22,Electronics,West,Online,0
2023-02-12,1097.05,Fashion,North,Store A,0
2023-02-12,1232.01,Fashion,South,Store A,0
2023-02-12,1376.68,Fashion,East,Online,0
2023-02-12,1519.38,Fashion,West,Online,0
2023-02-12,857.32,Home,North,Store B,0
2023-02-12,976.8,Home,South,Store B,0
2023-02-12,1018.51,Home,East,Store A,0
2023-02-12,1236.52,Home,West,Store A,0
2023-02-13,910.3,Grocery,North,Store B,0
2023-02-13,1041.56,Grocery,South,Store B,0
2023-02-13,1052.33,Grocery,East,Store A,0
2023-02-13,1211.66,Grocery,West,Store A,0
2023-02-13,1178.18,Electronics,North,Store B,0
2023-02-13,1157.66,Electronics,South,Store B,0
2023-02-13,1200.11,Electronics,East,Store A,0
2023-02-13,1431.33,Electronics,West,Store A,0
2023-02-13,728.63,Fashion,North,Store B,0
2023-02-13,921.67,Fashion,South,Store B,0
2023-02-13,897.01,Fashion,East,Store A,0
2023-02-13,1110.28,Fashion,West,Store A,0
2023-02-13,775.73,Home,North,Store C,0
2023-02-13,799.85,Home,South,Store C,0
2023-02-13,736.81,Home,East,Store B,0
2023-02-13,936.11,Home,West,Store B,0
2023-02-14,937.56,Grocery,North,Store C,0
2023-02-14,947.86,Grocery,South,Store C,0
2023-02-14,927.04,Grocery,East,Store B,0
2023-02-14,1187.31,Grocery,West,Store B,0
2023-02-14,1046.62,Electronics,North,Store C,0
2023-02-14,1240.85,Electronics,South,Store C,0
2023-02-14,1175.1,Electronics,East,Store B,0
2023-02-14,1430.42,Electronics,West,Store B,0
2023-02-14,748.36,Fashion,North,Store C,0
2023-02-14,916.0,Fashion,South,Store C,0
2023-02-14,882.72,Fashion,East,Store B,0
2023-02-14,991.7,Fashion,West,Store B,0
2023-02-14,878.8,Home,North,Online,0
2023-02-14,1135.94,Home,South,Online,0
2023-02-14,726.97,Home,East,Store C,0
2023-02-14,827.12,Home,West,Store C,0
2023-02-15,1420.33,Grocery,North,Online,1
2023-02-15,1684.82,Grocery,South,Online,1
2023-02-15,977.29,Grocery,East,Store C,1
2023-02-15,1222.95,Grocery,West,Store C,1
2023-02-15,1664.82,Electronics,North,Online,1
2023-02-15,2033.2,Electronics,South,Online,1
2023-02-15,1342.55,Electronics,East,Store C,1
2023-02-15,1612.95,Electronics,West,Store C,1
2023-02-15,1242.09,Fashion,North,Online,1
2023-02-15,1423.68,Fashion,South,Online,1
2023-02-15,1033.9,Fashion,East,Store C,1
2023-02-15,1197.86,Fashion,West,Store C,1
2023-02-15,1002.94,Home,North,Store A,1
2023-02-15,1096.96,Home,South,Store A,1
2023-02-15,1224.48,Home,East,Online,1
2023-02-15,1439.97,Home,West,Online,1
2023-02-16,1040.94,Grocery,North,Store A,0
2023-02-16,1180.59,Grocery,South,Store A,0
2023-02-16,1151.66,Grocery,East,Online,0
2023-02-16,1345.05,Grocery,West,Online,0
2023-02-16,1256.27,Electronics,North,Store A,0
2023-02-16,1432.62,Electronics,South,Store A,0
2023-02-16,1436.98,Electronics,East,Online,0
2023-02-16,1665.07,Electronics,West,Online,0
2023-02-16,919.02,Fashion,North,Store A,0
2023-02-16,1091.11,Fashion,South,Store A,0
2023-02-16,1234.48,Fashion,East,Online,0
2023-02-16,1372.59,Fashion,West,Online,0
2023-02-16,744.77,Home,North,Store B,0
2023-02-16,821.92,Home,South,Store B,0
2023-02-16,847.25,Home,East,Store A,0
2023-02-16,985.66,Home,West,Store A,0
2023-02-17,886.38,Grocery,North,Store B,0
2023-02-17,1185.2,Grocery,South,Store B,0
2023-02-17,1140.63,Grocery,East,Store A,0
2023-02-17,1296.4,Grocery,West,Store A,0
2023-02-17,1083.2,Electronics,North,Store B,0
2023-02-17,1337.68,Electronics,South,Store B,0
2023-02-17,1289.65,Electronics,East,Store A,0
2023-02-17,1509.22,Electronics,West,Store A,0
2023-02-17,931.1,Fashion,North,Store B,0
2023-02-17,1016.57,Fashion,South,Store B,0
2023-02-17,994.81,Fashion,East,Store A,0
2023-02-17,1164.38,Fashion,West,Store A,0
2023-02-17,738.36,Home,North,Store C,0
2023-02-17,721.04,Home,South,Store C,0
2023-02-17,803.76,Home,East,Store B,0
2023-02-17,915.36,Home,West,Store B,0
2023-02-18,957.42,Grocery,North,Store C,0
2023-02-18,1262.45,Grocery,South,Store C,0
2023-02-18,1236.52,Grocery,East,Store B,0
2023-02-18,1425.84,Grocery,West,Store B,0
2023-02-18,1250.89,Electronics,North,Store C,0
2023-02-18,1482.2,Electronics,South,Store C,0
2023-02-18,1374.25,Electronics,East,Store B,0
2023-02-18,1637.03,Electronics,West,Store B,0
2023-02-18,880.57,Fashion,North,Store C,0
2023-02-18,1092.64,Fashion,South,Store C,0
2023-02-18,1048.02,Fashion,East,Store B,0
2023-02-18,1164.94,Fashion,West,Store B,0
2023-02-18,1124.22,Home,North,Online,0
2023-02-18,1278.51,Home,South,Online,0
2023-02-18,970.63,Home,East,Store C,0
2023-02-18,1081.07,Home,West,Store C,0
2023-02-19,1388.28,Grocery,North,Online,0
2023-02-19,1593.24,Grocery,South,Online,0
2023-02-19,1075.79,Grocery,East,Store C,0
2023-02-19,1259.34,Grocery,West,Store C,0
2023-02-19,1610.35,Electronics,North,Online,0
2023-02-19,1892.52,Electronics,South,Online,0
2023-02-19,1250.63,Electronics,East,Store C,0
2023-02-19,1460.14,Electronics,West,Store C,0
2023-02-19,1298.17,Fashion,North,Online,0
2023-02-19,1467.22,Fashion,South,Online,0
2023-02-19,884.13,Fashion,East,Store C,0
2023-02-19,1156.09,Fashion,West,Store C,0
2023-02-19,1001.61,Home,North,Store A,0
2023-02-19,1136.05,Home,South,Store A,0
2023-02-19,1233.4,Home,East,Online,0
2023-02-19,1395.29,Home,West,Online,0
2023-02-20,958.5,Grocery,North,Store A,0
2023-02-20,1084.36,Grocery,South,Store A,0
2023-02-20,1268.18,Grocery,East,Online,0
2023-02-20,1499.54,Grocery,West,Online,0
2023-02-20,1280.18,Electronics,North,Store A,0
2023-02-20,1437.13,Electronics,South,Store A,0
2023-02-20,1496.03,Electronics,East,Online,0
2023-02-20,1710.99,Electronics,West,Online,0
2023-02-20,902.26,Fashion,North,Store A,0
2023-02-20,1058.96,Fashion,South,Store A,0
2023-02-20,1132.25,Fashion,East,Online,0
2023-02-20,1321.58,Fashion,West,Online,0
2023-02-20,784.35,Home,North,Store B,0
2023-02-20,849.27,Home,South,Store B,0
2023-02-20,817.85,Home,East,Store A,0
2023-02-20,1026.09,Home,West,Store A,0
2023-02-21,926.43,Grocery,North,Store B,0
2023-02-21,1093.15,Grocery,South,Store B,0
2023-02-21,1064.48,Grocery,East,Store A,0
2023-02-21,1179.54,Grocery,West,Store A,0
2023-02-21,1115.0,Electronics,North,Store B,0
2023-02-21,1378.41,Electronics,South,Store B,0
2023-02-21,1198.99,Electronics,East,Store A,0
2023-02-21,1378.45,Electronics,West,Store A,0
2023-02-21,765.76,Fashion,North,Store B,0
2023-02-21,989.82,Fashion,South,Store B,0
2023-02-21,962.22,Fashion,East,Store A,0
2023-02-21,1130.47,Fashion,West,Store A,0
2023-02-21,791.23,Home,North,Store C,0
2023-02-21,677.63,Home,South,Store C,0
2023-02-21,826.31,Home,East,Store B,0
2023-02-21,1038.19,Home,West,Store B,0
2023-02-22,829.87,Grocery,North,Store C,0
2023-02-22,994.36,Grocery,South,Store C,0
2023-02-22,949.09,Grocery,East,Store B,0
2023-02-22,1123.24,Grocery,West,Store B,0
2023-02-22,1055.36,Electronics,North,Store C,0
2023-02-22,1300.25,Electronics,South,Store C,0
2023-02-22,1293.01,Electronics,East,Store B,0
2023-02-22,1392.41,Electronics,West,Store B,0
2023-02-22,921.1,Fashion,North,Store C,0
2023-02-22,931.17,Fashion,South,Store C,0
2023-02-22,1003.01,Fashion,East,Store B,0
2023-02-22,1067.94,Fashion,West,Store B,0
2023-02-22,985.21,Home,North,Online,0
2023-02-22,1133.36,Home,South,Online,0
2023-02-22,931.33,Home,East,Store C,0
2023-02-22,942.26,Home,West,Store C,0
2023-02-23,1165.13,Grocery,North,Online,0
2023-02-23,1423.84,Grocery,South,Online,0
2023-02-23,911.43,Grocery,East,Store C,0
2023-02-23,1075.45,Grocery,West,Store C,0
2023-02-23,1498.89,Electronics,North,Online,0
2023-02-23,1651.01,Electronics,South,Online,0
2023-02-23,1136.07,Electronics,East,Store C,0
2023-02-23,1327.37,Electronics,West,Store C,0
2023-02-23,1120.51,Fashion,North,Online,0
2023-02-23,1277.77,Fashion,South,Online,0
2023-02-23,745.87,Fashion,East,Store C,0
2023-02-23,1045.63,Fashion,West,Store C,0
2023-02-23,767.55,Home,North,Store A,0
2023-02-23,855.85,Home,South,Store A,0
2023-02-23,1018.02,Home,East,Online,0
2023-02-23,1213.43,Home,West,Online,0
2023-02-24,973.26,Grocery,North,Store A,0
2023-02-24,1196.98,Grocery,South,Store A,0
2023-02-24,1183.4,Grocery,East,Online,0
2023-02-24,1465.75,Grocery,West,Online,0
2023-02-24,1184.94,Electronics,North,Store A,0
2023-02-24,1382.87,Electronics,South,Store A,0
2023-02-24,1528.26,Electronics,East,Online,0
2023-02-24,1735.37,Electronics,West,Online,0
2023-02-24,965.53,Fashion,North,Store A,0
2023-02-24,1057.18,Fashion,South,Store A,0
2023-02-24,1046.62,Fashion,East,Online,0
2023-02-24,1254.3,Fashion,West,Online,0
2023-02-24,774.69,Home,North,Store B,0
2023-02-24,870.44,Home,South,Store B,0
2023-02-24,852.16,Home,East,Store A,0
2023-02-24,1013.88,Home,West,Store A,0
2023-02-25,1341.08,Grocery,North,Store B,1
2023-02-25,1564.55,Grocery,South,Store B,1
2023-02-25,1408.91,Grocery,East,Store A,1
2023-02-25,1675.57,Grocery,West,Store A,1
2023-02-25,1538.78,Electronics,North,Store B,1
2023-02-25,1835.93,Electronics,South,Store B,1
2023-02-25,1837.48,Electronics,East,Store A,1
2023-02-25,2070.21,Electronics,West,Store A,1
2023-02-25,1078.48,Fashion,North,Store B,1
2023-02-25,1290.53,Fashion,South,Store B,1
2023-02-25,1299.63,Fashion,East,Store A,1
2023-02-25,1561.89,Fashion,West,Store A,1
2023-02-25,992.31,Home,North,Store C,1
2023-02-25,1157.24,Home,South,Store C,1
2023-02-25,1109.81,Home,East,Store B,1
2023-02-25,1391.66,Home,West,Store B,1
2023-02-26,1003.82,Grocery,North,Store C,0
2023-02-26,1137.54,Grocery,South,Store C,0
2023-02-26,1182.41,Grocery,East,Store B,0
2023-02-26,1283.95,Grocery,West,Store B,0
2023-02-26,1274.16,Electronics,North,Store C,0
2023-02-26,1431.61,Electronics,South,Store C,0
2023-02-26,1383.1,Electronics,East,Store B,0
2023-02-26,1734.09,Electronics,West,Store B,0
2023-02-26,918.55,Fashion,North,Store C,0
2023-02-26,1197.86,Fashion,South,Store C,0
2023-02-26,1045.7,Fashion,East,Store B,0
2023-02-26,1182.21,Fashion,West,Store B,0
2023-02-26,1145.34,Home,North,Online,0
2023-02-26,1240.16,Home,South,Online,0
2023-02-26,841.6,Home,East,Store C,0
2023-02-26,1066.96,Home,West,Store C,0
2023-02-27,1241.89,Grocery,North,Online,0
2023-02-27,1344.64,Grocery,South,Online,0
2023-02-27,991.28,Grocery,East,Store C,0
2023-02-27,1172.73,Grocery,West,Store C,0
2023-02-27,1536.7,Electronics,North,Online,0
2023-02-27,1688.42,Electronics,South,Online,0
2023-02-27,1202.53,Electronics,East,Store C,0
2023-02-27,1231.2,Electronics,West,Store C,0
2023-02-27,1091.19,Fashion,North,Online,0
2023-02-27,1214.32,Fashion,South,Online,0
2023-02-27,864.13,Fashion,East,Store C,0
2023-02-27,983.65,Fashion,West,Store C,0
2023-02-27,817.4,Home,North,Store A,0
2023-02-27,1044.37,Home,South,Store A,0
2023-02-27,1018.09,Home,East,Online,0
2023-02-27,1238.9,Home,West,Online,0
2023-02-28,1004.65,Grocery,North,Store A,0
2023-02-28,1162.29,Grocery,South,Store A,0
2023-02-28,1265.03,Grocery,East,Online,0
2023-02-28,1521.65,Grocery,West,Online,0
2023-02-28,1288.45,Electronics,North,Store A,0
2023-02-28,1484.29,Electronics,South,Store A,0
2023-02-28,1538.95,Electronics,East,Online,0
2023-02-28,1833.89,Electronics,West,Online,0
2023-02-28,867.9,Fashion,North,Store A,0
2023-02-28,1055.15,Fashion,South,Store A,0
2023-02-28,1209.24,Fashion,East,Online,0
2023-02-28,1417.75,Fashion,West,Online,0
2023-02-28,791.62,Home,North,Store B,0
2023-02-28,936.6,Home,South,Store B,0
2023-02-28,889.95,Home,East,Store A,0
2023-02-28,1087.47,Home,West,Store A,0
2023-03-01,975.99,Grocery,North,Store B,0
2023-03-01,1073.29,Grocery,South,Store B,0
2023-03-01,1080.69,Grocery,East,Store A,0
2023-03-01,1096.13,Grocery,West,Store A,0
2023-03-01,1176.41,Electronics,North,Store B,0
2023-03-01,1114.47,Electronics,South,Store B,0
2023-03-01,1183.47,Electronics,East,Store A,0
2023-03-01,1537.89,Electronics,West,Store A,0
2023-03-01,904.98,Fashion,North,Store B,0
2023-03-01,936.31,Fashion,South,Store B,0
2023-03-01,933.03,Fashion,East,Store A,0
2023-03-01,1226.14,Fashion,West,Store A,0
2023-03-01,706.64,Home,North,Store C,0
2023-03-01,958.03,Home,South,Store C,0
2023-03-01,814.21,Home,East,Store B,0
2023-03-01,986.33,Home,West,Store B,0
2023-03-02,991.47,Grocery,North,Store C,0
2023-03-02,1034.57,Grocery,South,Store C,0
2023-03-02,947.19,Grocery,East,Store B,0
2023-03-02,1180.38,Grocery,West,Store B,0
2023-03-02,1084.16,Electronics,North,Store C,0
2023-03-02,1161.26,Electronics,South,Store C,0
2023-03-02,1192.11,Electronics,East,Store B,0
2023-03-02,1386.9,Electronics,West,Store B,0
2023-03-02,876.9,Fashion,North,Store C,0
2023-03-02,942.2,Fashion,South,Store C,0
2023-03-02,901.82,Fashion,East,Store B,0
2023-03-02,1080.03,Fashion,West,Store B,0
2023-03-02,1001.95,Home,North,Online,0
2023-03-02,1160.47,Home,South,Online,0
2023-03-02,710.54,Home,East,Store C,0
2023-03-02,848.84,Home,West,Store C,0
2023-03-03,1278.88,Grocery,North,Online,0
2023-03-03,1363.91,Grocery,South,Online,0
2023-03-03,864.3,Grocery,East,Store C,0
2023-03-03,1139.7,Grocery,West,Store C,0
2023-03-03,1491.36,Electronics,North,Online,0
2023-03-03,1584.42,Electronics,South,Online,0
2023-03-03,1146.49,Electronics,East,Store C,0
2023-03-03,1382.58,Electronics,West,Store C,0
2023-03-03,1135.48,Fashion,North,Online,0
2023-03-03,1303.84,Fashion,South,Online,0
2023-03-03,785.14,Fashion,East,Store C,0
2023-03-03,1038.98,Fashion,West,Store C,0
2023-03-03,814.53,Home,North,Store A,0
2023-03-03,919.57,Home,South,Store A,0
2023-03-03,1081.07,Home,East,Online,0
2023-03-03,1304.32,Home,West,Online,0
2023-03-04,1285.38,Grocery,North,Store A,0
2023-03-04,1423.12,Grocery,South,Store A,0
2023-03-04,1469.07,Grocery,East,Online,0
2023-03-04,1765.44,Grocery,West,Online,0
2023-03-04,1470.22,Electronics,North,Store A,0
2023-03-04,1632.21,Electronics,South,Store A,0
2023-03-04,1782.32,Electronics,East,Online,0
2023-03-04,2146.48,Electronics,West,Online,0
2023-03-04,1082.86,Fashion,North,Store A,0
2023-03-04,1196.22,Fashion,South,Store A,0
2023-03-04,1327.3,Fashion,East,Online,0
2023-03-04,1632.94,Fashion,West,Online,0
2023-03-04,909.91,Home,North,Store B,0
2023-03-04,1054.27,Home,South,Store B,0
2023-03-04,1043.38,Home,East,Store A,0
2023-03-04,1170.78,Home,West,Store A,0
2023-03-05,1385.2,Grocery,North,Store B,1
2023-03-05,1550.26,Grocery,South,Store B,1
2023-03-05,1418.63,Grocery,East,Store A,1
2023-03-05,1838.91,Grocery,West,Store A,1
2023-03-05,1589.35,Electronics,North,Store B,1
2023-03-05,1749.47,Electronics,South,Store B,1
2023-03-05,1731.42,Electronics,East,Store A,1
2023-03-05,2061.31,Electronics,West,Store A,1
2023-03-05,1232.61,Fashion,North,Store B,1
2023-03-05,1384.75,Fashion,South,Store B,1
2023-03-05,1342.04,Fashion,East,Store A,1
2023-03-05,1644.55,Fashion,West,Store A,1
2023-03-05,1044.87,Home,North,Store C,1
2023-03-05,1185.48,Home,South,Store C,1
2023-03-05,1162.16,Home,East,Store B,1
2023-03-05,1382.83,Home,West,Store B,1
2023-03-06,791.35,Grocery,North,Store C,0
2023-03-06,1012.72,Grocery,South,Store C,0
2023-03-06,887.67,Grocery,East,Store B,0
2023-03-06,1194.64,Grocery,West,Store B,0
2023-03-06,1091.57,Electronics,North,Store C,0
2023-03-06,1300.32,Electronics,South,Store C,0
2023-03-06,1277.84,Electronics,East,Store B,0
2023-03-06,1446.38,Electronics,West,Store B,0
2023-03-06,802.88,Fashion,North,Store C,0
2023-03-06,971.93,Fashion,South,Store C,0
2023-03-06,893.16,Fashion,East,Store B,0
2023-03-06,1091.5,Fashion,West,Store B,0
2023-03-06,1049.11,Home,North,Online,0
2023-03-06,1101.79,Home,South,Online,0
2023-03-06,813.86,Home,East,Store C,0
2023-03-06,948.15,Home,West,Store C,0
2023-03-07,1171.87,Grocery,North,Online,0
2023-03-07,1447.27,Grocery,South,Online,0
2023-03-07,985.49,Grocery,East,Store C,0
2023-03-07,1126.62,Grocery,West,Store C,0
2023-03-07,1431.48,Electronics,North,Online,0
2023-03-07,1629.92,Electronics,South,Online,0
2023-03-07,1110.12,Electronics,East,Store C,0
2023-03-07,1378.87,Electronics,West,Store C,0
2023-03-07,1068.06,Fashion,North,Online,0
2023-03-07,1299.66,Fashion,South,Online,0
2023-03-07,798.51,Fashion,East,Store C,0
2023-03-07,1014.79,Fashion,West,Store C,0
2023-03-07,841.47,Home,North,Store A,0
2023-03-07,1085.47,Home,South,Store A,0
2023-03-07,962.74,Home,East,Online,0
2023-03-07,1310.2,Home,West,Online,0
2023-03-08,1036.38,Grocery,North,Store A,0
2023-03-08,1192.94,Grocery,South,Store A,0
2023-03-08,1284.53,Grocery,East,Online,0
2023-03-08,1537.22,Grocery,West,Online,0
2023-03-08,1228.8,Electronics,North,Store A,0
2023-03-08,1488.34,Electronics,South,Store A,0
2023-03-08,1512.85,Electronics,East,Online,0
2023-03-08,1882.72,Electronics,West,Online,0
2023-03-08,905.57,Fashion,North,Store A,0
2023-03-08,1067.84,Fashion,South,Store A,0
2023-03-08,1110.76,Fashion,East,Online,0
2023-03-08,1409.59,Fashion,West,Online,0
2023-03-08,867.68,Home,North,Store B,0
2023-03-08,892.95,Home,South,Store B,0
2023-03-08,861.22,Home,East,Store A,0
2023-03-08,970.91,Home,West,Store A,0
2023-03-09,957.35,Grocery,North,Store B,0
2023-03-09,1016.51,Grocery,South,Store B,0
2023-03-09,1022.94,Grocery,East,Store A,0
2023-03-09,1282.74,Grocery,West,Store A,0
2023-03-09,1239.79,Electronics,North,Store B,0
2023-03-09,1483.18,Electronics,South,Store B,0
2023-03-09,1259.16,Electronics,East,Store A,0
2023-03-09,1607.56,Electronics,West,Store A,0
2023-03-09,901.17,Fashion,North,Store B,0
2023-03-09,1002.22,Fashion,South,Store B,0
2023-03-09,1006.0,Fashion,East,Store A,0
2023-03-09,1166.02,Fashion,West,Store A,0
2023-03-09,746.88,Home,North,Store C,0
2023-03-09,820.8,Home,South,Store C,0
2023-03-09,745.81,Home,East,Store B,0
2023-03-09,888.91,Home,West,Store B,0
2023-03-10,947.55,Grocery,North,Store C,0
2023-03-10,1022.48,Grocery,South,Store C,0
2023-03-10,979.62,Grocery,East,Store B,0
2023-03-10,1198.82,Grocery,West,Store B,0
2023-03-10,1140.76,Electronics,North,Store C,0
2023-03-10,1258.68,Electronics,South,Store C,0
2023-03-10,1182.23,Electronics,East,Store B,0
2023-03-10,1509.53,Electronics,West,Store B,0
2023-03-10,921.22,Fashion,North,Store C,0
2023-03-10,976.96,Fashion,South,Store C,0
2023-03-10,980.15,Fashion,East,Store B,0
2023-03-10,1165.1,Fashion,West,Store B,0
2023-03-10,1061.78,Home,North,Online,0
2023-03-10,1171.65,Home,South,Online,0
2023-03-10,806.13,Home,East,Store C,0
2023-03-10,943.82,Home,West,Store C,0
2023-03-11,1366.54,Grocery,North,Online,0
2023-03-11,1662.77,Grocery,South,Online,0
2023-03-11,1029.14,Grocery,East,Store C,0
2023-03-11,1262.73,Grocery,West,Store C,0
2023-03-11,1788.81,Electronics,North,Online,0
2023-03-11,2000.8,Electronics,South,Online,0
2023-03-11,1410.01,Electronics,East,Store C,0
2023-03-11,1557.21,Electronics,West,Store C,0
2023-03-11,1242.6,Fashion,North,Online,0
2023-03-11,1473.36,Fashion,South,Online,0
2023-03-11,1015.79,Fashion,East,Store C,0
2023-03-11,1200.07,Fashion,West,Store C,0
2023-03-11,1035.98,Home,North,Store A,0
2023-03-11,1088.41,Home,South,Store A,0
2023-03-11,1229.62,Home,East,Online,0
2023-03-11,1378.18,Home,West,Online,0
2023-03-12,1222.82,Grocery,North,Store A,0
2023-03-12,1363.91,Grocery,South,Store A,0
2023-03-12,1447.99,Grocery,East,Online,0
2023-03-12,1749.79,Grocery,West,Online,0
2023-03-12,1431.59,Electronics,North,Store A,0
2023-03-12,1626.25,Electronics,South,Store A,0
2023-03-12,1889.55,Electronics,East,Online,0
2023-03-12,2115.88,Electronics,West,Online,0
2023-03-12,1083.11,Fashion,North,Store A,0
2023-03-12,1132.81,Fashion,South,Store A,0
2023-03-12,1313.84,Fashion,East,Online,0
2023-03-12,1598.91,Fashion,West,Online,0
2023-03-12,880.73,Home,North,Store B,0
2023-03-12,1121.47,Home,South,Store B,0
2023-03-12,1007.09,Home,East,Store A,0
2023-03-12,1273.67,Home,West,Store A,0
2023-03-13,977.64,Grocery,North,Store B,0
2023-03-13,1111.03,Grocery,South,Store B,0
2023-03-13,1073.0,Grocery,East,Store A,0
2023-03-13,1276.08,Grocery,West,Store A,0
2023-03-13,1266.93,Electronics,North,Store B,0
2023-03-13,1206.96,Electronics,South,Store B,0
2023-03-13,1187.03,Electronics,East,Store A,0
2023-03-13,1505.49,Electronics,West,Store A,0
2023-03-13,892.48,Fashion,North,Store B,0
2023-03-13,1052.96,Fashion,South,Store B,0
2023-03-13,1012.56,Fashion,East,Store A,0
2023-03-13,1146.61,Fashion,West,Store A,0
2023-03-13,800.13,Home,North,Store C,0
2023-03-13,903.64,Home,South,Store C,0
2023-03-13,836.46,Home,East,Store B,0
2023-03-13,1031.06,Home,West,Store B,0
2023-03-14,930.53,Grocery,North,Store C,0
2023-03-14,1011.27,Grocery,South,Store C,0
2023-03-14,1055.12,Grocery,East,Store B,0
2023-03-14,1209.58,Grocery,West,Store B,0
2023-03-14,1101.82,Electronics,North,Store C,0
2023-03-14,1335.13,Electronics,South,Store C,0
2023-03-14,1088.74,Electronics,East,Store B,0
2023-03-14,1370.3,Electronics,West,Store B,0
2023-03-14,772.66,Fashion,North,Store C,0
2023-03-14,933.85,Fashion,South,Store C,0
2023-03-14,916.58,Fashion,East,Store B,0
2023-03-14,1018.6,Fashion,West,Store B,0
2023-03-14,949.73,Home,North,Online,0
2023-03-14,1095.41,Home,South,Online,0
2023-03-14,911.7,Home,East,Store C,0
2023-03-14,1018.26,Home,West,Store C,0
2023-03-15,1459.6,Grocery,North,Online,1
2023-03-15,1667.24,Grocery,South,Online,1
2023-03-15,1083.32,Grocery,East,Store C,1
2023-03-15,1252.17,Grocery,West,Store C,1
2023-03-15,1777.3,Electronics,North,Online,1
2023-03-15,1975.53,Electronics,South,Online,1
2023-03-15,1375.06,Electronics,East,Store C,1
2023-03-15,1545.13,Electronics,West,Store C,1
2023-03-15,1314.73,Fashion,North,Online,1
2023-03-15,1552.43,Fashion,South,Online,1
2023-03-15,1069.51,Fashion,East,Store C,1
2023-03-15,1265.07,Fashion,West,Store C,1
2023-03-15,938.77,Home,North,Store A,1
2023-03-15,1198.28,Home,South,Store A,1
2023-03-15,1213.2,Home,East,Online,1
2023-03-15,1522.94,Home,West,Online,1
2023-03-16,1036.39,Grocery,North,Store A,0
2023-03-16,1104.69,Grocery,South,Store A,0
2023-03-16,1271.62,Grocery,East,Online,0
2023-03-16,1545.86,Grocery,West,Online,0
2023-03-16,1281.6,Electronics,North,Store A,0
2023-03-16,1412.72,Electronics,South,Store A,0
2023-03-16,1635.43,Electronics,East,Online,0
2023-03-16,1891.51,Electronics,West,Online,0
2023-03-16,934.98,Fashion,North,Store A,0
2023-03-16,1121.61,Fashion,South,Store A,0
2023-03-16,1286.13,Fashion,East,Online,0
2023-03-16,1504.29,Fashion,West,Online,0
2023-03-16,727.43,Home,North,Store B,0
2023-03-16,853.96,Home,South,Store B,0
2023-03-16,961.21,Home,East,Store A,0
2023-03-16,982.89,Home,West,Store A,0
2023-03-17,905.32,Grocery,North,Store B,0
2023-03-17,1086.59,Grocery,South,Store B,0
2023-03-17,1105.23,Grocery,East,Store A,0
2023-03-17,1275.24,Grocery,West,Store A,0
2023-03-17,1141.21,Electronics,North,Store B,0
2023-03-17,1302.69,Electronics,South,Store B,0
2023-03-17,1263.02,Electronics,East,Store A,0
2023-03-17,1493.01,Electronics,West,Store A,0
2023-03-17,1020.67,Fashion,North,Store B,0
2023-03-17,1035.34,Fashion,South,Store B,0
2023-03-17,1039.18,Fashion,East,Store A,0
2023-03-17,1145.42,Fashion,West,Store A,0
2023-03-17,736.77,Home,North,Store C,0
2023-03-17,811.06,Home,South,Store C,0
2023-03-17,683.73,Home,East,Store B,0
2023-03-17,906.15,Home,West,Store B,0
2023-03-18,966.47,Grocery,North,Store C,0
2023-03-18,1089.74,Grocery,South,Store C,0
2023-03-18,1118.15,Grocery,East,Store B,0
2023-03-18,1474.22,Grocery,West,Store B,0
2023-03-18,1280.43,Electronics,North,Store C,0
2023-03-18,1531.27,Electronics,South,Store C,0
2023-03-18,1447.29,Electronics,East,Store B,0
2023-03-18,1729.41,Electronics,West,Store B,0
2023-03-18,926.16,Fashion,North,Store C,0
2023-03-18,1139.46,Fashion,South,Store C,0
2023-03-18,1123.65,Fashion,East,Store B,0
2023-03-18,1250.87,Fashion,West,Store B,0
2023-03-18,1199.74,Home,North,Online,0
2023-03-18,1361.77,Home,South,Online,0
2023-03-18,873.98,Home,East,Store C,0
2023-03-18,1008.53,Home,West,Store C,0
2023-03-19,1372.97,Grocery,North,Online,0
2023-03-19,1641.74,Grocery,South,Online,0
2023-03-19,1130.37,Grocery,East,Store C,0
2023-03-19,1273.11,Grocery,West,Store C,0
2023-03-19,1732.06,Electronics,North,Online,0
2023-03-19,2001.31,Electronics,South,Online,0
2023-03-19,1372.63,Electronics,East,Store C,0
2023-03-19,1669.85,Electronics,West,Store C,0
2023-03-19,1386.46,Fashion,North,Online,0
2023-03-19,1443.19,Fashion,South,Online,0
2023-03-19,1110.71,Fashion,East,Store C,0
2023-03-19,1175.91,Fashion,West,Store C,0
2023-03-19,1038.74,Home,North,Store A,0
2023-03-19,1120.72,Home,South,Store A,0
2023-03-19,1197.1,Home,East,Online,0
2023-03-19,1344.38,Home,West,Online,0
2023-03-20,1031.22,Grocery,North,Store A,0
2023-03-20,1098.81,Grocery,South,Store A,0
2023-03-20,1346.78,Grocery,East,Online,0
2023-03-20,1614.6,Grocery,West,Online,0
2023-03-20,1208.48,Electronics,North,Store A,0
2023-03-20,1442.11,Electronics,South,Store A,0
2023-03-20,1516.78,Electronics,East,Online,0
2023-03-20,1808.03,Electronics,West,Online,0
2023-03-20,995.06,Fashion,North,Store A,0
2023-03-20,1082.07,Fashion,South,Store A,0
2023-03-20,1279.63,Fashion,East,Online,0
2023-03-20,1374.89,Fashion,West,Online,0
2023-03-20,852.75,Home,North,Store B,0
2023-03-20,913.48,Home,South,Store B,0
2023-03-20,926.43,Home,East,Store A,0
2023-03-20,1020.19,Home,West,Store A,0
2023-03-21,978.68,Grocery,North,Store B,0
2023-03-21,1110.78,Grocery,South,Store B,0
2023-03-21,1039.83,Grocery,East,Store A,0
2023-03-21,1321.66,Grocery,West,Store A,0
2023-03-21,1216.78,Electronics,North,Store B,0
2023-03-21,1376.99,Electronics,South,Store B,0
2023-03-21,1391.19,Electronics,East,Store A,0
2023-03-21,1626.37,Electronics,West,Store A,0
2023-03-21,877.61,Fashion,North,Store B,0
2023-03-21,1042.98,Fashion,South,Store B,0
2023-03-21,959.5,Fashion,East,Store A,0
2023-03-21,1177.61,Fashion,West,Store A,0
2023-03-21,716.56,Home,North,Store C,0
2023-03-21,942.31,Home,South,Store C,0
2023-03-21,852.41,Home,East,Store B,0
2023-03-21,973.31,Home,West,Store B,0
2023-03-22,987.68,Grocery,North,Store C,0
2023-03-22,930.17,Grocery,South,Store C,0
2023-03-22,913.19,Grocery,East,Store B,0
2023-03-22,1255.81,Grocery,West,Store B,0
2023-03-22,1112.89,Electronics,North,Store C,0
2023-03-22,1276.79,Electronics,South,Store C,0
2023-03-22,1159.27,Electronics,East,Store B,0
2023-03-22,1457.27,Electronics,West,Store B,0
2023-03-22,954.09,Fashion,North,Store C,0
2023-03-22,1005.94,Fashion,South,Store C,0
2023-03-22,946.52,Fashion,East,Store B,0
2023-03-22,1085.17,Fashion,West,Store B,0
2023-03-22,989.34,Home,North,Online,0
2023-03-22,1033.76,Home,South,Online,0
2023-03-22,796.22,Home,East,Store C,0
2023-03-22,972.19,Home,West,Store C,0
2023-03-23,1157.01,Grocery,North,Online,0
2023-03-23,1379.28,Grocery,South,Online,0
2023-03-23,898.32,Grocery,East,Store C,0
2023-03-23,1085.58,Grocery,West,Store C,0
2023-03-23,1499.56,Electronics,North,Online,0
2023-03-23,1588.95,Electronics,South,Online,0
2023-03-23,1191.43,Electronics,East,Store C,0
2023-03-23,1411.73,Electronics,West,Store C,0
2023-03-23,1124.46,Fashion,North,Online,0
2023-03-23,1159.25,Fashion,South,Online,0
2023-03-23,825.66,Fashion,East,Store C,0
2023-03-23,1109.99,Fashion,West,Store C,0
2023-03-23,695.81,Home,North,Store A,0
2023-03-23,946.85,Home,South,Store A,0
2023-03-23,989.95,Home,East,Online,0
2023-03-23,1292.85,Home,West,Online,0
2023-03-24,1006.68,Grocery,North,Store A,0
2023-03-24,1210.39,Grocery,South,Store A,0
2023-03-24,1328.61,Grocery,East,Online,0
2023-03-24,1636.82,Grocery,West,Online,0
2023-03-24,1244.96,Electronics,North,Store A,0
2023-03-24,1450.52,Electronics,South,Store A,0
2023-03-24,1479.73,Electronics,East,Online,0
2023-03-24,1913.67,Electronics,West,Online,0
2023-03-24,913.53,Fashion,North,Store A,0
2023-03-24,1056.64,Fashion,South,Store A,0
2023-03-24,1186.33,Fashion,East,Online,0
2023-03-24,1319.71,Fashion,West,Online,0
2023-03-24,812.8,Home,North,Store B,0
2023-03-24,964.09,Home,South,Store B,0
2023-03-24,901.45,Home,East,Store A,0
2023-03-24,960.57,Home,West,Store A,0
2023-03-25,1363.29,Grocery,North,Store B,1
2023-03-25,1600.39,Grocery,South,Store B,1
2023-03-25,1412.56,Grocery,East,Store A,1
2023-03-25,1735.16,Grocery,West,Store A,1
2023-03-25,1696.97,Electronics,North,Store B,1
2023-03-25,1891.63,Electronics,South,Store B,1
2023-03-25,1846.82,Electronics,East,Store A,1
2023-03-25,2261.48,Electronics,West,Store A,1
2023-03-25,1279.76,Fashion,North,Store B,1
2023-03-25,1463.59,Fashion,South,Store B,1
2023-03-25,1536.48,Fashion,East,Store A,1
2023-03-25,1630.46,Fashion,West,Store A,1
2023-03-25,1002.53,Home,North,Store C,1
2023-03-25,1214.66,Home,South,Store C,1
2023-03-25,1186.23,Home,East,Store B,1
2023-03-25,1346.56,Home,West,Store B,1
2023-03-26,1015.76,Grocery,North,Store C,0
2023-03-26,1347.91,Grocery,South,Store C,0
2023-03-26,1209.08,Grocery,East,Store B,0
2023-03-26,1369.6,Grocery,West,Store B,0
2023-03-26,1341.06,Electronics,North,Store C,0
2023-03-26,1463.18,Electronics,South,Store C,0
2023-03-26,1419.45,Electronics,East,Store B,0
2023-03-26,1727.56,Electronics,West,Store B,0
2023-03-26,910.59,Fashion,North,Store C,0
2023-03-26,1136.8,Fashion,South,Store C,0
2023-03-26,1195.37,Fashion,East,Store B,0
2023-03-26,1316.04,Fashion,West,Store B,0
2023-03-26,1155.39,Home,North,Online,0
2023-03-26,1310.84,Home,South,Online,0
2023-03-26,887.14,Home,East,Store C,0
2023-03-26,1062.82,Home,West,Store C,0
2023-03-27,1226.19,Grocery,North,Online,0
2023-03-27,1469.82,Grocery,South,Online,0
2023-03-27,869.21,Grocery,East,Store C,0
2023-03-27,1189.11,Grocery,West,Store C,0
2023-03-27,1479.71,Electronics,North,Online,0
2023-03-27,1728.85,Electronics,South,Online,0
2023-03-27,1098.73,Electronics,East,Store C,0
2023-03-27,1446.99,Electronics,West,Store C,0
2023-03-27,1209.8,Fashion,North,Online,0
2023-03-27,1351.91,Fashion,South,Online,0
2023-03-27,799.49,Fashion,East,Store C,0
2023-03-27,1090.55,Fashion,West,Store C,0
2023-03-27,873.12,Home,North,Store A,0
2023-03-27,880.24,Home,South,Store A,0
2023-03-27,1056.32,Home,East,Online,0
2023-03-27,1271.97,Home,West,Online,0
2023-03-28,1077.04,Grocery,North,Store A,0
2023-03-28,1200.93,Grocery,South,Store A,0
2023-03-28,1316.81,Grocery,East,Online,0
2023-03-28,1620.76,Grocery,West,Online,0
2023-03-28,1326.73,Electronics,North,Store A,0
2023-03-28,1275.77,Electronics,South,Store A,0
2023-03-28,1547.9,Electronics,East,Online,0
2023-03-28,1843.82,Electronics,West,Online,0
2023-03-28,861.41,Fashion,North,Store A,0
2023-03-28,1095.41,Fashion,South,Store A,0
2023-03-28,1259.24,Fashion,East,Online,0
2023-03-28,1349.47,Fashion,West,Online,0
2023-03-28,820.74,Home,North,Store B,0
2023-03-28,862.82,Home,South,Store B,0
2023-03-28,850.63,Home,East,Store A,0
2023-03-28,1131.86,Home,West,Store A,0
2023-03-29,956.79,Grocery,North,Store B,0
2023-03-29,1148.5,Grocery,South,Store B,0
2023-03-29,988.67,Grocery,East,Store A,0
2023-03-29,1394.51,Grocery,West,Store A,0
2023-03-29,1220.45,Electronics,North,Store B,0
2023-03-29,1341.46,Electronics,South,Store B,0
2023-03-29,1345.26,Electronics,East,Store A,0
2023-03-29,1477.34,Electronics,West,Store A,0
2023-03-29,968.06,Fashion,North,Store B,0
2023-03-29,1010.08,Fashion,South,Store B,0
2023-03-29,987.86,Fashion,East,Store A,0
2023-03-29,1155.55,Fashion,West,Store A,0
2023-03-29,721.6,Home,North,Store C,0
2023-03-29,895.96,Home,South,Store C,0
2023-03-29,850.91,Home,East,Store B,0
2023-03-29,1026.39,Home,West,Store B,0
2023-03-30,926.22,Grocery,North,Store C,0
2023-03-30,1083.09,Grocery,South,Store C,0
2023-03-30,1006.11,Grocery,East,Store B,0
2023-03-30,1340.81,Grocery,West,Store B,0
2023-03-30,1028.95,Electronics,North,Store C,0
2023-03-30,1338.77,Electronics,South,Store C,0
2023-03-30,1313.7,Electronics,East,Store B,0
2023-03-30,1419.07,Electronics,West,Store B,0
2023-03-30,970.78,Fashion,North,Store C,0
2023-03-30,1020.22,Fashion,South,Store C,0
2023-03-30,995.35,Fashion,East,Store B,0
2023-03-30,1116.48,Fashion,West,Store B,0
2023-03-30,1004.22,Home,North,Online,0
2023-03-30,1145.18,Home,South,Online,0
2023-03-30,807.49,Home,East,Store C,0
2023-03-30,1007.45,Home,West,Store C,0
2023-03-31,1259.62,Grocery,North,Online,0
2023-03-31,1372.34,Grocery,South,Online,0
2023-03-31,1011.96,Grocery,East,Store C,0
2023-03-31,1194.82,Grocery,West,Store C,0
2023-03-31,1539.82,Electronics,North,Online,0
2023-03-31,1752.79,Electronics,South,Online,0
2023-03-31,1148.31,Electronics,East,Store C,0
2023-03-31,1325.77,Electronics,West,Store C,0
2023-03-31,1095.99,Fashion,North,Online,0
2023-03-31,1211.97,Fashion,South,Online,0
2023-03-31,897.73,Fashion,East,Store C,0
2023-03-31,1042.6,Fashion,West,Store C,0
2023-03-31,828.49,Home,North,Store A,0
2023-03-31,808.05,Home,South,Store A,0
2023-03-31,991.32,Home,East,Online,0
2023-03-31,1316.25,Home,West,Online,0
2023-04-01,1109.61,Grocery,North,Store B,0
2023-04-01,1324.51,Grocery,South,Store B,0
2023-04-01,1191.61,Grocery,East,Store A,0
2023-04-01,1580.15,Grocery,West,Store A,0
2023-04-01,1371.37,Electronics,North,Store B,0
2023-04-01,1585.99,Electronics,South,Store B,0
2023-04-01,1653.94,Electronics,East,Store A,0
2023-04-01,1889.71,Electronics,West,Store A,0
2023-04-01,1241.98,Fashion,North,Store B,1
2023-04-01,1400.31,Fashion,South,Store B,1
2023-04-01,1374.86,Fashion,East,Store A,1
2023-04-01,1676.62,Fashion,West,Store A,1
2023-04-01,869.6,Home,North,Store C,0
2023-04-01,974.71,Home,South,Store C,0
2023-04-01,1052.85,Home,East,Store B,0
2023-04-01,1144.43,Home,West,Store B,0
2023-04-02,1202.93,Grocery,North,Store C,0
2023-04-02,1230.31,Grocery,South,Store C,0
2023-04-02,1293.64,Grocery,East,Store B,0
2023-04-02,1434.67,Grocery,West,Store B,0
2023-04-02,1348.35,Electronics,North,Store C,0
2023-04-02,1434.69,Electronics,South,Store C,0
2023-04-02,1391.63,Electronics,East,Store B,0
2023-04-02,1728.1,Electronics,West,Store B,0
2023-04-02,1236.64,Fashion,North,Store C,1
2023-04-02,1347.99,Fashion,South,Store C,1
2023-04-02,1242.22,Fashion,East,Store B,1
2023-04-02,1479.31,Fashion,West,Store B,1
2023-04-02,1101.88,Home,North,Online,0
2023-04-02,1246.39,Home,South,Online,0
2023-04-02,919.04,Home,East,Store C,0
2023-04-02,1142.6,Home,West,Store C,0
2023-04-03,1250.5,Grocery,North,Online,0
2023-04-03,1299.96,Grocery,South,Online,0
2023-04-03,957.35,Grocery,East,Store C,0
2023-04-03,1136.66,Grocery,West,Store C,0
2023-04-03,1621.01,Electronics,North,Online,0
2023-04-03,1633.83,Electronics,South,Online,0
2023-04-03,1143.21,Electronics,East,Store C,0
2023-04-03,1472.44,Electronics,West,Store C,0
2023-04-03,1398.99,Fashion,North,Online,1
2023-04-03,1595.28,Fashion,South,Online,1
2023-04-03,1069.29,Fashion,East,Store C,1
2023-04-03,1276.38,Fashion,West,Store C,1
2023-04-03,896.54,Home,North,Store A,0
2023-04-03,927.32,Home,South,Store A,0
2023-04-03,1109.57,Home,East,Online,0
2023-04-03,1180.69,Home,West,Online,0
2023-04-04,1067.87,Grocery,North,Store A,0
2023-04-04,1204.82,Grocery,South,Store A,0
2023-04-04,1271.06,Grocery,East,Online,0
2023-04-04,1543.39,Grocery,West,Online,0
2023-04-04,1229.09,Electronics,North,Store A,0
2023-04-04,1379.1,Electronics,South,Store A,0
2023-04-04,1550.92,Electronics,East,Online,0
2023-04-04,1798.09,Electronics,West,Online,0
2023-04-04,1170.76,Fashion,North,Store A,1
2023-04-04,1249.21,Fashion,South,Store A,1
2023-04-04,1472.4,Fashion,East,Online,1
2023-04-04,1631.5,Fashion,West,Online,1
2023-04-04,773.66,Home,North,Store B,0
2023-04-04,881.76,Home,South,Store B,0
2023-04-04,963.31,Home,East,Store A,0
2023-04-04,1072.14,Home,West,Store A,0
2023-04-05,1175.83,Grocery,North,Store B,1
2023-04-05,1379.13,Grocery,South,Store B,1
2023-04-05,1197.91,Grocery,East,Store A,1
2023-04-05,1552.74,Grocery,West,Store A,1
2023-04-05,1538.86,Electronics,North,Store B,1
2023-04-05,1633.91,Electronics,South,Store B,1
2023-04-05,1584.76,Electronics,East,Store A,1
2023-04-05,1901.56,Electronics,West,Store A,1
2023-04-05,1136.1,Fashion,North,Store B,1
2023-04-05,1127.29,Fashion,South,Store B,1
2023-04-05,1109.94,Fashion,East,Store A,1
2023-04-05,1434.89,Fashion,West,Store A,1
2023-04-05,867.62,Home,North,Store C,1
2023-04-05,1104.52,Home,South,Store C,1
2023-04-05,989.86,Home,East,Store B,1
2023-04-05,1085.79,Home,West,Store B,1
2023-04-06,859.51,Grocery,North,Store C,0
2023-04-06,906.54,Grocery,South,Store C,0
2023-04-06,1019.1,Grocery,East,Store B,0
2023-04-06,1211.17,Grocery,West,Store B,0
2023-04-06,1094.91,Electronics,North,Store C,0
2023-04-06,1332.25,Electronics,South,Store C,0
2023-04-06,1307.79,Electronics,East,Store B,0
2023-04-06,1460.6,Electronics,West,Store B,0
2023-04-06,903.2,Fashion,North,Store C,1
2023-04-06,1195.7,Fashion,South,Store C,1
2023-04-06,1163.97,Fashion,East,Store B,1
2023-04-06,1358.63,Fashion,West,Store B,1
2023-04-06,1072.94,Home,North,Online,0
2023-04-06,1095.82,Home,South,Online,0
2023-04-06,898.66,Home,East,Store C,0
2023-04-06,880.17,Home,West,Store C,0
2023-04-07,1294.01,Grocery,North,Online,0
2023-04-07,1333.26,Grocery,South,Online,0
2023-04-07,917.89,Grocery,East,Store C,0
2023-04-07,1230.44,Grocery,West,Store C,0
2023-04-07,1493.26,Electronics,North,Online,0
2023-04-07,1762.31,Electronics,South,Online,0
2023-04-07,1179.18,Electronics,East,Store C,0
2023-04-07,1374.57,Electronics,West,Store C,0
2023-04-07,1450.98,Fashion,North,Online,1
2023-04-07,1553.24,Fashion,South,Online,1
2023-04-07,966.38,Fashion,East,Store C,1
2023-04-07,1215.63,Fashion,West,Store C,1
2023-04-07,885.16,Home,North,Store A,0
2023-04-07,994.82,Home,South,Store A,0
2023-04-07,976.42,Home,East,Online,0
2023-04-07,1217.94,Home,West,Online,0
2023-04-08,1187.15,Grocery,North,Store A,0
2023-04-08,1367.65,Grocery,South,Store A,0
2023-04-08,1439.77,Grocery,East,Online,0
2023-04-08,1759.24,Grocery,West,Online,0
2023-04-08,1427.03,Electronics,North,Store A,0
2023-04-08,1712.44,Electronics,South,Store A,0
2023-04-08,1868.18,Electronics,East,Online,0
2023-04-08,2150.62,Electronics,West,Online,0
2023-04-08,1317.43,Fashion,North,Store A,1
2023-04-08,1531.87,Fashion,South,Store A,1
2023-04-08,1619.51,Fashion,East,Online,1
2023-04-08,1907.06,Fashion,West,Online,1
2023-04-08,882.91,Home,North,Store B,0
2023-04-08,1028.97,Home,South,Store B,0
2023-04-08,970.06,Home,East,Store A,0
2023-04-08,1232.89,Home,West,Store A,0
2023-04-09,1189.17,Grocery,North,Store B,0
2023-04-09,1220.66,Grocery,South,Store B,0
2023-04-09,1272.66,Grocery,East,Store A,0
2023-04-09,1492.68,Grocery,West,Store A,0
2023-04-09,1401.53,Electronics,North,Store B,0
2023-04-09,1573.26,Electronics,South,Store B,0
2023-04-09,1449.89,Electronics,East,Store A,0
2023-04-09,1741.4,Electronics,West,Store A,0
2023-04-09,1263.61,Fashion,North,Store B,1
2023-04-09,1493.11,Fashion,South,Store B,1
2023-04-09,1274.47,Fashion,East,Store A,1
2023-04-09,1671.72,Fashion,West,Store A,1
2023-04-09,943.01,Home,North,Store C,0
2023-04-09,990.53,Home,South,Store C,0
2023-04-09,1004.85,Home,East,Store B,0
2023-04-09,1114.93,Home,West,Store B,0
2023-04-10,923.5,Grocery,North,Store C,0
2023-04-10,969.54,Grocery,South,Store C,0
2023-04-10,903.94,Grocery,East,Store B,0
2023-04-10,1274.44,Grocery,West,Store B,0
2023-04-10,1065.05,Electronics,North,Store C,0
2023-04-10,1248.96,Electronics,South,Store C,0
2023-04-10,1166.7,Electronics,East,Store B,0
2023-04-10,1393.7,Electronics,West,Store B,0
2023-04-10,1011.93,Fashion,North,Store C,1
2023-04-10,1122.64,Fashion,South,Store C,1
2023-04-10,1155.2,Fashion,East,Store B,1
2023-04-10,1367.67,Fashion,West,Store B,1
2023-04-10,1037.49,Home,North,Online,0
2023-04-10,1174.01,Home,South,Online,0
2023-04-10,875.64,Home,East,Store C,0
2023-04-10,875.03,Home,West,Store C,0
2023-04-11,1250.71,Grocery,North,Online,0
2023-04-11,1489.42,Grocery,South,Online,0
2023-04-11,1039.32,Grocery,East,Store C,0
2023-04-11,1069.7,Grocery,West,Store C,0
2023-04-11,1491.55,Electronics,North,Online,0
2023-04-11,1792.08,Electronics,South,Online,0
2023-04-11,1194.96,Electronics,East,Store C,0
2023-04-11,1392.11,Electronics,West,Store C,0
2023-04-11,1365.01,Fashion,North,Online,1
2023-04-11,1546.31,Fashion,South,Online,1
2023-04-11,1080.96,Fashion,East,Store C,1
2023-04-11,1246.86,Fashion,West,Store C,1
2023-04-11,853.13,Home,North,Store A,0
2023-04-11,978.11,Home,South,Store A,0
2023-04-11,1026.1,Home,East,Online,0
2023-04-11,1287.98,Home,West,Online,0
2023-04-12,1211.92,Grocery,North,Store A,0
2023-04-12,1099.34,Grocery,South,Store A,0
2023-04-12,1325.05,Grocery,East,Online,0
2023-04-12,1505.52,Grocery,West,Online,0
2023-04-12,1297.28,Electronics,North,Store A,0
2023-04-12,1443.1,Electronics,South,Store A,0
2023-04-12,1615.0,Electronics,East,Online,0
2023-04-12,1926.69,Electronics,West,Online,0
2023-04-12,1165.6,Fashion,North,Store A,1
2023-04-12,1377.01,Fashion,South,Store A,1
2023-04-12,1306.8,Fashion,East,Online,1
2023-04-12,1786.91,Fashion,West,Online,1
2023-04-12,826.83,Home,North,Store B,0
2023-04-12,976.98,Home,South,Store B,0
2023-04-12,824.88,Home,East,Store A,0
2023-04-12,1010.11,Home,West,Store A,0
2023-04-13,999.06,Grocery,North,Store B,0
2023-04-13,1127.16,Grocery,South,Store B,0
2023-04-13,1112.03,Grocery,East,Store A,0
2023-04-13,1357.5,Grocery,West,Store A,0
2023-04-13,1095.51,Electronics,North,Store B,0
2023-04-13,1411.1,Electronics,South,Store B,0
2023-04-13,1319.93,Electronics,East,Store A,0
2023-04-13,1550.62,Electronics,West,Store A,0
2023-04-13,1007.55,Fashion,North,Store B,1
2023-04-13,1266.66,Fashion,South,Store B,1
2023-04-13,1071.48,Fashion,East,Store A,1
2023-04-13,1461.1,Fashion,West,Store A,1
2023-04-13,674.84,Home,North,Store C,0
2023-04-13,864.52,Home,South,Store C,0
2023-04-13,834.02,Home,East,Store B,0
2023-04-13,1059.29,Home,West,Store B,0
2023-04-14,920.57,Grocery,North,Store C,0
2023-04-14,1020.89,Grocery,South,Store C,0
2023-04-14,1005.39,Grocery,East,Store B,0
2023-04-14,1293.04,Grocery,West,Store B,0
2023-04-14,1149.13,Electronics,North,Store C,0
2023-04-14,1253.27,Electronics,South,Store C,0
2023-04-14,1230.4,Electronics,East,Store B,0
2023-04-14,1385.59,Electronics,West,Store B,0
2023-04-14,1043.23,Fashion,North,Store C,1
2023-04-14,1066.39,Fashion,South,Store C,1
2023-04-14,1176.17,Fashion,East,Store B,1
2023-04-14,1350.34,Fashion,West,Store B,1
2023-04-14,1151.5,Home,North,Online,0
2023-04-14,1100.8,Home,South,Online,0
2023-04-14,783.5,Home,East,Store C,0
2023-04-14,1033.0,Home,West,Store C,0
2023-04-15,1811.14,Grocery,North,Online,1
2023-04-15,1948.74,Grocery,South,Online,1
2023-04-15,1362.56,Grocery,East,Store C,1
2023-04-15,1598.36,Grocery,West,Store C,1
2023-04-15,2116.16,Electronics,North,Online,1
2023-04-15,2352.74,Electronics,South,Online,1
2023-04-15,1619.96,Electronics,East,Store C,1
2023-04-15,1835.42,Electronics,West,Store C,1
2023-04-15,1605.11,Fashion,North,Online,1
2023-04-15,1843.39,Fashion,South,Online,1
2023-04-15,1223.31,Fashion,East,Store C,1
2023-04-15,1373.98,Fashion,West,Store C,1
2023-04-15,1245.47,Home,North,Store A,1
2023-04-15,1375.88,Home,South,Store A,1
2023-04-15,1440.66,Home,East,Online,1
2023-04-15,1737.1,Home,West,Online,1
2023-04-16,1137.49,Grocery,North,Store A,0
2023-04-16,1332.36,Grocery,South,Store A,0
2023-04-16,1486.97,Grocery,East,Online,0
2023-04-16,1862.66,Grocery,West,Online,0
2023-04-16,1433.0,Electronics,North,Store A,0
2023-04-16,1706.43,Electronics,South,Store A,0
2023-04-16,1795.39,Electronics,East,Online,0
2023-04-16,2173.84,Electronics,West,Online,0
2023-04-16,1332.19,Fashion,North,Store A,1
2023-04-16,1573.29,Fashion,South,Store A,1
2023-04-16,1636.22,Fashion,East,Online,1
2023-04-16,1885.08,Fashion,West,Online,1
2023-04-16,859.29,Home,North,Store B,0
2023-04-16,1035.4,Home,South,Store B,0
2023-04-16,966.1,Home,East,Store A,0
2023-04-16,1247.43,Home,West,Store A,0
2023-04-17,965.4,Grocery,North,Store B,0
2023-04-17,1258.68,Grocery,South,Store B,0
2023-04-17,1000.87,Grocery,East,Store A,0
2023-04-17,1309.04,Grocery,West,Store A,0
2023-04-17,1130.55,Electronics,North,Store B,0
2023-04-17,1330.38,Electronics,South,Store B,0
2023-04-17,1327.23,Electronics,East,Store A,0
2023-04-17,1433.91,Electronics,West,Store A,0
2023-04-17,1101.47,Fashion,North,Store B,1
2023-04-17,1343.63,Fashion,South,Store B,1
2023-04-17,1179.29,Fashion,East,Store A,1
2023-04-17,1439.71,Fashion,West,Store A,1
2023-04-17,813.26,Home,North,Store C,0
2023-04-17,852.55,Home,South,Store C,0
2023-04-17,808.61,Home,East,Store B,0
2023-04-17,869.79,Home,West,Store B,0
2023-04-18,965.52,Grocery,North,Store C,0
2023-04-18,1052.7,Grocery,South,Store C,0
2023-04-18,977.41,Grocery,East,Store B,0
2023-04-18,1229.82,Grocery,West,Store B,0
2023-04-18,1087.37,Electronics,North,Store C,0
2023-04-18,1245.23,Electronics,South,Store C,0
2023-04-18,1276.58,Electronics,East,Store B,0
2023-04-18,1397.97,Electronics,West,Store B,0
2023-04-18,1079.32,Fashion,North,Store C,1
2023-04-18,1086.15,Fashion,South,Store C,1
2023-04-18,1098.22,Fashion,East,Store B,1
2023-04-18,1448.84,Fashion,West,Store B,1
2023-04-18,1082.08,Home,North,Online,0
2023-04-18,1166.52,Home,South,Online,0
2023-04-18,737.31,Home,East,Store C,0
2023-04-18,904.85,Home,West,Store C,0
2023-04-19,1257.73,Grocery,North,Online,0
2023-04-19,1429.15,Grocery,South,Online,0
2023-04-19,964.75,Grocery,East,Store C,0
2023-04-19,1146.17,Grocery,West,Store C,0
2023-04-19,1496.9,Electronics,North,Online,0
2023-04-19,1638.03,Electronics,South,Online,0
2023-04-19,1138.57,Electronics,East,Store C,0
2023-04-19,1431.63,Electronics,West,Store C,0
2023-04-19,1301.69,Fashion,North,Online,1
2023-04-19,1556.95,Fashion,South,Online,1
2023-04-19,1019.99,Fashion,East,Store C,1
2023-04-19,1266.83,Fashion,West,Store C,1
2023-04-19,834.07,Home,North,Store A,0
2023-04-19,1055.01,Home,South,Store A,0
2023-04-19,1091.22,Home,East,Online,0
2023-04-19,1186.52,Home,West,Online,0
2023-04-20,1088.26,Grocery,North,Store A,0
2023-04-20,1154.13,Grocery,South,Store A,0
2023-04-20,1275.13,Grocery,East,Online,0
2023-04-20,1564.16,Grocery,West,Online,0
2023-04-20,1238.12,Electronics,North,Store A,0
2023-04-20,1489.25,Electronics,South,Store A,0
2023-04-20,1530.06,Electronics,East,Online,0
2023-04-20,1827.48,Electronics,West,Online,0
2023-04-20,1118.59,Fashion,North,Store A,1
2023-04-20,1283.27,Fashion,South,Store A,1
2023-04-20,1495.79,Fashion,East,Online,1
2023-04-20,1733.55,Fashion,West,Online,1
2023-04-20,900.03,Home,North,Store B,0
2023-04-20,1042.17,Home,South,Store B,0
2023-04-20,835.03,Home,East,Store A,0
2023-04-20,1059.38,Home,West,Store A,0
2023-04-21,925.82,Grocery,North,Store B,0
2023-04-21,1084.73,Grocery,South,Store B,0
2023-04-21,1061.23,Grocery,East,Store A,0
2023-04-21,1239.03,Grocery,West,Store A,0
2023-04-21,1134.12,Electronics,North,Store B,0
2023-04-21,1348.88,Electronics,South,Store B,0
2023-04-21,1251.86,Electronics,East,Store A,0
2023-04-21,1607.32,Electronics,West,Store A,0
2023-04-21,1037.41,Fashion,North,Store B,1
2023-04-21,1392.86,Fashion,South,Store B,1
2023-04-21,1178.79,Fashion,East,Store A,1
2023-04-21,1428.65,Fashion,West,Store A,1
2023-04-21,685.26,Home,North,Store C,0
2023-04-21,954.96,Home,South,Store C,0
2023-04-21,901.7,Home,East,Store B,0
2023-04-21,1010.77,Home,West,Store B,0
2023-04-22,1004.35,Grocery,North,Store C,0
2023-04-22,1239.16,Grocery,South,Store C,0
2023-04-22,1135.96,Grocery,East,Store B,0
2023-04-22,1498.04,Grocery,West,Store B,0
2023-04-22,1342.27,Electronics,North,Store C,0
2023-04-22,1482.49,Electronics,South,Store C,0
2023-04-22,1307.23,Electronics,East,Store B,0
2023-04-22,1651.86,Electronics,West,Store B,0
2023-04-22,1222.27,Fashion,North,Store C,1
2023-04-22,1414.95,Fashion,South,Store C,1
2023-04-22,1376.38,Fashion,East,Store B,1
2023-04-22,1469.41,Fashion,West,Store B,1
2023-04-22,1199.12,Home,North,Online,0
2023-04-22,1401.93,Home,South,Online,0
2023-04-22,823.49,Home,East,Store C,0
2023-04-22,1082.27,Home,West,Store C,0
2023-04-23,1468.25,Grocery,North,Online,0
2023-04-23,1637.62,Grocery,South,Online,0
2023-04-23,1022.18,Grocery,East,Store C,0
2023-04-23,1312.59,Grocery,West,Store C,0
2023-04-23,1730.75,Electronics,North,Online,0
2023-04-23,1982.45,Electronics,South,Online,0
2023-04-23,1321.68,Electronics,East,Store C,0
2023-04-23,1576.75,Electronics,West,Store C,0
2023-04-23,1593.86,Fashion,North,Online,1
2023-04-23,1841.11,Fashion,South,Online,1
2023-04-23,1217.81,Fashion,East,Store C,1
2023-04-23,1438.77,Fashion,West,Store C,1
2023-04-23,996.65,Home,North,Store A,0
2023-04-23,1023.05,Home,South,Store A,0
2023-04-23,1258.8,Home,East,Online,0
2023-04-23,1458.92,Home,West,Online,0
2023-04-24,1052.59,Grocery,North,Store A,0
2023-04-24,1248.52,Grocery,South,Store A,0
2023-04-24,1198.3,Grocery,East,Online,0
2023-04-24,1436.97,Grocery,West,Online,0
2023-04-24,1279.11,Electronics,North,Store A,0
2023-04-24,1438.48,Electronics,South,Store A,0
2023-04-24,1580.63,Electronics,East,Online,0
2023-04-24,1834.46,Electronics,West,Online,0
2023-04-24,1190.21,Fashion,North,Store A,1
2023-04-24,1364.52,Fashion,South,Store A,1
2023-04-24,1460.68,Fashion,East,Online,1
2023-04-24,1683.12,Fashion,West,Online,1
2023-04-24,689.35,Home,North,Store B,0
2023-04-24,958.94,Home,South,Store B,0
2023-04-24,958.13,Home,East,Store A,0
2023-04-24,1090.03,Home,West,Store A,0
2023-04-25,1139.04,Grocery,North,Store B,1
2023-04-25,1388.7,Grocery,South,Store B,1
2023-04-25,1361.07,Grocery,East,Store A,1
2023-04-25,1640.78,Grocery,West,Store A,1
2023-04-25,1380.74,Electronics,North,Store B,1
2023-04-25,1614.09,Electronics,South,Store B,1
2023-04-25,1622.04,Electronics,East,Store A,1
2023-04-25,1874.48,Electronics,West,Store A,1
2023-04-25,1025.34,Fashion,North,Store B,1
2023-04-25,1259.9,Fashion,South,Store B,1
2023-04-25,1234.23,Fashion,East,Store A,1
2023-04-25,1428.1,Fashion,West,Store A,1
2023-04-25,918.97,Home,North,Store C,1
2023-04-25,1018.08,Home,South,Store C,1
2023-04-25,1088.45,Home,East,Store B,1
2023-04-25,1142.59,Home,West,Store B,1
2023-04-26,896.33,Grocery,North,Store C,0
2023-04-26,1057.66,Grocery,South,Store C,0
2023-04-26,1079.63,Grocery,East,Store B,0
2023-04-26,1138.35,Grocery,West,Store B,0
2023-04-26,1045.44,Electronics,North,Store C,0
2023-04-26,1159.98,Electronics,South,Store C,0
2023-04-26,1242.84,Electronics,East,Store B,0
2023-04-26,1407.48,Electronics,West,Store B,0
2023-04-26,998.77,Fashion,North,Store C,1
2023-04-26,1197.35,Fashion,South,Store C,1
2023-04-26,1097.38,Fashion,East,Store B,1
2023-04-26,1353.43,Fashion,West,Store B,1
2023-04-26,1001.81,Home,North,Online,0
2023-04-26,1196.07,Home,South,Online,0
2023-04-26,813.78,Home,East,Store C,0
2023-04-26,894.26,Home,West,Store C,0
2023-04-27,1241.91,Grocery,North,Online,0
2023-04-27,1481.63,Grocery,South,Online,0
2023-04-27,989.44,Grocery,East,Store C,0
2023-04-27,1068.73,Grocery,West,Store C,0
2023-04-27,1541.72,Electronics,North,Online,0
2023-04-27,1654.24,Electronics,South,Online,0
2023-04-27,1242.33,Electronics,East,Store C,0
2023-04-27,1434.88,Electronics,West,Store C,0
2023-04-27,1390.13,Fashion,North,Online,1
2023-04-27,1572.88,Fashion,South,Online,1
2023-04-27,1051.44,Fashion,East,Store C,1
2023-04-27,1295.49,Fashion,West,Store C,1
2023-04-27,833.34,Home,North,Store A,0
2023-04-27,984.76,Home,South,Store A,0
2023-04-27,1109.19,Home,East,Online,0
2023-04-27,1225.25,Home,West,Online,0
2023-04-28,1015.09,Grocery,North,Store A,0
2023-04-28,1128.36,Grocery,South,Store A,0
2023-04-28,1245.38,Grocery,East,Online,0
2023-04-28,1442.86,Grocery,West,Online,0
2023-04-28,1302.47,Electronics,North,Store A,0
2023-04-28,1536.4,Electronics,South,Store A,0
2023-04-28,1647.52,Electronics,East,Online,0
2023-04-28,1767.9,Electronics,West,Online,0
2023-04-28,1191.96,Fashion,North,Store A,1
2023-04-28,1389.64,Fashion,South,Store A,1
2023-04-28,1406.98,Fashion,East,Online,1
2023-04-28,1700.73,Fashion,West,Online,1
2023-04-28,693.74,Home,North,Store B,0
2023-04-28,930.06,Home,South,Store B,0
2023-04-28,831.22,Home,East,Store A,0
2023-04-28,1064.12,Home,West,Store A,0
2023-04-29,1060.27,Grocery,North,Store B,0
2023-04-29,1334.5,Grocery,South,Store B,0
2023-04-29,1324.41,Grocery,East,Store A,0
2023-04-29,1457.9,Grocery,West,Store A,0
2023-04-29,1316.72,Electronics,North,Store B,0
2023-04-29,1451.41,Electronics,South,Store B,0
2023-04-29,1511.32,Electronics,East,Store A,0
2023-04-29,1774.27,Electronics,West,Store A,0
2023-04-29,1173.5,Fashion,North,Store B,1
2023-04-29,1457.81,Fashion,South,Store B,1
2023-04-29,1367.97,Fashion,East,Store A,1
2023-04-29,1589.36,Fashion,West,Store A,1
2023-04-29,844.86,Home,North,Store C,0
2023-04-29,1055.34,Home,South,Store C,0
2023-04-29,1005.29,Home,East,Store B,0
2023-04-29,1143.53,Home,West,Store B,0
2023-04-30,1109.53,Grocery,North,Store C,0
2023-04-30,1160.37,Grocery,South,Store C,0
2023-04-30,1196.15,Grocery,East,Store B,0
2023-04-30,1421.85,Grocery,West,Store B,0
2023-04-30,1268.39,Electronics,North,Store C,0
2023-04-30,1497.17,Electronics,South,Store C,0
2023-04-30,1394.37,Electronics,East,Store B,0
2023-04-30,1729.33,Electronics,West,Store B,0
2023-04-30,1211.56,Fashion,North,Store C,1
2023-04-30,1184.12,Fashion,South,Store C,1
2023-04-30,1377.25,Fashion,East,Store B,1
2023-04-30,1385.11,Fashion,West,Store B,1
2023-04-30,1145.42,Home,North,Online,0
2023-04-30,1398.8,Home,South,Online,0
2023-04-30,894.75,Home,East,Store C,0
2023-04-30,999.11,Home,West,Store C,0
2023-05-01,926.98,Grocery,North,Store B,0
2023-05-01,1180.14,Grocery,South,Store B,0
2023-05-01,986.47,Grocery,East,Store A,0
2023-05-01,1354.85,Grocery,West,Store A,0
2023-05-01,1184.88,Electronics,North,Store B,0
2023-05-01,1286.62,Electronics,South,Store B,0
2023-05-01,1282.21,Electronics,East,Store A,0
2023-05-01,1499.74,Electronics,West,Store A,0
2023-05-01,951.13,Fashion,North,Store B,0
2023-05-01,1068.72,Fashion,South,Store B,0
2023-05-01,905.04,Fashion,East,Store A,0
2023-05-01,1161.0,Fashion,West,Store A,0
2023-05-01,706.45,Home,North,Store C,0
2023-05-01,929.34,Home,South,Store C,0
2023-05-01,763.01,Home,East,Store B,0
2023-05-01,1079.29,Home,West,Store B,0
2023-05-02,924.4,Grocery,North,Store C,0
2023-05-02,990.42,Grocery,South,Store C,0
2023-05-02,991.38,Grocery,East,Store B,0
2023-05-02,1173.47,Grocery,West,Store B,0
2023-05-02,1044.52,Electronics,North,Store C,0
2023-05-02,1273.99,Electronics,South,Store C,0
2023-05-02,1170.3,Electronics,East,Store B,0
2023-05-02,1345.28,Electronics,West,Store B,0
2023-05-02,826.86,Fashion,North,Store C,0
2023-05-02,865.82,Fashion,South,Store C,0
2023-05-02,900.09,Fashion,East,Store B,0
2023-05-02,1064.37,Fashion,West,Store B,0
2023-05-02,967.73,Home,North,Online,0
2023-05-02,1266.17,Home,South,Online,0
2023-05-02,788.72,Home,East,Store C,0
2023-05-02,943.4,Home,West,Store C,0
2023-05-03,1150.04,Grocery,North,Online,0
2023-05-03,1384.33,Grocery,South,Online,0
2023-05-03,976.98,Grocery,East,Store C,0
2023-05-03,1086.05,Grocery,West,Store C,0
2023-05-03,1551.46,Electronics,North,Online,0
2023-05-03,1643.02,Electronics,South,Online,0
2023-05-03,1145.68,Electronics,East,Store C,0
2023-05-03,1342.52,Electronics,West,Store C,0
2023-05-03,1151.04,Fashion,North,Online,0
2023-05-03,1264.71,Fashion,South,Online,0
2023-05-03,868.44,Fashion,East,Store C,0
2023-05-03,1032.6,Fashion,West,Store C,0
2023-05-03,810.99,Home,North,Store A,0
2023-05-03,995.81,Home,South,Store A,0
2023-05-03,1071.42,Home,East,Online,0
2023-05-03,1247.81,Home,West,Online,0
2023-05-04,1022.23,Grocery,North,Store A,0
2023-05-04,1234.36,Grocery,South,Store A,0
2023-05-04,1287.13,Grocery,East,Online,0
2023-05-04,1522.03,Grocery,West,Online,0
2023-05-04,1264.39,Electronics,North,Store A,0
2023-05-04,1526.01,Electronics,South,Store A,0
2023-05-04,1490.81,Electronics,East,Online,0
2023-05-04,1894.24,Electronics,West,Online,0
2023-05-04,853.14,Fashion,North,Store A,0
2023-05-04,1101.6,Fashion,South,Store A,0
2023-05-04,1276.55,Fashion,East,Online,0
2023-05-04,1435.36,Fashion,West,Online,0
2023-05-04,811.2,Home,North,Store B,0
2023-05-04,881.88,Home,South,Store B,0
2023-05-04,888.82,Home,East,Store A,0
2023-05-04,1036.19,Home,West,Store A,0
2023-05-05,1138.75,Grocery,North,Store B,1
2023-05-05,1329.5,Grocery,South,Store B,1
2023-05-05,1318.63,Grocery,East,Store A,1
2023-05-05,1505.72,Grocery,West,Store A,1
2023-05-05,1378.03,Electronics,North,Store B,1
2023-05-05,1544.28,Electronics,South,Store B,1
2023-05-05,1595.19,Electronics,East,Store A,1
2023-05-05,1892.73,Electronics,West,Store A,1
2023-05-05,1094.55,Fashion,North,Store B,1
2023-05-05,1284.51,Fashion,South,Store B,1
2023-05-05,1201.73,Fashion,East,Store A,1
2023-05-05,1438.29,Fashion,West,Store A,1
2023-05-05,919.45,Home,North,Store C,1
2023-05-05,1022.55,Home,South,Store C,1
2023-05-05,973.33,Home,East,Store B,1
2023-05-05,1308.44,Home,West,Store B,1
2023-05-06,1047.1,Grocery,North,Store C,0
2023-05-06,1183.59,Grocery,South,Store C,0
2023-05-06,1214.33,Grocery,East,Store B,0
2023-05-06,1422.97,Grocery,West,Store B,0
2023-05-06,1212.72,Electronics,North,Store C,0
2023-05-06,1530.14,Electronics,South,Store C,0
2023-05-06,1427.41,Electronics,East,Store B,0
2023-05-06,1634.62,Electronics,West,Store B,0
2023-05-06,1046.5,Fashion,North,Store C,0
2023-05-06,1151.22,Fashion,South,Store C,0
2023-05-06,1020.03,Fashion,East,Store B,0
2023-05-06,1387.45,Fashion,West,Store B,0
2023-05-06,1211.68,Home,North,Online,0
2023-05-06,1337.44,Home,South,Online,0
2023-05-06,996.68,Home,East,Store C,0
2023-05-06,1084.97,Home,West,Store C,0
2023-05-07,1442.34,Grocery,North,Online,0
2023-05-07,1607.25,Grocery,South,Online,0
2023-05-07,1148.86,Grocery,East,Store C,0
2023-05-07,1348.2,Grocery,West,Store C,0
2023-05-07,1738.36,Electronics,North,Online,0
2023-05-07,1934.41,Electronics,South,Online,0
2023-05-07,1351.16,Electronics,East,Store C,0
2023-05-07,1587.03,Electronics,West,Store C,0
2023-05-07,1248.18,Fashion,North,Online,0
2023-05-07,1423.33,Fashion,South,Online,0
2023-05-07,1053.29,Fashion,East,Store C,0
2023-05-07,1066.85,Fashion,West,Store C,0
2023-05-07,996.52,Home,North,Store A,0
2023-05-07,1095.18,Home,South,Store A,0
2023-05-07,1296.62,Home,East,Online,0
2023-05-07,1422.47,Home,West,Online,0
2023-05-08,1079.53,Grocery,North,Store A,0
2023-05-08,1165.71,Grocery,South,Store A,0
2023-05-08,1303.08,Grocery,East,Online,0
2023-05-08,1575.54,Grocery,West,Online,0
2023-05-08,1230.01,Electronics,North,Store A,0
2023-05-08,1483.89,Electronics,South,Store A,0
2023-05-08,1505.93,Electronics,East,Online,0
2023-05-08,1863.42,Electronics,West,Online,0
2023-05-08,1005.59,Fashion,North,Store A,0
2023-05-08,1123.2,Fashion,South,Store A,0
2023-05-08,1292.32,Fashion,East,Online,0
2023-05-08,1362.94,Fashion,West,Online,0
2023-05-08,723.93,Home,North,Store B,0
2023-05-08,855.71,Home,South,Store B,0
2023-05-08,921.2,Home,East,Store A,0
2023-05-08,1074.79,Home,West,Store A,0
2023-05-09,988.01,Grocery,North,Store B,0
2023-05-09,1056.48,Grocery,South,Store B,0
2023-05-09,1129.07,Grocery,East,Store A,0
2023-05-09,1219.17,Grocery,West,Store A,0
2023-05-09,1245.93,Electronics,North,Store B,0
2023-05-09,1502.84,Electronics,South,Store B,0
2023-05-09,1328.11,Electronics,East,Store A,0
2023-05-09,1580.26,Electronics,West,Store A,0
2023-05-09,872.02,Fashion,North,Store B,0
2023-05-09,923.92,Fashion,South,Store B,0
2023-05-09,961.63,Fashion,East,Store A,0
2023-05-09,1117.39,Fashion,West,Store A,0
2023-05-09,670.71,Home,North,Store C,0
2023-05-09,948.79,Home,South,Store C,0
2023-05-09,848.24,Home,East,Store B,0
2023-05-09,1007.16,Home,West,Store B,0
2023-05-10,904.57,Grocery,North,Store C,0
2023-05-10,1039.51,Grocery,South,Store C,0
2023-05-10,1076.49,Grocery,East,Store B,0
2023-05-10,1209.64,Grocery,West,Store B,0
2023-05-10,1138.19,Electronics,North,Store C,0
2023-05-10,1251.59,Electronics,South,Store C,0
2023-05-10,1212.78,Electronics,East,Store B,0
2023-05-10,1380.43,Electronics,West,Store B,0
2023-05-10,734.69,Fashion,North,Store C,0
2023-05-10,945.73,Fashion,South,Store C,0
2023-05-10,939.82,Fashion,East,Store B,0
2023-05-10,1038.02,Fashion,West,Store B,0
2023-05-10,1008.63,Home,North,Online,0
2023-05-10,1153.24,Home,South,Online,0
2023-05-10,663.07,Home,East,Store C,0
2023-05-10,874.89,Home,West,Store C,0
2023-05-11,1263.57,Grocery,North,Online,0
2023-05-11,1434.11,Grocery,South,Online,0
2023-05-11,896.6,Grocery,East,Store C,0
2023-05-11,1145.11,Grocery,West,Store C,0
2023-05-11,1549.85,Electronics,North,Online,0
2023-05-11,1742.92,Electronics,South,Online,0
2023-05-11,1150.08,Electronics,East,Store C,0
2023-05-11,1341.78,Electronics,West,Store C,0
2023-05-11,1101.37,Fashion,North,Online,0
2023-05-11,1318.82,Fashion,South,Online,0
2023-05-11,889.42,Fashion,East,Store C,0
2023-05-11,1074.7,Fashion,West,Store C,0
2023-05-11,854.15,Home,North,Store A,0
2023-05-11,1009.06,Home,South,Store A,0
2023-05-11,1057.94,Home,East,Online,0
2023-05-11,1289.25,Home,West,Online,0
2023-05-12,1088.06,Grocery,North,Store A,0
2023-05-12,1139.77,Grocery,South,Store A,0
2023-05-12,1193.53,Grocery,East,Online,0
2023-05-12,1615.35,Grocery,West,Online,0
2023-05-12,1265.84,Electronics,North,Store A,0
2023-05-12,1330.54,Electronics,South,Store A,0
2023-05-12,1516.69,Electronics,East,Online,0
2023-05-12,1884.19,Electronics,West,Online,0
2023-05-12,936.64,Fashion,North,Store A,0
2023-05-12,1055.52,Fashion,South,Store A,0
2023-05-12,1260.45,Fashion,East,Online,0
2023-05-12,1343.16,Fashion,West,Online,0
2023-05-12,753.52,Home,North,Store B,0
2023-05-12,919.32,Home,South,Store B,0
2023-05-12,903.72,Home,East,Store A,0
2023-05-12,1071.59,Home,West,Store A,0
2023-05-13,1186.18,Grocery,North,Store B,0
2023-05-13,1304.1,Grocery,South,Store B,0
2023-05-13,1283.84,Grocery,East,Store A,0
2023-05-13,1473.53,Grocery,West,Store A,0
2023-05-13,1370.58,Electronics,North,Store B,0
2023-05-13,1562.11,Electronics,South,Store B,0
2023-05-13,1524.4,Electronics,East,Store A,0
2023-05-13,1832.87,Electronics,West,Store A,0
2023-05-13,1070.32,Fashion,North,Store B,0
2023-05-13,1186.02,Fashion,South,Store B,0
2023-05-13,1105.9,Fashion,East,Store A,0
2023-05-13,1365.42,Fashion,West,Store A,0
2023-05-13,866.13,Home,North,Store C,0
2023-05-13,998.29,Home,South,Store C,0
2023-05-13,1084.94,Home,East,Store B,0
2023-05-13,1111.76,Home,West,Store B,0
2023-05-14,1088.84,Grocery,North,Store C,0
2023-05-14,1271.76,Grocery,South,Store C,0
2023-05-14,1188.81,Grocery,East,Store B,0
2023-05-14,1529.36,Grocery,West,Store B,0
2023-05-14,1261.56,Electronics,North,Store C,0
2023-05-14,1477.52,Electronics,South,Store C,0
2023-05-14,1380.18,Electronics,East,Store B,0
2023-05-14,1666.35,Electronics,West,Store B,0
2023-05-14,989.0,Fashion,North,Store C,0
2023-05-14,1156.74,Fashion,South,Store C,0
2023-05-14,1100.68,Fashion,East,Store B,0
2023-05-14,1351.32,Fashion,West,Store B,0
2023-05-14,1163.27,Home,North,Online,0
2023-05-14,1311.82,Home,South,Online,0
2023-05-14,1052.55,Home,East,Store C,0
2023-05-14,1091.53,Home,West,Store C,0
2023-05-15,1444.94,Grocery,North,Online,1
2023-05-15,1651.63,Grocery,South,Online,1
2023-05-15,1096.43,Grocery,East,Store C,1
2023-05-15,1410.7,Grocery,West,Store C,1
2023-05-15,1766.41,Electronics,North,Online,1
2023-05-15,2040.52,Electronics,South,Online,1
2023-05-15,1378.34,Electronics,East,Store C,1
2023-05-15,1675.87,Electronics,West,Store C,1
2023-05-15,1312.14,Fashion,North,Online,1
2023-05-15,1487.46,Fashion,South,Online,1
2023-05-15,1063.31,Fashion,East,Store C,1
2023-05-15,1277.06,Fashion,West,Store C,1
2023-05-15,1031.23,Home,North,Store A,1
2023-05-15,1108.51,Home,South,Store A,1
2023-05-15,1296.39,Home,East,Online,1
2023-05-15,1449.49,Home,West,Online,1
2023-05-16,1007.96,Grocery,North,Store A,0
2023-05-16,1128.09,Grocery,South,Store A,0
2023-05-16,1360.16,Grocery,East,Online,0
2023-05-16,1560.11,Grocery,West,Online,0
2023-05-16,1280.76,Electronics,North,Store A,0
2023-05-16,1488.61,Electronics,South,Store A,0
2023-05-16,1705.38,Electronics,East,Online,0
2023-05-16,1741.49,Electronics,West,Online,0
2023-05-16,908.18,Fashion,North,Store A,0
2023-05-16,1046.12,Fashion,South,Store A,0
2023-05-16,1132.59,Fashion,East,Online,0
2023-05-16,1336.75,Fashion,West,Online,0
2023-05-16,778.23,Home,North,Store B,0
2023-05-16,837.71,Home,South,Store B,0
2023-05-16,897.69,Home,East,Store A,0
2023-05-16,1043.6,Home,West,Store A,0
2023-05-17,1002.4,Grocery,North,Store B,0
2023-05-17,1138.84,Grocery,South,Store B,0
2023-05-17,1112.93,Grocery,East,Store A,0
2023-05-17,1257.56,Grocery,West,Store A,0
2023-05-17,1291.11,Electronics,North,Store B,0
2023-05-17,1349.76,Electronics,South,Store B,0
2023-05-17,1196.95,Electronics,East,Store A,0
2023-05-17,1482.91,Electronics,West,Store A,0
2023-05-17,797.51,Fashion,North,Store B,0
2023-05-17,1017.72,Fashion,South,Store B,0
2023-05-17,981.56,Fashion,East,Store A,0
2023-05-17,1144.02,Fashion,West,Store A,0
2023-05-17,855.98,Home,North,Store C,0
2023-05-17,878.66,Home,South,Store C,0
2023-05-17,867.71,Home,East,Store B,0
2023-05-17,928.61,Home,West,Store B,0
2023-05-18,860.38,Grocery,North,Store C,0
2023-05-18,1043.95,Grocery,South,Store C,0
2023-05-18,1026.04,Grocery,East,Store B,0
2023-05-18,1101.13,Grocery,West,Store B,0
2023-05-18,1091.59,Electronics,North,Store C,0
2023-05-18,1254.61,Electronics,South,Store C,0
2023-05-18,1211.44,Electronics,East,Store B,0
2023-05-18,1403.22,Electronics,West,Store B,0
2023-05-18,808.09,Fashion,North,Store C,0
2023-05-18,943.9,Fashion,South,Store C,0
2023-05-18,935.37,Fashion,East,Store B,0
2023-05-18,1134.52,Fashion,West,Store B,0
2023-05-18,1063.14,Home,North,Online,0
2023-05-18,1126.32,Home,South,Online,0
2023-05-18,751.28,Home,East,Store C,0
2023-05-18,943.04,Home,West,Store C,0
2023-05-19,1266.12,Grocery,North,Online,0
2023-05-19,1379.1,Grocery,South,Online,0
2023-05-19,996.84,Grocery,East,Store C,0
2023-05-19,1182.35,Grocery,West,Store C,0
2023-05-19,1554.25,Electronics,North,Online,0
2023-05-19,1786.14,Electronics,South,Online,0
2023-05-19,1099.62,Electronics,East,Store C,0
2023-05-19,1358.76,Electronics,West,Store C,0
2023-05-19,1128.69,Fashion,North,Online,0
2023-05-19,1278.69,Fashion,South,Online,0
2023-05-19,836.86,Fashion,East,Store C,0
2023-05-19,951.14,Fashion,West,Store C,0
2023-05-19,846.1,Home,North,Store A,0
2023-05-19,915.05,Home,South,Store A,0
2023-05-19,1050.13,Home,East,Online,0
2023-05-19,1193.74,Home,West,Online,0
2023-05-20,1137.46,Grocery,North,Store A,0
2023-05-20,1376.5,Grocery,South,Store A,0
2023-05-20,1497.4,Grocery,East,Online,0
2023-05-20,1794.46,Grocery,West,Online,0
2023-05-20,1561.82,Electronics,North,Store A,0
2023-05-20,1656.21,Electronics,South,Store A,0
2023-05-20,1818.64,Electronics,East,Online,0
2023-05-20,2061.83,Electronics,West,Online,0
2023-05-20,1025.64,Fashion,North,Store A,0
2023-05-20,1335.11,Fashion,South,Store A,0
2023-05-20,1312.11,Fashion,East,Online,0
2023-05-20,1555.81,Fashion,West,Online,0
2023-05-20,916.22,Home,North,Store B,0
2023-05-20,1040.42,Home,South,Store B,0
2023-05-20,966.43,Home,East,Store A,0
2023-05-20,1185.92,Home,West,Store A,0
2023-05-21,1195.31,Grocery,North,Store B,0
2023-05-21,1239.32,Grocery,South,Store B,0
2023-05-21,1171.01,Grocery,East,Store A,0
2023-05-21,1528.66,Grocery,West,Store A,0
2023-05-21,1384.13,Electronics,North,Store B,0
2023-05-21,1510.6,Electronics,South,Store B,0
2023-05-21,1414.4,Electronics,East,Store A,0
2023-05-21,1736.23,Electronics,West,Store A,0
2023-05-21,1029.11,Fashion,North,Store B,0
2023-05-21,1238.98,Fashion,South,Store B,0
2023-05-21,1084.91,Fashion,East,Store A,0
2023-05-21,1347.02,Fashion,West,Store A,0
2023-05-21,898.41,Home,North,Store C,0
2023-05-21,849.42,Home,South,Store C,0
2023-05-21,1013.34,Home,East,Store B,0
2023-05-21,1067.13,Home,West,Store B,0
2023-05-22,929.94,Grocery,North,Store C,0
2023-05-22,1051.33,Grocery,South,Store C,0
2023-05-22,1072.12,Grocery,East,Store B,0
2023-05-22,1228.73,Grocery,West,Store B,0
2023-05-22,966.36,Electronics,North,Store C,0
2023-05-22,1205.68,Electronics,South,Store C,0
2023-05-22,1225.99,Electronics,East,Store B,0
2023-05-22,1431.45,Electronics,West,Store B,0
2023-05-22,860.69,Fashion,North,Store C,0
2023-05-22,993.24,Fashion,South,Store C,0
2023-05-22,960.13,Fashion,East,Store B,0
2023-05-22,1085.08,Fashion,West,Store B,0
2023-05-22,898.15,Home,North,Online,0
2023-05-22,1112.9,Home,South,Online,0
2023-05-22,796.17,Home,East,Store C,0
2023-05-22,855.32,Home,West,Store C,0
2023-05-23,1262.21,Grocery,North,Online,0
2023-05-23,1447.21,Grocery,South,Online,0
2023-05-23,956.45,Grocery,East,Store C,0
2023-05-23,955.36,Grocery,West,Store C,0
2023-05-23,1406.85,Electronics,North,Online,0
2023-05-23,1785.18,Electronics,South,Online,0
2023-05-23,1112.53,Electronics,East,Store C,0
2023-05-23,1243.32,Electronics,West,Store C,0
2023-05-23,1191.4,Fashion,North,Online,0
2023-05-23,1279.57,Fashion,South,Online,0
2023-05-23,929.78,Fashion,East,Store C,0
2023-05-23,1043.85,Fashion,West,Store C,0
2023-05-23,862.79,Home,North,Store A,0
2023-05-23,973.36,Home,South,Store A,0
2023-05-23,1079.49,Home,East,Online,0
2023-05-23,1357.62,Home,West,Online,0
2023-05-24,1081.8,Grocery,North,Store A,0
2023-05-24,1083.7,Grocery,South,Store A,0
2023-05-24,1302.91,Grocery,East,Online,0
2023-05-24,1575.92,Grocery,West,Online,0
2023-05-24,1303.71,Electronics,North,Store A,0
2023-05-24,1385.25,Electronics,South,Store A,0
2023-05-24,1602.41,Electronics,East,Online,0
2023-05-24,1871.92,Electronics,West,Online,0
2023-05-24,1082.73,Fashion,North,Store A,0
2023-05-24,1030.16,Fashion,South,Store A,0
2023-05-24,1142.1,Fashion,East,Online,0
2023-05-24,1368.07,Fashion,West,Online,0
2023-05-24,761.43,Home,North,Store B,0
2023-05-24,848.47,Home,South,Store B,0
2023-05-24,720.31,Home,East,Store A,0
2023-05-24,1008.56,Home,West,Store A,0
2023-05-25,1181.91,Grocery,North,Store B,1
2023-05-25,1295.11,Grocery,South,Store B,1
2023-05-25,1391.61,Grocery,East,Store A,1
2023-05-25,1521.95,Grocery,West,Store A,1
2023-05-25,1468.85,Electronics,North,Store B,1
2023-05-25,1605.55,Electronics,South,Store B,1
2023-05-25,1592.01,Electronics,East,Store A,1
2023-05-25,1845.97,Electronics,West,Store A,1
2023-05-25,1138.44,Fashion,North,Store B,1
2023-05-25,1213.26,Fashion,South,Store B,1
2023-05-25,1203.54,Fashion,East,Store A,1
2023-05-25,1412.45,Fashion,West,Store A,1
2023-05-25,871.31,Home,North,Store C,1
2023-05-25,1032.13,Home,South,Store C,1
2023-05-25,1108.13,Home,East,Store B,1
2023-05-25,1151.33,Home,West,Store B,1
2023-05-26,930.77,Grocery,North,Store C,0
2023-05-26,1102.42,Grocery,South,Store C,0
2023-05-26,1070.76,Grocery,East,Store B,0
2023-05-26,1193.84,Grocery,West,Store B,0
2023-05-26,961.24,Electronics,North,Store C,0
2023-05-26,1271.81,Electronics,South,Store C,0
2023-05-26,1091.0,Electronics,East,Store B,0
2023-05-26,1516.73,Electronics,West,Store B,0
2023-05-26,840.1,Fashion,North,Store C,0
2023-05-26,1000.66,Fashion,South,Store C,0
2023-05-26,873.0,Fashion,East,Store B,0
2023-05-26,1006.69,Fashion,West,Store B,0
2023-05-26,1009.67,Home,North,Online,0
2023-05-26,1131.13,Home,South,Online,0
2023-05-26,742.86,Home,East,Store C,0
2023-05-26,915.96,Home,West,Store C,0
2023-05-27,1569.75,Grocery,North,Online,0
2023-05-27,1659.49,Grocery,South,Online,0
2023-05-27,1154.2,Grocery,East,Store C,0
2023-05-27,1344.29,Grocery,West,Store C,0
2023-05-27,1787.23,Electronics,North,Online,0
2023-05-27,1931.32,Electronics,South,Online,0
2023-05-27,1206.48,Electronics,East,Store C,0
2023-05-27,1551.48,Electronics,West,Store C,0
2023-05-27,1342.06,Fashion,North,Online,0
2023-05-27,1423.5,Fashion,South,Online,0
2023-05-27,993.86,Fashion,East,Store C,0
2023-05-27,1149.84,Fashion,West,Store C,0
2023-05-27,1049.86,Home,North,Store A,0
2023-05-27,1142.24,Home,South,Store A,0
2023-05-27,1238.17,Home,East,Online,0
2023-05-27,1457.36,Home,West,Online,0
2023-05-28,1185.47,Grocery,North,Store A,0
2023-05-28,1362.61,Grocery,South,Store A,0
2023-05-28,1410.95,Grocery,East,Online,0
2023-05-28,1627.01,Grocery,West,Online,0
2023-05-28,1437.3,Electronics,North,Store A,0
2023-05-28,1644.5,Electronics,South,Store A,0
2023-05-28,1842.88,Electronics,East,Online,0
2023-05-28,2189.06,Electronics,West,Online,0
2023-05-28,1173.23,Fashion,North,Store A,0
2023-05-28,1182.3,Fashion,South,Store A,0
2023-05-28,1331.67,Fashion,East,Online,0
2023-05-28,1625.61,Fashion,West,Online,0
2023-05-28,1049.63,Home,North,Store B,0
2023-05-28,1117.69,Home,South,Store B,0
2023-05-28,1068.79,Home,East,Store A,0
2023-05-28,1170.9,Home,West,Store A,0
2023-05-29,914.93,Grocery,North,Store B,0
2023-05-29,1140.15,Grocery,South,Store B,0
2023-05-29,1005.48,Grocery,East,Store A,0
2023-05-29,1248.7,Grocery,West,Store A,0
2023-05-29,1153.17,Electronics,North,Store B,0
2023-05-29,1407.44,Electronics,South,Store B,0
2023-05-29,1263.32,Electronics,East,Store A,0
2023-05-29,1384.29,Electronics,West,Store A,0
2023-05-29,909.6,Fashion,North,Store B,0
2023-05-29,965.37,Fashion,South,Store B,0
2023-05-29,978.02,Fashion,East,Store A,0
2023-05-29,1150.11,Fashion,West,Store A,0
2023-05-29,720.83,Home,North,Store C,0
2023-05-29,881.12,Home,South,Store C,0
2023-05-29,732.92,Home,East,Store B,0
2023-05-29,938.9,Home,West,Store B,0
2023-05-30,941.05,Grocery,North,Store C,0
2023-05-30,994.59,Grocery,South,Store C,0
2023-05-30,914.81,Grocery,East,Store B,0
2023-05-30,1224.34,Grocery,West,Store B,0
2023-05-30,1148.94,Electronics,North,Store C,0
2023-05-30,1235.05,Electronics,South,Store C,0
2023-05-30,1099.51,Electronics,East,Store B,0
2023-05-30,1467.94,Electronics,West,Store B,0
2023-05-30,735.57,Fashion,North,Store C,0
2023-05-30,958.2,Fashion,South,Store C,0
2023-05-30,869.46,Fashion,East,Store B,0
2023-05-30,1023.14,Fashion,West,Store B,0
2023-05-30,966.33,Home,North,Online,0
2023-05-30,1117.56,Home,South,Online,0
2023-05-30,730.83,Home,East,Store C,0
2023-05-30,939.39,Home,West,Store C,0
2023-05-31,1191.62,Grocery,North,Online,0
2023-05-31,1438.26,Grocery,South,Online,0
2023-05-31,956.17,Grocery,East,Store C,0
2023-05-31,1075.12,Grocery,West,Store C,0
2023-05-31,1415.88,Electronics,North,Online,0
2023-05-31,1575.3,Electronics,South,Online,0
2023-05-31,1148.02,Electronics,East,Store C,0
2023-05-31,1320.46,Electronics,West,Store C,0
2023-05-31,982.62,Fashion,North,Online,0
2023-05-31,1237.56,Fashion,South,Online,0
2023-05-31,811.43,Fashion,East,Store C,0
2023-05-31,1105.79,Fashion,West,Store C,0
2023-05-31,736.18,Home,North,Store A,0
2023-05-31,865.32,Home,South,Store A,0
2023-05-31,1092.57,Home,East,Online,0
2023-05-31,1295.6,Home,West,Online,0
2023-06-01,918.98,Grocery,North,Store B,0
2023-06-01,1057.94,Grocery,South,Store B,0
2023-06-01,1095.96,Grocery,East,Store A,0
2023-06-01,1129.16,Grocery,West,Store A,0
2023-06-01,1052.83,Electronics,North,Store B,0
2023-06-01,1299.51,Electronics,South,Store B,0
2023-06-01,1363.33,Electronics,East,Store A,0
2023-06-01,1488.87,Electronics,West,Store A,0
2023-06-01,884.15,Fashion,North,Store B,0
2023-06-01,1062.46,Fashion,South,Store B,0
2023-06-01,1087.94,Fashion,East,Store A,0
2023-06-01,1118.88,Fashion,West,Store A,0
2023-06-01,732.23,Home,North,Store C,0
2023-06-01,934.77,Home,South,Store C,0
2023-06-01,730.49,Home,East,Store B,0
2023-06-01,1020.27,Home,West,Store B,0
2023-06-02,844.02,Grocery,North,Store C,0
2023-06-02,1030.14,Grocery,South,Store C,0
2023-06-02,986.18,Grocery,East,Store B,0
2023-06-02,1130.42,Grocery,West,Store B,0
2023-06-02,1029.02,Electronics,North,Store C,0
2023-06-02,1248.08,Electronics,South,Store C,0
2023-06-02,1257.57,Electronics,East,Store B,0
2023-06-02,1416.61,Electronics,West,Store B,0
2023-06-02,827.61,Fashion,North,Store C,0
2023-06-02,969.09,Fashion,South,Store C,0
2023-06-02,861.38,Fashion,East,Store B,0
2023-06-02,1123.53,Fashion,West,Store B,0
2023-06-02,1031.98,Home,North,Online,0
2023-06-02,1266.6,Home,South,Online,0
2023-06-02,742.7,Home,East,Store C,0
2023-06-02,878.4,Home,West,Store C,0
2023-06-03,1447.65,Grocery,North,Online,0
2023-06-03,1644.76,Grocery,South,Online,0
2023-06-03,1057.62,Grocery,East,Store C,0
2023-06-03,1264.54,Grocery,West,Store C,0
2023-06-03,1720.95,Electronics,North,Online,0
2023-06-03,1879.56,Electronics,South,Online,0
2023-06-03,1285.57,Electronics,East,Store C,0
2023-06-03,1553.35,Electronics,West,Store C,0
2023-06-03,1341.04,Fashion,North,Online,0
2023-06-03,1430.89,Fashion,South,Online,0
2023-06-03,893.6,Fashion,East,Store C,0
2023-06-03,1072.26,Fashion,West,Store C,0
2023-06-03,889.66,Home,North,Store A,0
2023-06-03,1019.32,Home,South,Store A,0
2023-06-03,1183.49,Home,East,Online,0
2023-06-03,1345.54,Home,West,Online,0
2023-06-04,1138.49,Grocery,North,Store A,0
2023-06-04,1297.36,Grocery,South,Store A,0
2023-06-04,1439.01,Grocery,East,Online,0
2023-06-04,1804.73,Grocery,West,Online,0
2023-06-04,1452.96,Electronics,North,Store A,0
2023-06-04,1613.35,Electronics,South,Store A,0
2023-06-04,1735.49,Electronics,East,Online,0
2023-06-04,2060.44,Electronics,West,Online,0
2023-06-04,1095.41,Fashion,North,Store A,0
2023-06-04,1258.51,Fashion,South,Store A,0
2023-06-04,1289.31,Fashion,East,Online,0
2023-06-04,1587.22,Fashion,West,Online,0
2023-06-04,790.68,Home,North,Store B,0
2023-06-04,1038.87,Home,South,Store B,0
2023-06-04,1040.34,Home,East,Store A,0
2023-06-04,1166.41,Home,West,Store A,0
2023-06-05,1245.86,Grocery,North,Store B,1
2023-06-05,1255.96,Grocery,South,Store B,1
2023-06-05,1279.82,Grocery,East,Store A,1
2023-06-05,1498.76,Grocery,West,Store A,1
2023-06-05,1373.51,Electronics,North,Store B,1
2023-06-05,1563.45,Electronics,South,Store B,1
2023-06-05,1531.62,Electronics,East,Store A,1
2023-06-05,1852.6,Electronics,West,Store A,1
2023-06-05,1124.61,Fashion,North,Store B,1
2023-06-05,1193.76,Fashion,South,Store B,1
2023-06-05,1205.26,Fashion,East,Store A,1
2023-06-05,1334.95,Fashion,West,Store A,1
2023-06-05,917.35,Home,North,Store C,1
2023-06-05,954.35,Home,South,Store C,1
2023-06-05,1031.96,Home,East,Store B,1
2023-06-05,1272.08,Home,West,Store B,1
2023-06-06,888.57,Grocery,North,Store C,0
2023-06-06,898.51,Grocery,South,Store C,0
2023-06-06,964.11,Grocery,East,Store B,0
2023-06-06,1244.62,Grocery,West,Store B,0
2023-06-06,1107.79,Electronics,North,Store C,0
2023-06-06,1240.06,Electronics,South,Store C,0
2023-06-06,1251.95,Electronics,East,Store B,0
2023-06-06,1442.88,Electronics,West,Store B,0
2023-06-06,886.39,Fashion,North,Store C,0
2023-06-06,983.3,Fashion,South,Store C,0
2023-06-06,993.69,Fashion,East,Store B,0
2023-06-06,1096.87,Fashion,West,Store B,0
2023-06-06,1031.5,Home,North,Online,0
2023-06-06,1100.59,Home,South,Online,0
2023-06-06,726.28,Home,East,Store C,0
2023-06-06,992.71,Home,West,Store C,0
2023-06-07,1216.93,Grocery,North,Online,0
2023-06-07,1415.96,Grocery,South,Online,0
2023-06-07,938.91,Grocery,East,Store C,0
2023-06-07,1071.05,Grocery,West,Store C,0
2023-06-07,1450.73,Electronics,North,Online,0
2023-06-07,1729.66,Electronics,South,Online,0
2023-06-07,1152.22,Electronics,East,Store C,0
2023-06-07,1233.58,Electronics,West,Store C,0
2023-06-07,1091.08,Fashion,North,Online,0
2023-06-07,1353.47,Fashion,South,Online,0
2023-06-07,841.35,Fashion,East,Store C,0
2023-06-07,910.78,Fashion,West,Store C,0
2023-06-07,926.36,Home,North,Store A,0
2023-06-07,973.49,Home,South,Store A,0
2023-06-07,1018.24,Home,East,Online,0
2023-06-07,1189.39,Home,West,Online,0
2023-06-08,1068.81,Grocery,North,Store A,0
2023-06-08,1119.05,Grocery,South,Store A,0
2023-06-08,1317.73,Grocery,East,Online,0
2023-06-08,1514.83,Grocery,West,Online,0
2023-06-08,1228.01,Electronics,North,Store A,0
2023-06-08,1390.53,Electronics,South,Store A,0
2023-06-08,1500.12,Electronics,East,Online,0
2023-06-08,1844.55,Electronics,West,Online,0
2023-06-08,876.15,Fashion,North,Store A,0
2023-06-08,962.29,Fashion,South,Store A,0
2023-06-08,1182.05,Fashion,East,Online,0
2023-06-08,1393.88,Fashion,West,Online,0
2023-06-08,800.15,Home,North,Store B,0
2023-06-08,903.17,Home,South,Store B,0
2023-06-08,838.42,Home,East,Store A,0
2023-06-08,1056.59,Home,West,Store A,0
2023-06-09,947.21,Grocery,North,Store B,0
2023-06-09,1054.27,Grocery,South,Store B,0
2023-06-09,1033.6,Grocery,East,Store A,0
2023-06-09,1354.88,Grocery,West,Store A,0
2023-06-09,1047.46,Electronics,North,Store B,0
2023-06-09,1328.43,Electronics,South,Store B,0
2023-06-09,1172.11,Electronics,East,Store A,0
2023-06-09,1490.76,Electronics,West,Store A,0
2023-06-09,845.38,Fashion,North,Store B,0
2023-06-09,874.77,Fashion,South,Store B,0
2023-06-09,983.1,Fashion,East,Store A,0
2023-06-09,1117.44,Fashion,West,Store A,0
2023-06-09,609.89,Home,North,Store C,0
2023-06-09,871.84,Home,South,Store C,0
2023-06-09,884.46,Home,East,Store B,0
2023-06-09,1035.44,Home,West,Store B,0
2023-06-10,1052.5,Grocery,North,Store C,0
2023-06-10,1178.12,Grocery,South,Store C,0
2023-06-10,1219.97,Grocery,East,Store B,0
2023-06-10,1450.11,Grocery,West,Store B,0
2023-06-10,1305.16,Electronics,North,Store C,0
2023-06-10,1362.9,Electronics,South,Store C,0
2023-06-10,1391.27,Electronics,East,Store B,0
2023-06-10,1657.88,Electronics,West,Store B,0
2023-06-10,845.71,Fashion,North,Store C,0
2023-06-10,1101.77,Fashion,South,Store C,0
2023-06-10,1174.74,Fashion,East,Store B,0
2023-06-10,1277.73,Fashion,West,Store B,0
2023-06-10,1213.49,Home,North,Online,0
2023-06-10,1299.13,Home,South,Online,0
2023-06-10,871.94,Home,East,Store C,0
2023-06-10,1057.82,Home,West,Store C,0
2023-06-11,1345.11,Grocery,North,Online,0
2023-06-11,1529.21,Grocery,South,Online,0
2023-06-11,1144.81,Grocery,East,Store C,0
2023-06-11,1348.12,Grocery,West,Store C,0
2023-06-11,1618.18,Electronics,North,Online,0
2023-06-11,1957.26,Electronics,South,Online,0
2023-06-11,1289.06,Electronics,East,Store C,0
2023-06-11,1550.17,Electronics,West,Store C,0
2023-06-11,1297.5,Fashion,North,Online,0
2023-06-11,1502.82,Fashion,South,Online,0
2023-06-11,988.6,Fashion,East,Store C,0
2023-06-11,1242.35,Fashion,West,Store C,0
2023-06-11,965.46,Home,North,Store A,0
2023-06-11,1113.94,Home,South,Store A,0
2023-06-11,1133.12,Home,East,Online,0
2023-06-11,1514.22,Home,West,Online,0
2023-06-12,1029.38,Grocery,North,Store A,0
2023-06-12,1181.54,Grocery,South,Store A,0
2023-06-12,1158.99,Grocery,East,Online,0
2023-06-12,1431.31,Grocery,West,Online,0
2023-06-12,1275.73,Electronics,North,Store A,0
2023-06-12,1390.44,Electronics,South,Store A,0
2023-06-12,1395.9,Electronics,East,Online,0
2023-06-12,1833.99,Electronics,West,Online,0
2023-06-12,888.58,Fashion,North,Store A,0
2023-06-12,1123.14,Fashion,South,Store A,0
2023-06-12,1136.9,Fashion,East,Online,0
2023-06-12,1362.69,Fashion,West,Online,0
2023-06-12,834.18,Home,North,Store B,0
2023-06-12,826.37,Home,South,Store B,0
2023-06-12,796.57,Home,East,Store A,0
2023-06-12,996.71,Home,West,Store A,0
2023-06-13,989.75,Grocery,North,Store B,0
2023-06-13,1001.65,Grocery,South,Store B,0
2023-06-13,952.97,Grocery,East,Store A,0
2023-06-13,1281.9,Grocery,West,Store A,0
2023-06-13,1103.15,Electronics,North,Store B,0
2023-06-13,1271.89,Electronics,South,Store B,0
2023-06-13,1155.07,Electronics,East,Store A,0
2023-06-13,1450.76,Electronics,West,Store A,0
2023-06-13,863.82,Fashion,North,Store B,0
2023-06-13,1034.93,Fashion,South,Store B,0
2023-06-13,913.76,Fashion,East,Store A,0
2023-06-13,1222.96,Fashion,West,Store A,0
2023-06-13,683.53,Home,North,Store C,0
2023-06-13,783.34,Home,South,Store C,0
2023-06-13,885.45,Home,East,Store B,0
2023-06-13,959.63,Home,West,Store B,0
2023-06-14,854.77,Grocery,North,Store C,0
2023-06-14,999.02,Grocery,South,Store C,0
2023-06-14,1057.4,Grocery,East,Store B,0
2023-06-14,1244.17,Grocery,West,Store B,0
2023-06-14,1020.24,Electronics,North,Store C,0
2023-06-14,1210.14,Electronics,South,Store C,0
2023-06-14,1187.87,Electronics,East,Store B,0
2023-06-14,1345.94,Electronics,West,Store B,0
2023-06-14,807.06,Fashion,North,Store C,0
2023-06-14,922.46,Fashion,South,Store C,0
2023-06-14,962.39,Fashion,East,Store B,0
2023-06-14,1131.34,Fashion,West,Store B,0
2023-06-14,952.48,Home,North,Online,0
2023-06-14,1093.05,Home,South,Online,0
2023-06-14,787.29,Home,East,Store C,0
2023-06-14,856.46,Home,West,Store C,0
2023-06-15,1461.85,Grocery,North,Online,1
2023-06-15,1622.33,Grocery,South,Online,1
2023-06-15,1052.39,Grocery,East,Store C,1
2023-06-15,1256.17,Grocery,West,Store C,1
2023-06-15,1799.81,Electronics,North,Online,1
2023-06-15,1949.52,Electronics,South,Online,1
2023-06-15,1420.82,Electronics,East,Store C,1
2023-06-15,1546.75,Electronics,West,Store C,1
2023-06-15,1324.35,Fashion,North,Online,1
2023-06-15,1620.87,Fashion,South,Online,1
2023-06-15,953.85,Fashion,East,Store C,1
2023-06-15,1093.5,Fashion,West,Store C,1
2023-06-15,1046.15,Home,North,Store A,1
2023-06-15,1064.81,Home,South,Store A,1
2023-06-15,1211.31,Home,East,Online,1
2023-06-15,1402.92,Home,West,Online,1
2023-06-16,1012.34,Grocery,North,Store A,0
2023-06-16,1083.28,Grocery,South,Store A,0
2023-06-16,1230.15,Grocery,East,Online,0
2023-06-16,1492.56,Grocery,West,Online,0
2023-06-16,1145.04,Electronics,North,Store A,0
2023-06-16,1328.01,Electronics,South,Store A,0
2023-06-16,1473.16,Electronics,East,Online,0
2023-06-16,1687.77,Electronics,West,Online,0
2023-06-16,889.81,Fashion,North,Store A,0
2023-06-16,1045.86,Fashion,South,Store A,0
2023-06-16,1112.99,Fashion,East,Online,0
2023-06-16,1328.5,Fashion,West,Online,0
2023-06-16,763.68,Home,North,Store B,0
2023-06-16,834.48,Home,South,Store B,0
2023-06-16,884.15,Home,East,Store A,0
2023-06-16,1080.53,Home,West,Store A,0
2023-06-17,1063.25,Grocery,North,Store B,0
2023-06-17,1266.05,Grocery,South,Store B,0
2023-06-17,1191.44,Grocery,East,Store A,0
2023-06-17,1445.98,Grocery,West,Store A,0
2023-06-17,1396.36,Electronics,North,Store B,0
2023-06-17,1519.42,Electronics,South,Store B,0
2023-06-17,1352.09,Electronics,East,Store A,0
2023-06-17,1740.85,Electronics,West,Store A,0
2023-06-17,1064.33,Fashion,North,Store B,0
2023-06-17,1122.15,Fashion,South,Store B,0
2023-06-17,1157.29,Fashion,East,Store A,0
2023-06-17,1267.08,Fashion,West,Store A,0
2023-06-17,749.86,Home,North,Store C,0
2023-06-17,954.33,Home,South,Store C,0
2023-06-17,826.88,Home,East,Store B,0
2023-06-17,1079.92,Home,West,Store B,0
2023-06-18,1091.34,Grocery,North,Store C,0
2023-06-18,1056.67,Grocery,South,Store C,0
2023-06-18,1063.01,Grocery,East,Store B,0
2023-06-18,1284.79,Grocery,West,Store B,0
2023-06-18,1224.65,Electronics,North,Store C,0
2023-06-18,1377.87,Electronics,South,Store C,0
2023-06-18,1440.86,Electronics,East,Store B,0
2023-06-18,1666.9,Electronics,West,Store B,0
2023-06-18,961.32,Fashion,North,Store C,0
2023-06-18,1071.27,Fashion,South,Store C,0
2023-06-18,1058.96,Fashion,East,Store B,0
2023-06-18,1180.46,Fashion,West,Store B,0
2023-06-18,1166.23,Home,North,Online,0
2023-06-18,1212.69,Home,South,Online,0
2023-06-18,911.57,Home,East,Store C,0
2023-06-18,1089.85,Home,West,Store C,0
2023-06-19,1195.58,Grocery,North,Online,0
2023-06-19,1338.04,Grocery,South,Online,0
2023-06-19,937.84,Grocery,East,Store C,0
2023-06-19,926.65,Grocery,West,Store C,0
2023-06-19,1441.42,Electronics,North,Online,0
2023-06-19,1615.61,Electronics,South,Online,0
2023-06-19,1099.3,Electronics,East,Store C,0
2023-06-19,1343.37,Electronics,West,Store C,0
2023-06-19,1079.53,Fashion,North,Online,0
2023-06-19,1170.8,Fashion,South,Online,0
2023-06-19,830.43,Fashion,East,Store C,0
2023-06-19,995.88,Fashion,West,Store C,0
2023-06-19,814.2,Home,North,Store A,0
2023-06-19,928.51,Home,South,Store A,0
2023-06-19,1061.4,Home,East,Online,0
2023-06-19,1128.95,Home,West,Online,0
2023-06-20,1001.14,Grocery,North,Store A,0
2023-06-20,1199.54,Grocery,South,Store A,0
2023-06-20,1137.05,Grocery,East,Online,0
2023-06-20,1468.7,Grocery,West,Online,0
2023-06-20,1160.94,Electronics,North,Store A,0
2023-06-20,1337.75,Electronics,South,Store A,0
2023-06-20,1433.35,Electronics,East,Online,0
2023-06-20,1746.2,Electronics,West,Online,0
2023-06-20,1008.72,Fashion,North,Store A,0
2023-06-20,963.41,Fashion,South,Store A,0
2023-06-20,1063.68,Fashion,East,Online,0
2023-06-20,1263.58,Fashion,West,Online,0
2023-06-20,855.1,Home,North,Store B,0
2023-06-20,839.78,Home,South,Store B,0
2023-06-20,839.54,Home,East,Store A,0
2023-06-20,973.26,Home,West,Store A,0
2023-06-21,880.87,Grocery,North,Store B,0
2023-06-21,1048.89,Grocery,South,Store B,0
2023-06-21,1167.25,Grocery,East,Store A,0
2023-06-21,1298.17,Grocery,West,Store A,0
2023-06-21,1075.63,Electronics,North,Store B,0
2023-06-21,1313.4,Electronics,South,Store B,0
2023-06-21,1196.22,Electronics,East,Store A,0
2023-06-21,1372.37,Electronics,West,Store A,0
2023-06-21,909.84,Fashion,North,Store B,0
2023-06-21,1035.64,Fashion,South,Store B,0
2023-06-21,1002.12,Fashion,East,Store A,0
2023-06-21,1092.24,Fashion,West,Store A,0
2023-06-21,703.26,Home,North,Store C,0
2023-06-21,852.2,Home,South,Store C,0
2023-06-21,812.73,Home,East,Store B,0
2023-06-21,914.86,Home,West,Store B,0
2023-06-22,785.27,Grocery,North,Store C,0
2023-06-22,1001.5,Grocery,South,Store C,0
2023-06-22,1030.32,Grocery,East,Store B,0
2023-06-22,1083.45,Grocery,West,Store B,0
2023-06-22,1087.28,Electronics,North,Store C,0
2023-06-22,1215.9,Electronics,South,Store C,0
2023-06-22,1209.72,Electronics,East,Store B,0
2023-06-22,1431.04,Electronics,West,Store B,0
2023-06-22,762.03,Fashion,North,Store C,0
2023-06-22,821.97,Fashion,South,Store C,0
2023-06-22,859.35,Fashion,East,Store B,0
2023-06-22,1100.82,Fashion,West,Store B,0
2023-06-22,928.92,Home,North,Online,0
2023-06-22,1053.15,Home,South,Online,0
2023-06-22,641.41,Home,East,Store C,0
2023-06-22,974.19,Home,West,Store C,0
2023-06-23,1221.98,Grocery,North,Online,0
2023-06-23,1381.63,Grocery,South,Online,0
2023-06-23,963.31,Grocery,East,Store C,0
2023-06-23,1108.96,Grocery,West,Store C,0
2023-06-23,1402.43,Electronics,North,Online,0
2023-06-23,1602.68,Electronics,South,Online,0
2023-06-23,1071.67,Electronics,East,Store C,0
2023-06-23,1441.25,Electronics,West,Store C,0
2023-06-23,1107.43,Fashion,North,Online,0
2023-06-23,1200.28,Fashion,South,Online,0
2023-06-23,858.56,Fashion,East,Store C,0
2023-06-23,930.35,Fashion,West,Store C,0
2023-06-23,885.57,Home,North,Store A,0
2023-06-23,877.49,Home,South,Store A,0
2023-06-23,1025.5,Home,East,Online,0
2023-06-23,1239.86,Home,West,Online,0
2023-06-24,1164.02,Grocery,North,Store A,0
2023-06-24,1306.11,Grocery,South,Store A,0
2023-06-24,1421.22,Grocery,East,Online,0
2023-06-24,1678.46,Grocery,West,Online,0
2023-06-24,1343.59,Electronics,North,Store A,0
2023-06-24,1540.79,Electronics,South,Store A,0
2023-06-24,1790.95,Electronics,East,Online,0
2023-06-24,2017.6,Electronics,West,Online,0
2023-06-24,1002.79,Fashion,North,Store A,0
2023-06-24,1162.27,Fashion,South,Store A,0
2023-06-24,1360.76,Fashion,East,Online,0
2023-06-24,1576.21,Fashion,West,Online,0
2023-06-24,906.96,Home,North,Store B,0
2023-06-24,983.15,Home,South,Store B,0
2023-06-24,1000.89,Home,East,Store A,0
2023-06-24,1112.0,Home,West,Store A,0
2023-06-25,1275.96,Grocery,North,Store B,1
2023-06-25,1522.02,Grocery,South,Store B,1
2023-06-25,1475.59,Grocery,East,Store A,1
2023-06-25,1635.69,Grocery,West,Store A,1
2023-06-25,1505.61,Electronics,North,Store B,1
2023-06-25,1773.37,Electronics,South,Store B,1
2023-06-25,1812.78,Electronics,East,Store A,1
2023-06-25,1928.01,Electronics,West,Store A,1
2023-06-25,1196.21,Fashion,North,Store B,1
2023-06-25,1268.53,Fashion,South,Store B,1
2023-06-25,1271.64,Fashion,East,Store A,1
2023-06-25,1526.46,Fashion,West,Store A,1
2023-06-25,962.29,Home,North,Store C,1
2023-06-25,1092.34,Home,South,Store C,1
2023-06-25,1094.75,Home,East,Store B,1
2023-06-25,1265.92,Home,West,Store B,1
2023-06-26,788.31,Grocery,North,Store C,0
2023-06-26,1031.79,Grocery,South,Store C,0
2023-06-26,1006.19,Grocery,East,Store B,0
2023-06-26,1188.36,Grocery,West,Store B,0
2023-06-26,960.7,Electronics,North,Store C,0
2023-06-26,1206.46,Electronics,South,Store C,0
2023-06-26,1198.19,Electronics,East,Store B,0
2023-06-26,1317.54,Electronics,West,Store B,0
2023-06-26,795.63,Fashion,North,Store C,0
2023-06-26,898.69,Fashion,South,Store C,0
2023-06-26,984.34,Fashion,East,Store B,0
2023-06-26,1151.06,Fashion,West,Store B,0
2023-06-26,861.07,Home,North,Online,0
2023-06-26,1221.52,Home,South,Online,0
2023-06-26,686.52,Home,East,Store C,0
2023-06-26,926.13,Home,West,Store C,0
2023-06-27,1222.4,Grocery,North,Online,0
2023-06-27,1275.93,Grocery,South,Online,0
2023-06-27,931.38,Grocery,East,Store C,0
2023-06-27,1064.42,Grocery,West,Store C,0
2023-06-27,1437.28,Electronics,North,Online,0
2023-06-27,1614.04,Electronics,South,Online,0
2023-06-27,1153.96,Electronics,East,Store C,0
2023-06-27,1292.18,Electronics,West,Store C,0
2023-06-27,1060.72,Fashion,North,Online,0
2023-06-27,1278.21,Fashion,South,Online,0
2023-06-27,859.54,Fashion,East,Store C,0
2023-06-27,1019.88,Fashion,West,Store C,0
2023-06-27,761.12,Home,North,Store A,0
2023-06-27,850.5,Home,South,Store A,0
2023-06-27,960.32,Home,East,Online,0
2023-06-27,1139.52,Home,West,Online,0
2023-06-28,1022.12,Grocery,North,Store A,0
2023-06-28,1167.93,Grocery,South,Store A,0
2023-06-28,1208.26,Grocery,East,Online,0
2023-06-28,1518.98,Grocery,West,Online,0
2023-06-28,1253.24,Electronics,North,Store A,0
2023-06-28,1354.27,Electronics,South,Store A,0
2023-06-28,1419.07,Electronics,East,Online,0
2023-06-28,1819.86,Electronics,West,Online,0
2023-06-28,892.57,Fashion,North,Store A,0
2023-06-28,1026.77,Fashion,South,Store A,0
2023-06-28,1094.99,Fashion,East,Online,0
2023-06-28,1269.28,Fashion,West,Online,0
2023-06-28,669.66,Home,North,Store B,0
2023-06-28,889.02,Home,South,Store B,0
2023-06-28,787.18,Home,East,Store A,0
2023-06-28,1151.04,Home,West,Store A,0
2023-06-29,861.16,Grocery,North,Store B,0
2023-06-29,979.1,Grocery,South,Store B,0
2023-06-29,1046.92,Grocery,East,Store A,0
2023-06-29,1290.12,Grocery,West,Store A,0
2023-06-29,1111.75,Electronics,North,Store B,0
2023-06-29,1292.93,Electronics,South,Store B,0
2023-06-29,1124.7,Electronics,East,Store A,0
2023-06-29,1414.03,Electronics,West,Store A,0
2023-06-29,783.81,Fashion,North,Store B,0
2023-06-29,855.19,Fashion,South,Store B,0
2023-06-29,938.96,Fashion,East,Store A,0
2023-06-29,980.45,Fashion,West,Store A,0
2023-06-29,630.62,Home,North,Store C,0
2023-06-29,771.06,Home,South,Store C,0
2023-06-29,735.37,Home,East,Store B,0
2023-06-29,946.35,Home,West,Store B,0
2023-06-30,879.91,Grocery,North,Store C,0
2023-06-30,1031.62,Grocery,South,Store C,0
2023-06-30,999.89,Grocery,East,Store B,0
2023-06-30,1197.31,Grocery,West,Store B,0
2023-06-30,1038.54,Electronics,North,Store C,0
2023-06-30,1198.98,Electronics,South,Store C,0
2023-06-30,1181.6,Electronics,East,Store B,0
2023-06-30,1373.12,Electronics,West,Store B,0
2023-06-30,768.11,Fashion,North,Store C,0
2023-06-30,880.92,Fashion,South,Store C,0
2023-06-30,832.32,Fashion,East,Store B,0
2023-06-30,1061.61,Fashion,West,Store B,0
2023-06-30,941.25,Home,North,Online,0
2023-06-30,1040.83,Home,South,Online,0
2023-06-30,695.64,Home,East,Store C,0
2023-06-30,799.95,Home,West,Store C,0
2023-07-01,1118.58,Grocery,North,Store B,0
2023-07-01,1216.31,Grocery,South,Store B,0
2023-07-01,1130.56,Grocery,East,Store A,0
2023-07-01,1438.85,Grocery,West,Store A,0
2023-07-01,1250.47,Electronics,North,Store B,0
2023-07-01,1381.14,Electronics,South,Store B,0
2023-07-01,1473.77,Electronics,East,Store A,0
2023-07-01,1648.44,Electronics,West,Store A,0
2023-07-01,952.02,Fashion,North,Store B,0
2023-07-01,1111.54,Fashion,South,Store B,0
2023-07-01,1141.02,Fashion,East,Store A,0
2023-07-01,1277.31,Fashion,West,Store A,0
2023-07-01,747.24,Home,North,Store C,0
2023-07-01,955.57,Home,South,Store C,0
2023-07-01,876.41,Home,East,Store B,0
2023-07-01,1172.8,Home,West,Store B,0
2023-07-02,997.84,Grocery,North,Store C,0
2023-07-02,1012.98,Grocery,South,Store C,0
2023-07-02,1127.87,Grocery,East,Store B,0
2023-07-02,1418.72,Grocery,West,Store B,0
2023-07-02,1287.54,Electronics,North,Store C,0
2023-07-02,1467.65,Electronics,South,Store C,0
2023-07-02,1277.53,Electronics,East,Store B,0
2023-07-02,1628.74,Electronics,West,Store B,0
2023-07-02,873.63,Fashion,North,Store C,0
2023-07-02,1051.98,Fashion,South,Store C,0
2023-07-02,944.29,Fashion,East,Store B,0
2023-07-02,1165.16,Fashion,West,Store B,0
2023-07-02,1057.04,Home,North,Online,0
2023-07-02,1294.99,Home,South,Online,0
2023-07-02,890.44,Home,East,Store C,0
2023-07-02,1017.09,Home,West,Store C,0
2023-07-03,1083.29,Grocery,North,Online,0
2023-07-03,1300.52,Grocery,South,Online,0
2023-07-03,854.35,Grocery,East,Store C,0
2023-07-03,1107.68,Grocery,West,Store C,0
2023-07-03,1457.8,Electronics,North,Online,0
2023-07-03,1643.76,Electronics,South,Online,0
2023-07-03,1035.96,Electronics,East,Store C,0
2023-07-03,1124.73,Electronics,West,Store C,0
2023-07-03,962.29,Fashion,North,Online,0
2023-07-03,1284.18,Fashion,South,Online,0
2023-07-03,797.44,Fashion,East,Store C,0
2023-07-03,928.74,Fashion,West,Store C,0
2023-07-03,880.2,Home,North,Store A,0
2023-07-03,968.67,Home,South,Store A,0
2023-07-03,983.17,Home,East,Online,0
2023-07-03,1146.02,Home,West,Online,0
2023-07-04,961.99,Grocery,North,Store A,0
2023-07-04,1115.8,Grocery,South,Store A,0
2023-07-04,1292.83,Grocery,East,Online,0
2023-07-04,1449.36,Grocery,West,Online,0
2023-07-04,1206.32,Electronics,North,Store A,0
2023-07-04,1392.01,Electronics,South,Store A,0
2023-07-04,1385.54,Electronics,East,Online,0
2023-07-04,1757.7,Electronics,West,Online,0
2023-07-04,870.91,Fashion,North,Store A,0
2023-07-04,871.42,Fashion,South,Store A,0
2023-07-04,985.67,Fashion,East,Online,0
2023-07-04,1249.27,Fashion,West,Online,0
2023-07-04,772.27,Home,North,Store B,0
2023-07-04,852.08,Home,South,Store B,0
2023-07-04,832.24,Home,East,Store A,0
2023-07-04,1080.4,Home,West,Store A,0
2023-07-05,1024.39,Grocery,North,Store B,1
2023-07-05,1244.0,Grocery,South,Store B,1
2023-07-05,1227.33,Grocery,East,Store A,1
2023-07-05,1392.45,Grocery,West,Store A,1
2023-07-05,1318.29,Electronics,North,Store B,1
2023-07-05,1410.84,Electronics,South,Store B,1
2023-07-05,1534.35,Electronics,East,Store A,1
2023-07-05,1686.9,Electronics,West,Store A,1
2023-07-05,1113.19,Fashion,North,Store B,1
2023-07-05,1138.17,Fashion,South,Store B,1
2023-07-05,1164.54,Fashion,East,Store A,1
2023-07-05,1308.57,Fashion,West,Store A,1
2023-07-05,833.99,Home,North,Store C,1
2023-07-05,919.14,Home,South,Store C,1
2023-07-05,934.62,Home,East,Store B,1
2023-07-05,1116.02,Home,West,Store B,1
2023-07-06,811.44,Grocery,North,Store C,0
2023-07-06,965.88,Grocery,South,Store C,0
2023-07-06,915.49,Grocery,East,Store B,0
2023-07-06,1249.84,Grocery,West,Store B,0
2023-07-06,1023.45,Electronics,North,Store C,0
2023-07-06,1255.6,Electronics,South,Store C,0
2023-07-06,1131.31,Electronics,East,Store B,0
2023-07-06,1366.1,Electronics,West,Store B,0
2023-07-06,709.48,Fashion,North,Store C,0
2023-07-06,865.73,Fashion,South,Store C,0
2023-07-06,880.2,Fashion,East,Store B,0
2023-07-06,1115.39,Fashion,West,Store B,0
2023-07-06,949.28,Home,North,Online,0
2023-07-06,1142.77,Home,South,Online,0
2023-07-06,760.07,Home,East,Store C,0
2023-07-06,947.47,Home,West,Store C,0
2023-07-07,1146.65,Grocery,North,Online,0
2023-07-07,1440.39,Grocery,South,Online,0
2023-07-07,862.76,Grocery,East,Store C,0
2023-07-07,1010.67,Grocery,West,Store C,0
2023-07-07,1317.23,Electronics,North,Online,0
2023-07-07,1703.36,Electronics,South,Online,0
2023-07-07,1115.43,Electronics,East,Store C,0
2023-07-07,1248.58,Electronics,West,Store C,0
2023-07-07,1121.15,Fashion,North,Online,0
2023-07-07,1235.83,Fashion,South,Online,0
2023-07-07,922.22,Fashion,East,Store C,0
2023-07-07,878.47,Fashion,West,Store C,0
2023-07-07,770.03,Home,North,Store A,0
2023-07-07,867.7,Home,South,Store A,0
2023-07-07,866.77,Home,East,Online,0
2023-07-07,1212.78,Home,West,Online,0
2023-07-08,1102.01,Grocery,North,Store A,0
2023-07-08,1312.02,Grocery,South,Store A,0
2023-07-08,1518.12,Grocery,East,Online,0
2023-07-08,1623.9,Grocery,West,Online,0
2023-07-08,1320.88,Electronics,North,Store A,0
2023-07-08,1536.45,Electronics,South,Store A,0
2023-07-08,1725.0,Electronics,East,Online,0
2023-07-08,1946.4,Electronics,West,Online,0
2023-07-08,987.53,Fashion,North,Store A,0
2023-07-08,1221.75,Fashion,South,Store A,0
2023-07-08,1291.5,Fashion,East,Online,0
2023-07-08,1391.61,Fashion,West,Online,0
2023-07-08,788.83,Home,North,Store B,0
2023-07-08,1057.21,Home,South,Store B,0
2023-07-08,969.42,Home,East,Store A,0
2023-07-08,1079.39,Home,West,Store A,0
2023-07-09,1041.32,Grocery,North,Store B,0
2023-07-09,1196.73,Grocery,South,Store B,0
2023-07-09,1202.94,Grocery,East,Store A,0
2023-07-09,1301.28,Grocery,West,Store A,0
2023-07-09,1218.14,Electronics,North,Store B,0
2023-07-09,1454.27,Electronics,South,Store B,0
2023-07-09,1393.41,Electronics,East,Store A,0
2023-07-09,1687.3,Electronics,West,Store A,0
2023-07-09,894.03,Fashion,North,Store B,0
2023-07-09,1114.29,Fashion,South,Store B,0
2023-07-09,1123.99,Fashion,East,Store A,0
2023-07-09,1286.15,Fashion,West,Store A,0
2023-07-09,810.12,Home,North,Store C,0
2023-07-09,908.17,Home,South,Store C,0
2023-07-09,845.26,Home,East,Store B,0
2023-07-09,1050.9,Home,West,Store B,0
2023-07-10,918.18,Grocery,North,Store C,0
2023-07-10,959.75,Grocery,South,Store C,0
2023-07-10,893.8,Grocery,East,Store B,0
2023-07-10,1088.83,Grocery,West,Store B,0
2023-07-10,1032.6,Electronics,North,Store C,0
2023-07-10,1142.29,Electronics,South,Store C,0
2023-07-10,1161.18,Electronics,East,Store B,0
2023-07-10,1371.62,Electronics,West,Store B,0
2023-07-10,825.85,Fashion,North,Store C,0
2023-07-10,962.71,Fashion,South,Store C,0
2023-07-10,917.62,Fashion,East,Store B,0
2023-07-10,969.95,Fashion,West,Store B,0
2023-07-10,881.16,Home,North,Online,0
2023-07-10,1055.42,Home,South,Online,0
2023-07-10,695.2,Home,East,Store C,0
2023-07-10,789.66,Home,West,Store C,0
2023-07-11,1117.97,Grocery,North,Online,0
2023-07-11,1274.14,Grocery,South,Online,0
2023-07-11,846.6,Grocery,East,Store C,0
2023-07-11,1028.47,Grocery,West,Store C,0
2023-07-11,1439.41,Electronics,North,Online,0
2023-07-11,1575.65,Electronics,South,Online,0
2023-07-11,1199.21,Electronics,East,Store C,0
2023-07-11,1267.93,Electronics,West,Store C,0
2023-07-11,1029.51,Fashion,North,Online,0
2023-07-11,1190.28,Fashion,South,Online,0
2023-07-11,822.78,Fashion,East,Store C,0
2023-07-11,981.14,Fashion,West,Store C,0
2023-07-11,893.63,Home,North,Store A,0
2023-07-11,840.71,Home,South,Store A,0
2023-07-11,1016.09,Home,East,Online,0
2023-07-11,1158.22,Home,West,Online,0
2023-07-12,870.03,Grocery,North,Store A,0
2023-07-12,1131.1,Grocery,South,Store A,0
2023-07-12,1258.61,Grocery,East,Online,0
2023-07-12,1360.12,Grocery,West,Online,0
2023-07-12,1150.48,Electronics,North,Store A,0
2023-07-12,1215.25,Electronics,South,Store A,0
2023-07-12,1361.47,Electronics,East,Online,0
2023-07-12,1751.13,Electronics,West,Online,0
2023-07-12,849.73,Fashion,North,Store A,0
2023-07-12,935.46,Fashion,South,Store A,0
2023-07-12,1100.76,Fashion,East,Online,0
2023-07-12,1259.27,Fashion,West,Online,0
2023-07-12,707.33,Home,North,Store B,0
2023-07-12,875.29,Home,South,Store B,0
2023-07-12,747.33,Home,East,Store A,0
2023-07-12,910.44,Home,West,Store A,0
2023-07-13,908.24,Grocery,North,Store B,0
2023-07-13,1077.51,Grocery,South,Store B,0
2023-07-13,1063.58,Grocery,East,Store A,0
2023-07-13,1141.75,Grocery,West,Store A,0
2023-07-13,1134.32,Electronics,North,Store B,0
2023-07-13,1189.38,Electronics,South,Store B,0
2023-07-13,1298.39,Electronics,East,Store A,0
2023-07-13,1355.63,Electronics,West,Store A,0
2023-07-13,896.58,Fashion,North,Store B,0
2023-07-13,901.29,Fashion,South,Store B,0
2023-07-13,1021.85,Fashion,East,Store A,0
2023-07-13,1110.99,Fashion,West,Store A,0
2023-07-13,631.31,Home,North,Store C,0
2023-07-13,753.51,Home,South,Store C,0
2023-07-13,806.12,Home,East,Store B,0
2023-07-13,961.23,Home,West,Store B,0
2023-07-14,839.39,Grocery,North,Store C,0
2023-07-14,962.35,Grocery,South,Store C,0
2023-07-14,978.2,Grocery,East,Store B,0
2023-07-14,1115.75,Grocery,West,Store B,0
2023-07-14,943.65,Electronics,North,Store C,0
2023-07-14,1110.42,Electronics,South,Store C,0
2023-07-14,1139.9,Electronics,East,Store B,0
2023-07-14,1400.81,Electronics,West,Store B,0
2023-07-14,860.69,Fashion,North,Store C,0
2023-07-14,921.42,Fashion,South,Store C,0
2023-07-14,872.93,Fashion,East,Store B,0
2023-07-14,1055.75,Fashion,West,Store B,0
2023-07-14,888.01,Home,North,Online,0
2023-07-14,1044.13,Home,South,Online,0
2023-07-14,669.92,Home,East,Store C,0
2023-07-14,777.94,Home,West,Store C,0
2023-07-15,1597.86,Grocery,North,Online,1
2023-07-15,1808.16,Grocery,South,Online,1
2023-07-15,1259.59,Grocery,East,Store C,1
2023-07-15,1476.21,Grocery,West,Store C,1
2023-07-15,1914.11,Electronics,North,Online,1
2023-07-15,2194.26,Electronics,South,Online,1
2023-07-15,1467.91,Electronics,East,Store C,1
2023-07-15,1763.02,Electronics,West,Store C,1
2023-07-15,1405.72,Fashion,North,Online,1
2023-07-15,1665.92,Fashion,South,Online,1
2023-07-15,1154.99,Fashion,East,Store C,1
2023-07-15,1286.78,Fashion,West,Store C,1
2023-07-15,1080.62,Home,North,Store A,1
2023-07-15,1192.52,Home,South,Store A,1
2023-07-15,1310.75,Home,East,Online,1
2023-07-15,1523.91,Home,West,Online,1
2023-07-16,1171.76,Grocery,North,Store A,0
2023-07-16,1313.17,Grocery,South,Store A,0
2023-07-16,1399.57,Grocery,East,Online,0
2023-07-16,1730.11,Grocery,West,Online,0
2023-07-16,1315.89,Electronics,North,Store A,0
2023-07-16,1676.47,Electronics,South,Store A,0
2023-07-16,1636.14,Electronics,East,Online,0
2023-07-16,1965.5,Electronics,West,Online,0
2023-07-16,986.86,Fashion,North,Store A,0
2023-07-16,1168.72,Fashion,South,Store A,0
2023-07-16,1299.86,Fashion,East,Online,0
2023-07-16,1477.95,Fashion,West,Online,0
2023-07-16,942.64,Home,North,Store B,0
2023-07-16,974.93,Home,South,Store B,0
2023-07-16,949.69,Home,East,Store A,0
2023-07-16,1056.52,Home,West,Store A,0
2023-07-17,916.85,Grocery,North,Store B,0
2023-07-17,1010.08,Grocery,South,Store B,0
2023-07-17,955.47,Grocery,East,Store A,0
2023-07-17,1127.85,Grocery,West,Store A,0
2023-07-17,1222.57,Electronics,North,Store B,0
2023-07-17,1209.89,Electronics,South,Store B,0
2023-07-17,1109.92,Electronics,East,Store A,0
2023-07-17,1370.24,Electronics,West,Store A,0
2023-07-17,815.25,Fashion,North,Store B,0
2023-07-17,961.29,Fashion,South,Store B,0
2023-07-17,935.63,Fashion,East,Store A,0
2023-07-17,1108.57,Fashion,West,Store A,0
2023-07-17,647.2,Home,North,Store C,0
2023-07-17,795.8,Home,South,Store C,0
2023-07-17,709.95,Home,East,Store B,0
2023-07-17,863.3,Home,West,Store B,0
2023-07-18,787.26,Grocery,North,Store C,0
2023-07-18,888.23,Grocery,South,Store C,0
2023-07-18,988.87,Grocery,East,Store B,0
2023-07-18,1139.09,Grocery,West,Store B,0
2023-07-18,1061.83,Electronics,North,Store C,0
2023-07-18,1149.7,Electronics,South,Store C,0
2023-07-18,1162.28,Electronics,East,Store B,0
2023-07-18,1228.32,Electronics,West,Store B,0
2023-07-18,814.21,Fashion,North,Store C,0
2023-07-18,882.52,Fashion,South,Store C,0
2023-07-18,885.99,Fashion,East,Store B,0
2023-07-18,1028.79,Fashion,West,Store B,0
2023-07-18,864.31,Home,North,Online,0
2023-07-18,963.25,Home,South,Online,0
2023-07-18,671.38,Home,East,Store C,0
2023-07-18,872.12,Home,West,Store C,0
2023-07-19,1165.23,Grocery,North,Online,0
2023-07-19,1207.93,Grocery,South,Online,0
2023-07-19,817.99,Grocery,East,Store C,0
2023-07-19,992.33,Grocery,West,Store C,0
2023-07-19,1336.89,Electronics,North,Online,0
2023-07-19,1469.24,Electronics,South,Online,0
2023-07-19,971.08,Electronics,East,Store C,0
2023-07-19,1196.82,Electronics,West,Store C,0
2023-07-19,1036.48,Fashion,North,Online,0
2023-07-19,1109.49,Fashion,South,Online,0
2023-07-19,791.69,Fashion,East,Store C,0
2023-07-19,1002.86,Fashion,West,Store C,0
2023-07-19,697.58,Home,North,Store A,0
2023-07-19,864.2,Home,South,Store A,0
2023-07-19,1012.49,Home,East,Online,0
2023-07-19,1108.74,Home,West,Online,0
2023-07-20,912.36,Grocery,North,Store A,0
2023-07-20,1138.45,Grocery,South,Store A,0
2023-07-20,1156.49,Grocery,East,Online,0
2023-07-20,1449.58,Grocery,West,Online,0
2023-07-20,1159.49,Electronics,North,Store A,0
2023-07-20,1274.13,Electronics,South,Store A,0
2023-07-20,1438.35,Electronics,East,Online,0
2023-07-20,1688.93,Electronics,West,Online,0
2023-07-20,920.07,Fashion,North,Store A,0
2023-07-20,953.24,Fashion,South,Store A,0
2023-07-20,1076.16,Fashion,East,Online,0
2023-07-20,1267.75,Fashion,West,Online,0
2023-07-20,762.35,Home,North,Store B,0
2023-07-20,767.32,Home,South,Store B,0
2023-07-20,856.54,Home,East,Store A,0
2023-07-20,973.31,Home,West,Store A,0
2023-07-21,815.58,Grocery,North,Store B,0
2023-07-21,1077.28,Grocery,South,Store B,0
2023-07-21,1105.36,Grocery,East,Store A,0
2023-07-21,1218.04,Grocery,West,Store A,0
2023-07-21,1147.11,Electronics,North,Store B,0
2023-07-21,1221.11,Electronics,South,Store B,0
2023-07-21,1090.93,Electronics,East,Store A,0
2023-07-21,1298.05,Electronics,West,Store A,0
2023-07-21,826.79,Fashion,North,Store B,0
2023-07-21,892.6,Fashion,South,Store B,0
2023-07-21,848.92,Fashion,East,Store A,0
2023-07-21,1060.94,Fashion,West,Store A,0
2023-07-21,712.08,Home,North,Store C,0
2023-07-21,692.12,Home,South,Store C,0
2023-07-21,728.51,Home,East,Store B,0
2023-07-21,974.58,Home,West,Store B,0
2023-07-22,906.33,Grocery,North,Store C,0
2023-07-22,1146.83,Grocery,South,Store C,0
2023-07-22,1045.54,Grocery,East,Store B,0
2023-07-22,1299.15,Grocery,West,Store B,0
2023-07-22,1222.19,Electronics,North,Store C,0
2023-07-22,1363.29,Electronics,South,Store C,0
2023-07-22,1340.28,Electronics,East,Store B,0
2023-07-22,1463.93,Electronics,West,Store B,0
2023-07-22,944.9,Fashion,North,Store C,0
2023-07-22,958.96,Fashion,South,Store C,0
2023-07-22,995.61,Fashion,East,Store B,0
2023-07-22,1175.78,Fashion,West,Store B,0
2023-07-22,1085.36,Home,North,Online,0
2023-07-22,1223.62,Home,South,Online,0
2023-07-22,772.48,Home,East,Store C,0
2023-07-22,895.06,Home,West,Store C,0
2023-07-23,1347.18,Grocery,North,Online,0
2023-07-23,1489.1,Grocery,South,Online,0
2023-07-23,1068.16,Grocery,East,Store C,0
2023-07-23,1187.06,Grocery,West,Store C,0
2023-07-23,1486.16,Electronics,North,Online,0
2023-07-23,1832.8,Electronics,South,Online,0
2023-07-23,1188.96,Electronics,East,Store C,0
2023-07-23,1450.27,Electronics,West,Store C,0
2023-07-23,1153.49,Fashion,North,Online,0
2023-07-23,1443.98,Fashion,South,Online,0
2023-07-23,871.57,Fashion,East,Store C,0
2023-07-23,1070.16,Fashion,West,Store C,0
2023-07-23,892.41,Home,North,Store A,0
2023-07-23,949.03,Home,South,Store A,0
2023-07-23,1120.13,Home,East,Online,0
2023-07-23,1393.01,Home,West,Online,0
2023-07-24,910.88,Grocery,North,Store A,0
2023-07-24,1089.29,Grocery,South,Store A,0
2023-07-24,1014.58,Grocery,East,Online,0
2023-07-24,1377.78,Grocery,West,Online,0
2023-07-24,1111.39,Electronics,North,Store A,0
2023-07-24,1239.67,Electronics,South,Store A,0
2023-07-24,1462.39,Electronics,East,Online,0
2023-07-24,1642.64,Electronics,West,Online,0
2023-07-24,848.62,Fashion,North,Store A,0
2023-07-24,956.34,Fashion,South,Store A,0
2023-07-24,961.58,Fashion,East,Online,0
2023-07-24,1200.72,Fashion,West,Online,0
2023-07-24,771.84,Home,North,Store B,0
2023-07-24,702.37,Home,South,Store B,0
2023-07-24,753.32,Home,East,Store A,0
2023-07-24,919.59,Home,West,Store A,0
2023-07-25,1154.72,Grocery,North,Store B,1
2023-07-25,1247.52,Grocery,South,Store B,1
2023-07-25,1140.81,Grocery,East,Store A,1
2023-07-25,1458.37,Grocery,West,Store A,1
2023-07-25,1233.44,Electronics,North,Store B,1
2023-07-25,1505.89,Electronics,South,Store B,1
2023-07-25,1334.98,Electronics,East,Store A,1
2023-07-25,1727.68,Electronics,West,Store A,1
2023-07-25,946.75,Fashion,North,Store B,1
2023-07-25,1046.54,Fashion,South,Store B,1
2023-07-25,1060.24,Fashion,East,Store A,1
2023-07-25,1284.37,Fashion,West,Store A,1
2023-07-25,781.46,Home,North,Store C,1
2023-07-25,950.98,Home,South,Store C,1
2023-07-25,866.0,Home,East,Store B,1
2023-07-25,1097.14,Home,West,Store B,1
2023-07-26,851.35,Grocery,North,Store C,0
2023-07-26,938.05,Grocery,South,Store C,0
2023-07-26,894.17,Grocery,East,Store B,0
2023-07-26,1095.48,Grocery,West,Store B,0
2023-07-26,1025.5,Electronics,North,Store C,0
2023-07-26,1246.27,Electronics,South,Store C,0
2023-07-26,1156.92,Electronics,East,Store B,0
2023-07-26,1361.93,Electronics,West,Store B,0
2023-07-26,926.8,Fashion,North,Store C,0
2023-07-26,890.0,Fashion,South,Store C,0
2023-07-26,867.27,Fashion,East,Store B,0
2023-07-26,1033.73,Fashion,West,Store B,0
2023-07-26,851.37,Home,North,Online,0
2023-07-26,1007.86,Home,South,Online,0
2023-07-26,673.62,Home,East,Store C,0
2023-07-26,865.92,Home,West,Store C,0
2023-07-27,1103.36,Grocery,North,Online,0
2023-07-27,1274.46,Grocery,South,Online,0
2023-07-27,920.68,Grocery,East,Store C,0
2023-07-27,1066.46,Grocery,West,Store C,0
2023-07-27,1330.41,Electronics,North,Online,0
2023-07-27,1487.67,Electronics,South,Online,0
2023-07-27,1098.4,Electronics,East,Store C,0
2023-07-27,1268.8,Electronics,West,Store C,0
2023-07-27,930.28,Fashion,North,Online,0
2023-07-27,1142.27,Fashion,South,Online,0
2023-07-27,797.02,Fashion,East,Store C,0
2023-07-27,975.47,Fashion,West,Store C,0
2023-07-27,809.46,Home,North,Store A,0
2023-07-27,880.04,Home,South,Store A,0
2023-07-27,976.16,Home,East,Online,0
2023-07-27,1120.88,Home,West,Online,0
2023-07-28,894.92,Grocery,North,Store A,0
2023-07-28,1046.51,Grocery,South,Store A,0
2023-07-28,1159.54,Grocery,East,Online,0
2023-07-28,1369.38,Grocery,West,Online,0
2023-07-28,1017.84,Electronics,North,Store A,0
2023-07-28,1254.79,Electronics,South,Store A,0
2023-07-28,1397.22,Electronics,East,Online,0
2023-07-28,1634.72,Electronics,West,Online,0
2023-07-28,839.43,Fashion,North,Store A,0
2023-07-28,997.81,Fashion,South,Store A,0
2023-07-28,1000.98,Fashion,East,Online,0
2023-07-28,1165.53,Fashion,West,Online,0
2023-07-28,695.33,Home,North,Store B,0
2023-07-28,855.32,Home,South,Store B,0
2023-07-28,883.31,Home,East,Store A,0
2023-07-28,978.7,Home,West,Store A,0
2023-07-29,936.41,Grocery,North,Store B,0
2023-07-29,1145.06,Grocery,South,Store B,0
2023-07-29,1139.49,Grocery,East,Store A,0
2023-07-29,1341.84,Grocery,West,Store A,0
2023-07-29,1253.71,Electronics,North,Store B,0
2023-07-29,1342.89,Electronics,South,Store B,0
2023-07-29,1357.84,Electronics,East,Store A,0
2023-07-29,1626.12,Electronics,West,Store A,0
2023-07-29,976.38,Fashion,North,Store B,0
2023-07-29,1015.4,Fashion,South,Store B,0
2023-07-29,1011.02,Fashion,East,Store A,0
2023-07-29,1070.48,Fashion,West,Store A,0
2023-07-29,742.68,Home,North,Store C,0
2023-07-29,855.45,Home,South,Store C,0
2023-07-29,806.66,Home,East,Store B,0
2023-07-29,1030.31,Home,West,Store B,0
2023-07-30,950.36,Grocery,North,Store C,0
2023-07-30,961.03,Grocery,South,Store C,0
2023-07-30,1070.68,Grocery,East,Store B,0
2023-07-30,1202.25,Grocery,West,Store B,0
2023-07-30,1174.06,Electronics,North,Store C,0
2023-07-30,1235.53,Electronics,South,Store C,0
2023-07-30,1275.84,Electronics,East,Store B,0
2023-07-30,1492.65,Electronics,West,Store B,0
2023-07-30,889.3,Fashion,North,Store C,0
2023-07-30,1000.17,Fashion,South,Store C,0
2023-07-30,955.06,Fashion,East,Store B,0
2023-07-30,1062.6,Fashion,West,Store B,0
2023-07-30,964.23,Home,North,Online,0
2023-07-30,1157.95,Home,South,Online,0
2023-07-30,808.23,Home,East,Store C,0
2023-07-30,923.76,Home,West,Store C,0
2023-07-31,1140.52,Grocery,North,Online,0
2023-07-31,1243.76,Grocery,South,Online,0
2023-07-31,802.53,Grocery,East,Store C,0
2023-07-31,997.46,Grocery,West,Store C,0
2023-07-31,1343.54,Electronics,North,Online,0
2023-07-31,1533.07,Electronics,South,Online,0
2023-07-31,1132.94,Electronics,East,Store C,0
2023-07-31,1181.95,Electronics,West,Store C,0
2023-07-31,1008.35,Fashion,North,Online,0
2023-07-31,1175.85,Fashion,South,Online,0
2023-07-31,781.81,Fashion,East,Store C,0
2023-07-31,899.4,Fashion,West,Store C,0
2023-07-31,669.55,Home,North,Store A,0
2023-07-31,831.05,Home,South,Store A,0
2023-07-31,879.15,Home,East,Online,0
2023-07-31,1015.56,Home,West,Online,0
2023-08-01,829.13,Grocery,North,Store B,0
2023-08-01,936.03,Grocery,South,Store B,0
2023-08-01,997.87,Grocery,East,Store A,0
2023-08-01,1176.2,Grocery,West,Store A,0
2023-08-01,1000.72,Electronics,North,Store B,0
2023-08-01,1181.39,Electronics,South,Store B,0
2023-08-01,1059.98,Electronics,East,Store A,0
2023-08-01,1348.46,Electronics,West,Store A,0
2023-08-01,820.87,Fashion,North,Store B,0
2023-08-01,954.78,Fashion,South,Store B,0
2023-08-01,844.7,Fashion,East,Store A,0
2023-08-01,1104.12,Fashion,West,Store A,0
2023-08-01,583.31,Home,North,Store C,0
2023-08-01,690.25,Home,South,Store C,0
2023-08-01,779.4,Home,East,Store B,0
2023-08-01,968.27,Home,West,Store B,0
2023-08-02,845.38,Grocery,North,Store C,0
2023-08-02,929.18,Grocery,South,Store C,0
2023-08-02,787.96,Grocery,East,Store B,0
2023-08-02,964.36,Grocery,West,Store B,0
2023-08-02,991.78,Electronics,North,Store C,0
2023-08-02,1101.14,Electronics,South,Store C,0
2023-08-02,1032.69,Electronics,East,Store B,0
2023-08-02,1297.96,Electronics,West,Store B,0
2023-08-02,755.23,Fashion,North,Store C,0
2023-08-02,904.41,Fashion,South,Store C,0
2023-08-02,839.2,Fashion,East,Store B,0
2023-08-02,1052.0,Fashion,West,Store B,0
2023-08-02,897.67,Home,North,Online,0
2023-08-02,1014.97,Home,South,Online,0
2023-08-02,752.55,Home,East,Store C,0
2023-08-02,767.67,Home,West,Store C,0
2023-08-03,1256.02,Grocery,North,Online,0
2023-08-03,1274.16,Grocery,South,Online,0
2023-08-03,872.75,Grocery,East,Store C,0
2023-08-03,1037.14,Grocery,West,Store C,0
2023-08-03,1428.45,Electronics,North,Online,0
2023-08-03,1552.06,Electronics,South,Online,0
2023-08-03,936.78,Electronics,East,Store C,0
2023-08-03,1290.52,Electronics,West,Store C,0
2023-08-03,989.15,Fashion,North,Online,0
2023-08-03,1153.19,Fashion,South,Online,0
2023-08-03,709.26,Fashion,East,Store C,0
2023-08-03,951.76,Fashion,West,Store C,0
2023-08-03,715.58,Home,North,Store A,0
2023-08-03,860.84,Home,South,Store A,0
2023-08-03,918.41,Home,East,Online,0
2023-08-03,1211.47,Home,West,Online,0
2023-08-04,1031.29,Grocery,North,Store A,0
2023-08-04,1052.38,Grocery,South,Store A,0
2023-08-04,1149.94,Grocery,East,Online,0
2023-08-04,1336.45,Grocery,West,Online,0
2023-08-04,1170.68,Electronics,North,Store A,0
2023-08-04,1245.25,Electronics,South,Store A,0
2023-08-04,1356.42,Electronics,East,Online,0
2023-08-04,1686.81,Electronics,West,Online,0
2023-08-04,814.5,Fashion,North,Store A,0
2023-08-04,958.77,Fashion,South,Store A,0
2023-08-04,962.3,Fashion,East,Online,0
2023-08-04,1280.72,Fashion,West,Online,0
2023-08-04,813.78,Home,North,Store B,0
2023-08-04,844.48,Home,South,Store B,0
2023-08-04,862.65,Home,East,Store A,0
2023-08-04,879.39,Home,West,Store A,0
2023-08-05,1221.0,Grocery,North,Store B,1
2023-08-05,1323.19,Grocery,South,Store B,1
2023-08-05,1323.98,Grocery,East,Store A,1
2023-08-05,1624.46,Grocery,West,Store A,1
2023-08-05,1459.3,Electronics,North,Store B,1
2023-08-05,1577.04,Electronics,South,Store B,1
2023-08-05,1536.02,Electronics,East,Store A,1
2023-08-05,1827.79,Electronics,West,Store A,1
2023-08-05,1132.66,Fashion,North,Store B,1
2023-08-05,1372.05,Fashion,South,Store B,1
2023-08-05,1298.18,Fashion,East,Store A,1
2023-08-05,1343.65,Fashion,West,Store A,1
2023-08-05,1000.77,Home,North,Store C,1
2023-08-05,1101.71,Home,South,Store C,1
2023-08-05,939.61,Home,East,Store B,1
2023-08-05,1196.12,Home,West,Store B,1
2023-08-06,1003.95,Grocery,North,Store C,0
2023-08-06,1104.48,Grocery,South,Store C,0
2023-08-06,976.02,Grocery,East,Store B,0
2023-08-06,1274.1,Grocery,West,Store B,0
2023-08-06,1018.07,Electronics,North,Store C,0
2023-08-06,1280.44,Electronics,South,Store C,0
2023-08-06,1323.76,Electronics,East,Store B,0
2023-08-06,1493.83,Electronics,West,Store B,0
2023-08-06,836.28,Fashion,North,Store C,0
2023-08-06,1032.09,Fashion,South,Store C,0
2023-08-06,1012.81,Fashion,East,Store B,0
2023-08-06,1207.44,Fashion,West,Store B,0
2023-08-06,1082.89,Home,North,Online,0
2023-08-06,1237.38,Home,South,Online,0
2023-08-06,840.73,Home,East,Store C,0
2023-08-06,962.04,Home,West,Store C,0
2023-08-07,1099.89,Grocery,North,Online,0
2023-08-07,1233.35,Grocery,South,Online,0
2023-08-07,780.29,Grocery,East,Store C,0
2023-08-07,949.99,Grocery,West,Store C,0
2023-08-07,1302.16,Electronics,North,Online,0
2023-08-07,1513.18,Electronics,South,Online,0
2023-08-07,1098.47,Electronics,East,Store C,0
2023-08-07,1204.14,Electronics,West,Store C,0
2023-08-07,1057.37,Fashion,North,Online,0
2023-08-07,1200.14,Fashion,South,Online,0
2023-08-07,762.46,Fashion,East,Store C,0
2023-08-07,950.28,Fashion,West,Store C,0
2023-08-07,733.75,Home,North,Store A,0
2023-08-07,923.19,Home,South,Store A,0
2023-08-07,963.7,Home,East,Online,0
2023-08-07,1033.83,Home,West,Online,0
2023-08-08,925.98,Grocery,North,Store A,0
2023-08-08,1134.57,Grocery,South,Store A,0
2023-08-08,1130.02,Grocery,East,Online,0
2023-08-08,1374.0,Grocery,West,Online,0
2023-08-08,1133.65,Electronics,North,Store A,0
2023-08-08,1199.24,Electronics,South,Store A,0
2023-08-08,1399.94,Electronics,East,Online,0
2023-08-08,1547.16,Electronics,West,Online,0
2023-08-08,804.97,Fashion,North,Store A,0
2023-08-08,1014.62,Fashion,South,Store A,0
2023-08-08,1063.0,Fashion,East,Online,0
2023-08-08,1218.28,Fashion,West,Online,0
2023-08-08,727.62,Home,North,Store B,0
2023-08-08,796.99,Home,South,Store B,0
2023-08-08,778.55,Home,East,Store A,0
2023-08-08,956.86,Home,West,Store A,0
2023-08-09,823.01,Grocery,North,Store B,0
2023-08-09,984.58,Grocery,South,Store B,0
2023-08-09,937.65,Grocery,East,Store A,0
2023-08-09,1042.99,Grocery,West,Store A,0
2023-08-09,987.92,Electronics,North,Store B,0
2023-08-09,1268.42,Electronics,South,Store B,0
2023-08-09,1170.18,Electronics,East,Store A,0
2023-08-09,1287.27,Electronics,West,Store A,0
2023-08-09,705.16,Fashion,North,Store B,0
2023-08-09,892.94,Fashion,South,Store B,0
2023-08-09,959.77,Fashion,East,Store A,0
2023-08-09,1024.15,Fashion,West,Store A,0
2023-08-09,731.01,Home,North,Store C,0
2023-08-09,769.64,Home,South,Store C,0
2023-08-09,757.91,Home,East,Store B,0
2023-08-09,792.97,Home,West,Store B,0
2023-08-10,860.65,Grocery,North,Store C,0
2023-08-10,902.57,Grocery,South,Store C,0
2023-08-10,946.0,Grocery,East,Store B,0
2023-08-10,1018.79,Grocery,West,Store B,0
2023-08-10,983.39,Electronics,North,Store C,0
2023-08-10,1127.67,Electronics,South,Store C,0
2023-08-10,1072.81,Electronics,East,Store B,0
2023-08-10,1302.14,Electronics,West,Store B,0
2023-08-10,725.87,Fashion,North,Store C,0
2023-08-10,807.24,Fashion,South,Store C,0
2023-08-10,910.69,Fashion,East,Store B,0
2023-08-10,1031.13,Fashion,West,Store B,0
2023-08-10,845.35,Home,North,Online,0
2023-08-10,1041.16,Home,South,Online,0
2023-08-10,645.41,Home,East,Store C,0
2023-08-10,747.14,Home,West,Store C,0
2023-08-11,1145.94,Grocery,North,Online,0
2023-08-11,1145.97,Grocery,South,Online,0
2023-08-11,893.39,Grocery,East,Store C,0
2023-08-11,983.24,Grocery,West,Store C,0
2023-08-11,1298.95,Electronics,North,Online,0
2023-08-11,1514.37,Electronics,South,Online,0
2023-08-11,1045.71,Electronics,East,Store C,0
2023-08-11,1154.5,Electronics,West,Store C,0
2023-08-11,1036.26,Fashion,North,Online,0
2023-08-11,1140.87,Fashion,South,Online,0
2023-08-11,701.94,Fashion,East,Store C,0
2023-08-11,903.29,Fashion,West,Store C,0
2023-08-11,819.09,Home,North,Store A,0
2023-08-11,938.11,Home,South,Store A,0
2023-08-11,963.19,Home,East,Online,0
2023-08-11,1027.93,Home,West,Online,0
2023-08-12,1085.18,Grocery,North,Store A,0
2023-08-12,1251.34,Grocery,South,Store A,0
2023-08-12,1355.3,Grocery,East,Online,0
2023-08-12,1600.16,Grocery,West,Online,0
2023-08-12,1293.4,Electronics,North,Store A,0
2023-08-12,1445.55,Electronics,South,Store A,0
2023-08-12,1549.46,Electronics,East,Online,0
2023-08-12,1769.27,Electronics,West,Online,0
2023-08-12,987.2,Fashion,North,Store A,0
2023-08-12,1112.7,Fashion,South,Store A,0
2023-08-12,1234.58,Fashion,East,Online,0
2023-08-12,1351.47,Fashion,West,Online,0
2023-08-12,846.71,Home,North,Store B,0
2023-08-12,1036.43,Home,South,Store B,0
2023-08-12,901.85,Home,East,Store A,0
2023-08-12,1059.0,Home,West,Store A,0
2023-08-13,1012.87,Grocery,North,Store B,0
2023-08-13,1245.38,Grocery,South,Store B,0
2023-08-13,1045.52,Grocery,East,Store A,0
2023-08-13,1315.37,Grocery,West,Store A,0
2023-08-13,1154.45,Electronics,North,Store B,0
2023-08-13,1334.08,Electronics,South,Store B,0
2023-08-13,1323.19,Electronics,East,Store A,0
2023-08-13,1643.56,Electronics,West,Store A,0
2023-08-13,1010.53,Fashion,North,Store B,0
2023-08-13,1062.18,Fashion,South,Store B,0
2023-08-13,987.73,Fashion,East,Store A,0
2023-08-13,1330.77,Fashion,West,Store A,0
2023-08-13,737.08,Home,North,Store C,0
2023-08-13,834.38,Home,South,Store C,0
2023-08-13,747.06,Home,East,Store B,0
2023-08-13,1076.61,Home,West,Store B,0
2023-08-14,858.2,Grocery,North,Store C,0
2023-08-14,1049.25,Grocery,South,Store C,0
2023-08-14,817.5,Grocery,East,Store B,0
2023-08-14,1138.32,Grocery,West,Store B,0
2023-08-14,972.52,Electronics,North,Store C,0
2023-08-14,1146.96,Electronics,South,Store C,0
2023-08-14,985.12,Electronics,East,Store B,0
2023-08-14,1354.07,Electronics,West,Store B,0
2023-08-14,779.99,Fashion,North,Store C,0
2023-08-14,836.48,Fashion,South,Store C,0
2023-08-14,853.65,Fashion,East,Store B,0
2023-08-14,926.35,Fashion,West,Store B,0
2023-08-14,850.78,Home,North,Online,0
2023-08-14,979.23,Home,South,Online,0
2023-08-14,580.84,Home,East,Store C,0
2023-08-14,855.53,Home,West,Store C,0
2023-08-15,1365.85,Grocery,North,Online,1
2023-08-15,1441.57,Grocery,South,Online,1
2023-08-15,1024.95,Grocery,East,Store C,1
2023-08-15,1175.94,Grocery,West,Store C,1
2023-08-15,1582.84,Electronics,North,Online,1
2023-08-15,1746.67,Electronics,South,Online,1
2023-08-15,1161.78,Electronics,East,Store C,1
2023-08-15,1490.55,Electronics,West,Store C,1
2023-08-15,1186.61,Fashion,North,Online,1
2023-08-15,1465.92,Fashion,South,Online,1
2023-08-15,923.11,Fashion,East,Store C,1
2023-08-15,1038.71,Fashion,West,Store C,1
2023-08-15,954.74,Home,North,Store A,1
2023-08-15,1044.66,Home,South,Store A,1
2023-08-15,1142.88,Home,East,Online,1
2023-08-15,1370.96,Home,West,Online,1
2023-08-16,871.83,Grocery,North,Store A,0
2023-08-16,1026.27,Grocery,South,Store A,0
2023-08-16,1118.92,Grocery,East,Online,0
2023-08-16,1264.6,Grocery,West,Online,0
2023-08-16,1077.85,Electronics,North,Store A,0
2023-08-16,1316.92,Electronics,South,Store A,0
2023-08-16,1370.9,Electronics,East,Online,0
2023-08-16,1533.21,Electronics,West,Online,0
2023-08-16,745.23,Fashion,North,Store A,0
2023-08-16,1037.26,Fashion,South,Store A,0
2023-08-16,1027.76,Fashion,East,Online,0
2023-08-16,1186.8,Fashion,West,Online,0
2023-08-16,680.82,Home,North,Store B,0
2023-08-16,710.87,Home,South,Store B,0
2023-08-16,848.19,Home,East,Store A,0
2023-08-16,889.71,Home,West,Store A,0
2023-08-17,929.56,Grocery,North,Store B,0
2023-08-17,975.35,Grocery,South,Store B,0
2023-08-17,1023.87,Grocery,East,Store A,0
2023-08-17,1132.98,Grocery,West,Store A,0
2023-08-17,1075.05,Electronics,North,Store B,0
2023-08-17,1209.86,Electronics,South,Store B,0
2023-08-17,1171.77,Electronics,East,Store A,0
2023-08-17,1365.56,Electronics,West,Store A,0
2023-08-17,769.14,Fashion,North,Store B,0
2023-08-17,995.44,Fashion,South,Store B,0
2023-08-17,815.25,Fashion,East,Store A,0
2023-08-17,1024.28,Fashion,West,Store A,0
2023-08-17,653.33,Home,North,Store C,0
2023-08-17,764.89,Home,South,Store C,0
2023-08-17,701.02,Home,East,Store B,0
2023-08-17,875.05,Home,West,Store B,0
2023-08-18,791.83,Grocery,North,Store C,0
2023-08-18,824.91,Grocery,South,Store C,0
2023-08-18,890.21,Grocery,East,Store B,0
2023-08-18,992.56,Grocery,West,Store B,0
2023-08-18,868.67,Electronics,North,Store C,0
2023-08-18,1104.92,Electronics,South,Store C,0
2023-08-18,1097.47,Electronics,East,Store B,0
2023-08-18,1296.25,Electronics,West,Store B,0
2023-08-18,764.42,Fashion,North,Store C,0
2023-08-18,728.34,Fashion,South,Store C,0
2023-08-18,739.43,Fashion,East,Store B,0
2023-08-18,1072.39,Fashion,West,Store B,0
2023-08-18,820.86,Home,North,Online,0
2023-08-18,1033.54,Home,South,Online,0
2023-08-18,641.71,Home,East,Store C,0
2023-08-18,808.68,Home,West,Store C,0
2023-08-19,1216.29,Grocery,North,Online,0
2023-08-19,1455.04,Grocery,South,Online,0
2023-08-19,975.28,Grocery,East,Store C,0
2023-08-19,1120.85,Grocery,West,Store C,0
2023-08-19,1447.83,Electronics,North,Online,0
2023-08-19,1728.54,Electronics,South,Online,0
2023-08-19,1097.88,Electronics,East,Store C,0
2023-08-19,1402.0,Electronics,West,Store C,0
2023-08-19,1289.55,Fashion,North,Online,0
2023-08-19,1377.72,Fashion,South,Online,0
2023-08-19,925.25,Fashion,East,Store C,0
2023-08-19,1043.72,Fashion,West,Store C,0
2023-08-19,747.06,Home,North,Store A,0
2023-08-19,899.03,Home,South,Store A,0
2023-08-19,1131.73,Home,East,Online,0
2023-08-19,1212.65,Home,West,Online,0
2023-08-20,1009.72,Grocery,North,Store A,0
2023-08-20,1184.02,Grocery,South,Store A,0
2023-08-20,1244.52,Grocery,East,Online,0
2023-08-20,1474.77,Grocery,West,Online,0
2023-08-20,1258.59,Electronics,North,Store A,0
2023-08-20,1386.77,Electronics,South,Store A,0
2023-08-20,1527.17,Electronics,East,Online,0
2023-08-20,1812.95,Electronics,West,Online,0
2023-08-20,988.08,Fashion,North,Store A,0
2023-08-20,1079.26,Fashion,South,Store A,0
2023-08-20,1182.69,Fashion,East,Online,0
2023-08-20,1444.37,Fashion,West,Online,0
2023-08-20,795.74,Home,North,Store B,0
2023-08-20,899.38,Home,South,Store B,0
2023-08-20,914.91,Home,East,Store A,0
2023-08-20,1089.08,Home,West,Store A,0
2023-08-21,842.47,Grocery,North,Store B,0
2023-08-21,972.62,Grocery,South,Store B,0
2023-08-21,898.04,Grocery,East,Store A,0
2023-08-21,1066.55,Grocery,West,Store A,0
2023-08-21,1065.85,Electronics,North,Store B,0
2023-08-21,1189.58,Electronics,South,Store B,0
2023-08-21,1157.48,Electronics,East,Store A,0
2023-08-21,1355.88,Electronics,West,Store A,0
2023-08-21,781.01,Fashion,North,Store B,0
2023-08-21,924.44,Fashion,South,Store B,0
2023-08-21,912.72,Fashion,East,Store A,0
2023-08-21,1069.6,Fashion,West,Store A,0
2023-08-21,644.07,Home,North,Store C,0
2023-08-21,815.74,Home,South,Store C,0
2023-08-21,733.99,Home,East,Store B,0
2023-08-21,888.71,Home,West,Store B,0
2023-08-22,813.16,Grocery,North,Store C,0
2023-08-22,921.54,Grocery,South,Store C,0
2023-08-22,845.35,Grocery,East,Store B,0
2023-08-22,1087.1,Grocery,West,Store B,0
2023-08-22,1116.37,Electronics,North,Store C,0
2023-08-22,1072.01,Electronics,South,Store C,0
2023-08-22,1069.89,Electronics,East,Store B,0
2023-08-22,1237.24,Electronics,West,Store B,0
2023-08-22,703.21,Fashion,North,Store C,0
2023-08-22,915.96,Fashion,South,Store C,0
2023-08-22,773.74,Fashion,East,Store B,0
2023-08-22,933.59,Fashion,West,Store B,0
2023-08-22,787.33,Home,North,Online,0
2023-08-22,953.94,Home,South,Online,0
2023-08-22,582.58,Home,East,Store C,0
2023-08-22,835.56,Home,West,Store C,0
2023-08-23,1227.98,Grocery,North,Online,0
2023-08-23,1202.36,Grocery,South,Online,0
2023-08-23,739.07,Grocery,East,Store C,0
2023-08-23,1032.83,Grocery,West,Store C,0
2023-08-23,1252.45,Electronics,North,Online,0
2023-08-23,1542.64,Electronics,South,Online,0
2023-08-23,984.19,Electronics,East,Store C,0
2023-08-23,1148.57,Electronics,West,Store C,0
2023-08-23,973.19,Fashion,North,Online,0
2023-08-23,1160.6,Fashion,South,Online,0
2023-08-23,747.83,Fashion,East,Store C,0
2023-08-23,872.67,Fashion,West,Store C,0
2023-08-23,721.89,Home,North,Store A,0
2023-08-23,764.22,Home,South,Store A,0
2023-08-23,932.77,Home,East,Online,0
2023-08-23,979.98,Home,West,Online,0
2023-08-24,875.45,Grocery,North,Store A,0
2023-08-24,1066.09,Grocery,South,Store A,0
2023-08-24,1135.25,Grocery,East,Online,0
2023-08-24,1356.51,Grocery,West,Online,0
2023-08-24,1079.33,Electronics,North,Store A,0
2023-08-24,1297.0,Electronics,South,Store A,0
2023-08-24,1396.95,Electronics,East,Online,0
2023-08-24,1617.88,Electronics,West,Online,0
2023-08-24,874.63,Fashion,North,Store A,0
2023-08-24,978.79,Fashion,South,Store A,0
2023-08-24,999.62,Fashion,East,Online,0
2023-08-24,1137.92,Fashion,West,Online,0
2023-08-24,712.99,Home,North,Store B,0
2023-08-24,815.31,Home,South,Store B,0
2023-08-24,823.23,Home,East,Store A,0
2023-08-24,851.95,Home,West,Store A,0
2023-08-25,966.72,Grocery,North,Store B,1
2023-08-25,1182.46,Grocery,South,Store B,1
2023-08-25,1120.81,Grocery,East,Store A,1
2023-08-25,1227.59,Grocery,West,Store A,1
2023-08-25,1243.97,Electronics,North,Store B,1
2023-08-25,1290.64,Electronics,South,Store B,1
2023-08-25,1301.49,Electronics,East,Store A,1
2023-08-25,1676.42,Electronics,West,Store A,1
2023-08-25,1030.79,Fashion,North,Store B,1
2023-08-25,992.24,Fashion,South,Store B,1
2023-08-25,1011.29,Fashion,East,Store A,1
2023-08-25,1220.83,Fashion,West,Store A,1
2023-08-25,874.38,Home,North,Store C,1
2023-08-25,856.68,Home,South,Store C,1
2023-08-25,836.01,Home,East,Store B,1
2023-08-25,1105.79,Home,West,Store B,1
2023-08-26,901.05,Grocery,North,Store C,0
2023-08-26,1088.85,Grocery,South,Store C,0
2023-08-26,942.31,Grocery,East,Store B,0
2023-08-26,1202.14,Grocery,West,Store B,0
2023-08-26,1017.85,Electronics,North,Store C,0
2023-08-26,1204.47,Electronics,South,Store C,0
2023-08-26,1277.89,Electronics,East,Store B,0
2023-08-26,1455.23,Electronics,West,Store B,0
2023-08-26,826.01,Fashion,North,Store C,0
2023-08-26,919.04,Fashion,South,Store C,0
2023-08-26,924.68,Fashion,East,Store B,0
2023-08-26,1125.44,Fashion,West,Store B,0
2023-08-26,1064.7,Home,North,Online,0
2023-08-26,1006.03,Home,South,Online,0
2023-08-26,735.99,Home,East,Store C,0
2023-08-26,934.07,Home,West,Store C,0
2023-08-27,1235.69,Grocery,North,Online,0
2023-08-27,1434.96,Grocery,South,Online,0
2023-08-27,974.74,Grocery,East,Store C,0
2023-08-27,1119.59,Grocery,West,Store C,0
2023-08-27,1464.59,Electronics,North,Online,0
2023-08-27,1686.62,Electronics,South,Online,0
2023-08-27,1218.46,Electronics,East,Store C,0
2023-08-27,1327.22,Electronics,West,Store C,0
2023-08-27,1132.5,Fashion,North,Online,0
2023-08-27,1303.13,Fashion,South,Online,0
2023-08-27,964.48,Fashion,East,Store C,0
2023-08-27,1023.54,Fashion,West,Store C,0
2023-08-27,899.61,Home,North,Store A,0
2023-08-27,1031.75,Home,South,Store A,0
2023-08-27,1049.19,Home,East,Online,0
2023-08-27,1234.46,Home,West,Online,0
2023-08-28,878.49,Grocery,North,Store A,0
2023-08-28,1006.52,Grocery,South,Store A,0
2023-08-28,1161.48,Grocery,East,Online,0
2023-08-28,1331.91,Grocery,West,Online,0
2023-08-28,1091.89,Electronics,North,Store A,0
2023-08-28,1166.28,Electronics,South,Store A,0
2023-08-28,1287.97,Electronics,East,Online,0
2023-08-28,1705.41,Electronics,West,Online,0
2023-08-28,810.83,Fashion,North,Store A,0
2023-08-28,891.48,Fashion,South,Store A,0
2023-08-28,1098.76,Fashion,East,Online,0
2023-08-28,1222.91,Fashion,West,Online,0
2023-08-28,719.14,Home,North,Store B,0
2023-08-28,774.81,Home,South,Store B,0
2023-08-28,742.94,Home,East,Store A,0
2023-08-28,890.82,Home,West,Store A,0
2023-08-29,768.1,Grocery,North,Store B,0
2023-08-29,956.06,Grocery,South,Store B,0
2023-08-29,950.24,Grocery,East,Store A,0
2023-08-29,1207.28,Grocery,West,Store A,0
2023-08-29,1020.58,Electronics,North,Store B,0
2023-08-29,1027.96,Electronics,South,Store B,0
2023-08-29,1118.75,Electronics,East,Store A,0
2023-08-29,1481.02,Electronics,West,Store A,0
2023-08-29,820.27,Fashion,North,Store B,0
2023-08-29,834.87,Fashion,South,Store B,0
2023-08-29,887.32,Fashion,East,Store A,0
2023-08-29,971.0,Fashion,West,Store A,0
2023-08-29,570.26,Home,North,Store C,0
2023-08-29,714.73,Home,South,Store C,0
2023-08-29,721.03,Home,East,Store B,0
2023-08-29,744.54,Home,West,Store B,0
2023-08-30,728.63,Grocery,North,Store C,0
2023-08-30,901.91,Grocery,South,Store C,0
2023-08-30,856.92,Grocery,East,Store B,0
2023-08-30,1062.6,Grocery,West,Store B,0
2023-08-30,886.08,Electronics,North,Store C,0
2023-08-30,1123.94,Electronics,South,Store C,0
2023-08-30,993.11,Electronics,East,Store B,0
2023-08-30,1342.94,Electronics,West,Store B,0
2023-08-30,630.36,Fashion,North,Store C,0
2023-08-30,764.87,Fashion,South,Store C,0
2023-08-30,827.8,Fashion,East,Store B,0
2023-08-30,1044.21,Fashion,West,Store B,0
2023-08-30,885.6,Home,North,Online,0
2023-08-30,1019.31,Home,South,Online,0
2023-08-30,672.58,Home,East,Store C,0
2023-08-30,738.52,Home,West,Store C,0
2023-08-31,1039.47,Grocery,North,Online,0
2023-08-31,1147.26,Grocery,South,Online,0
2023-08-31,754.56,Grocery,East,Store C,0
2023-08-31,998.5,Grocery,West,Store C,0
2023-08-31,1221.55,Electronics,North,Online,0
2023-08-31,1478.39,Electronics,South,Online,0
2023-08-31,921.06,Electronics,East,Store C,0
2023-08-31,1191.29,Electronics,West,Store C,0
2023-08-31,949.18,Fashion,North,Online,0
2023-08-31,1188.4,Fashion,South,Online,0
2023-08-31,772.79,Fashion,East,Store C,0
2023-08-31,961.62,Fashion,West,Store C,0
2023-08-31,686.11,Home,North,Store A,0
2023-08-31,831.39,Home,South,Store A,0
2023-08-31,850.56,Home,East,Online,0
2023-08-31,1047.91,Home,West,Online,0
2023-09-01,827.78,Grocery,North,Store B,0
2023-09-01,918.75,Grocery,South,Store B,0
2023-09-01,864.94,Grocery,East,Store A,0
2023-09-01,1025.2,Grocery,West,Store A,0
2023-09-01,884.81,Electronics,North,Store B,0
2023-09-01,1095.56,Electronics,South,Store B,0
2023-09-01,1155.82,Electronics,East,Store A,0
2023-09-01,1239.35,Electronics,West,Store A,0
2023-09-01,695.58,Fashion,North,Store B,0
2023-09-01,975.93,Fashion,South,Store B,0
2023-09-01,817.82,Fashion,East,Store A,0
2023-09-01,1027.13,Fashion,West,Store A,0
2023-09-01,678.56,Home,North,Store C,0
2023-09-01,768.62,Home,South,Store C,0
2023-09-01,630.61,Home,East,Store B,0
2023-09-01,832.83,Home,West,Store B,0
2023-09-02,827.48,Grocery,North,Store C,0
2023-09-02,1177.78,Grocery,South,Store C,0
2023-09-02,930.08,Grocery,East,Store B,0
2023-09-02,1147.11,Grocery,West,Store B,0
2023-09-02,1045.66,Electronics,North,Store C,0
2023-09-02,1173.1,Electronics,South,Store C,0
2023-09-02,1299.2,Electronics,East,Store B,0
2023-09-02,1583.01,Electronics,West,Store B,0
2023-09-02,812.65,Fashion,North,Store C,0
2023-09-02,882.2,Fashion,South,Store C,0
2023-09-02,808.52,Fashion,East,Store B,0
2023-09-02,1089.22,Fashion,West,Store B,0
2023-09-02,987.56,Home,North,Online,0
2023-09-02,1108.12,Home,South,Online,0
2023-09-02,789.52,Home,East,Store C,0
2023-09-02,941.86,Home,West,Store C,0
2023-09-03,1252.2,Grocery,North,Online,0
2023-09-03,1387.76,Grocery,South,Online,0
2023-09-03,894.25,Grocery,East,Store C,0
2023-09-03,1166.84,Grocery,West,Store C,0
2023-09-03,1486.19,Electronics,North,Online,0
2023-09-03,1739.8,Electronics,South,Online,0
2023-09-03,1192.5,Electronics,East,Store C,0
2023-09-03,1281.9,Electronics,West,Store C,0
2023-09-03,1050.94,Fashion,North,Online,0
2023-09-03,1244.52,Fashion,South,Online,0
2023-09-03,815.83,Fashion,East,Store C,0
2023-09-03,1075.98,Fashion,West,Store C,0
2023-09-03,861.62,Home,North,Store A,0
2023-09-03,1019.25,Home,South,Store A,0
2023-09-03,1068.83,Home,East,Online,0
2023-09-03,1250.8,Home,West,Online,0
2023-09-04,957.94,Grocery,North,Store A,0
2023-09-04,1041.14,Grocery,South,Store A,0
2023-09-04,1112.48,Grocery,East,Online,0
2023-09-04,1393.81,Grocery,West,Online,0
2023-09-04,1079.7,Electronics,North,Store A,0
2023-09-04,1205.07,Electronics,South,Store A,0
2023-09-04,1288.16,Electronics,East,Online,0
2023-09-04,1617.98,Electronics,West,Online,0
2023-09-04,884.4,Fashion,North,Store A,0
2023-09-04,926.48,Fashion,South,Store A,0
2023-09-04,1086.71,Fashion,East,Online,0
2023-09-04,1092.81,Fashion,West,Online,0
2023-09-04,680.74,Home,North,Store B,0
2023-09-04,776.15,Home,South,Store B,0
2023-09-04,716.55,Home,East,Store A,0
2023-09-04,1026.6,Home,West,Store A,0
2023-09-05,1004.34,Grocery,North,Store B,1
2023-09-05,1124.96,Grocery,South,Store B,1
2023-09-05,1116.64,Grocery,East,Store A,1
2023-09-05,1209.9,Grocery,West,Store A,1
2023-09-05,1171.2,Electronics,North,Store B,1
2023-09-05,1434.83,Electronics,South,Store B,1
2023-09-05,1307.45,Electronics,East,Store A,1
2023-09-05,1542.95,Electronics,West,Store A,1
2023-09-05,994.58,Fashion,North,Store B,1
2023-09-05,1123.86,Fashion,South,Store B,1
2023-09-05,1049.14,Fashion,East,Store A,1
2023-09-05,1183.15,Fashion,West,Store A,1
2023-09-05,756.68,Home,North,Store C,1
2023-09-05,832.09,Home,South,Store C,1
2023-09-05,800.24,Home,East,Store B,1
2023-09-05,954.54,Home,West,Store B,1
2023-09-06,754.11,Grocery,North,Store C,0
2023-09-06,840.19,Grocery,South,Store C,0
2023-09-06,789.23,Grocery,East,Store B,0
2023-09-06,1048.05,Grocery,West,Store B,0
2023-09-06,961.3,Electronics,North,Store C,0
2023-09-06,1173.11,Electronics,South,Store C,0
2023-09-06,1016.48,Electronics,East,Store B,0
2023-09-06,1262.98,Electronics,West,Store B,0
2023-09-06,738.52,Fashion,North,Store C,0
2023-09-06,807.11,Fashion,South,Store C,0
2023-09-06,842.0,Fashion,East,Store B,0
2023-09-06,990.83,Fashion,West,Store B,0
2023-09-06,882.2,Home,North,Online,0
2023-09-06,969.64,Home,South,Online,0
2023-09-06,648.79,Home,East,Store C,0
2023-09-06,716.01,Home,West,Store C,0
2023-09-07,1017.34,Grocery,North,Online,0
2023-09-07,1174.28,Grocery,South,Online,0
2023-09-07,759.39,Grocery,East,Store C,0
2023-09-07,996.23,Grocery,West,Store C,0
2023-09-07,1343.41,Electronics,North,Online,0
2023-09-07,1404.34,Electronics,South,Online,0
2023-09-07,1003.82,Electronics,East,Store C,0
2023-09-07,1112.86,Electronics,West,Store C,0
2023-09-07,954.92,Fashion,North,Online,0
2023-09-07,1068.11,Fashion,South,Online,0
2023-09-07,784.71,Fashion,East,Store C,0
2023-09-07,852.33,Fashion,West,Store C,0
2023-09-07,780.06,Home,North,Store A,0
2023-09-07,811.09,Home,South,Store A,0
2023-09-07,864.75,Home,East,Online,0
2023-09-07,996.94,Home,West,Online,0
2023-09-08,903.91,Grocery,North,Store A,0
2023-09-08,1062.3,Grocery,South,Store A,0
2023-09-08,1121.32,Grocery,East,Online,0
2023-09-08,1432.62,Grocery,West,Online,0
2023-09-08,1149.63,Electronics,North,Store A,0
2023-09-08,1202.2,Electronics,South,Store A,0
2023-09-08,1313.8,Electronics,East,Online,0
2023-09-08,1601.65,Electronics,West,Online,0
2023-09-08,768.47,Fashion,North,Store A,0
2023-09-08,991.36,Fashion,South,Store A,0
2023-09-08,1032.42,Fashion,East,Online,0
2023-09-08,1212.61,Fashion,West,Online,0
2023-09-08,720.06,Home,North,Store B,0
2023-09-08,871.39,Home,South,Store B,0
2023-09-08,764.27,Home,East,Store A,0
2023-09-08,887.3,Home,West,Store A,0
2023-09-09,1055.35,Grocery,North,Store B,0
2023-09-09,1160.06,Grocery,South,Store B,0
2023-09-09,1058.16,Grocery,East,Store A,0
2023-09-09,1273.69,Grocery,West,Store A,0
2023-09-09,1180.88,Electronics,North,Store B,0
2023-09-09,1351.86,Electronics,South,Store B,0
2023-09-09,1220.01,Electronics,East,Store A,0
2023-09-09,1447.57,Electronics,West,Store A,0
2023-09-09,841.16,Fashion,North,Store B,0
2023-09-09,959.98,Fashion,South,Store B,0
2023-09-09,949.23,Fashion,East,Store A,0
2023-09-09,1200.4,Fashion,West,Store A,0
2023-09-09,733.35,Home,North,Store C,0
2023-09-09,856.15,Home,South,Store C,0
2023-09-09,757.4,Home,East,Store B,0
2023-09-09,950.83,Home,West,Store B,0
2023-09-10,944.74,Grocery,North,Store C,0
2023-09-10,1071.36,Grocery,South,Store C,0
2023-09-10,973.46,Grocery,East,Store B,0
2023-09-10,1208.32,Grocery,West,Store B,0
2023-09-10,1218.96,Electronics,North,Store C,0
2023-09-10,1248.91,Electronics,South,Store C,0
2023-09-10,1181.28,Electronics,East,Store B,0
2023-09-10,1433.82,Electronics,West,Store B,0
2023-09-10,840.19,Fashion,North,Store C,0
2023-09-10,942.3,Fashion,South,Store C,0
2023-09-10,925.71,Fashion,East,Store B,0
2023-09-10,1018.39,Fashion,West,Store B,0
2023-09-10,947.58,Home,North,Online,0
2023-09-10,1130.69,Home,South,Online,0
2023-09-10,764.83,Home,East,Store C,0
2023-09-10,884.92,Home,West,Store C,0
2023-09-11,1050.04,Grocery,North,Online,0
2023-09-11,1209.69,Grocery,South,Online,0
2023-09-11,868.66,Grocery,East,Store C,0
2023-09-11,964.85,Grocery,West,Store C,0
2023-09-11,1297.27,Electronics,North,Online,0
2023-09-11,1421.9,Electronics,South,Online,0
2023-09-11,1017.93,Electronics,East,Store C,0
2023-09-11,1188.32,Electronics,West,Store C,0
2023-09-11,1017.58,Fashion,North,Online,0
2023-09-11,1143.34,Fashion,South,Online,0
2023-09-11,782.65,Fashion,East,Store C,0
2023-09-11,882.66,Fashion,West,Store C,0
2023-09-11,736.6,Home,North,Store A,0
2023-09-11,881.62,Home,South,Store A,0
2023-09-11,863.01,Home,East,Online,0
2023-09-11,1029.41,Home,West,Online,0
2023-09-12,898.5,Grocery,North,Store A,0
2023-09-12,1034.25,Grocery,South,Store A,0
2023-09-12,1059.15,Grocery,East,Online,0
2023-09-12,1303.23,Grocery,West,Online,0
2023-09-12,1064.07,Electronics,North,Store A,0
2023-09-12,1095.28,Electronics,South,Store A,0
2023-09-12,1317.04,Electronics,East,Online,0
2023-09-12,1564.59,Electronics,West,Online,0
2023-09-12,804.41,Fashion,North,Store A,0
2023-09-12,1003.57,Fashion,South,Store A,0
2023-09-12,944.01,Fashion,East,Online,0
2023-09-12,1151.19,Fashion,West,Online,0
2023-09-12,537.49,Home,North,Store B,0
2023-09-12,748.92,Home,South,Store B,0
2023-09-12,731.87,Home,East,Store A,0
2023-09-12,864.0,Home,West,Store A,0
2023-09-13,897.92,Grocery,North,Store B,0
2023-09-13,1000.09,Grocery,South,Store B,0
2023-09-13,930.32,Grocery,East,Store A,0
2023-09-13,1075.75,Grocery,West,Store A,0
2023-09-13,1063.68,Electronics,North,Store B,0
2023-09-13,1145.45,Electronics,South,Store B,0
2023-09-13,1069.38,Electronics,East,Store A,0
2023-09-13,1224.68,Electronics,West,Store A,0
2023-09-13,741.79,Fashion,North,Store B,0
2023-09-13,913.52,Fashion,South,Store B,0
2023-09-13,972.77,Fashion,East,Store A,0
2023-09-13,1006.63,Fashion,West,Store A,0
2023-09-13,597.16,Home,North,Store C,0
2023-09-13,662.49,Home,South,Store C,0
2023-09-13,740.28,Home,East,Store B,0
2023-09-13,743.27,Home,West,Store B,0
2023-09-14,815.8,Grocery,North,Store C,0
2023-09-14,939.15,Grocery,South,Store C,0
2023-09-14,896.37,Grocery,East,Store B,0
2023-09-14,1020.52,Grocery,West,Store B,0
2023-09-14,976.38,Electronics,North,Store C,0
2023-09-14,1085.44,Electronics,South,Store C,0
2023-09-14,1007.01,Electronics,East,Store B,0
2023-09-14,1344.4,Electronics,West,Store B,0
2023-09-14,699.62,Fashion,North,Store C,0
2023-09-14,861.06,Fashion,South,Store C,0
2023-09-14,665.42,Fashion,East,Store B,0
2023-09-14,1015.3,Fashion,West,Store B,0
2023-09-14,942.15,Home,North,Online,0
2023-09-14,982.13,Home,South,Online,0
2023-09-14,697.01,Home,East,Store C,0
2023-09-14,819.37,Home,West,Store C,0
2023-09-15,1234.86,Grocery,North,Online,1
2023-09-15,1475.97,Grocery,South,Online,1
2023-09-15,938.04,Grocery,East,Store C,1
2023-09-15,1129.5,Grocery,West,Store C,1
2023-09-15,1590.54,Electronics,North,Online,1
2023-09-15,1793.56,Electronics,South,Online,1
2023-09-15,1143.5,Electronics,East,Store C,1
2023-09-15,1359.17,Electronics,West,Store C,1
2023-09-15,1127.06,Fashion,North,Online,1
2023-09-15,1363.64,Fashion,South,Online,1
2023-09-15,844.25,Fashion,East,Store C,1
2023-09-15,1084.04,Fashion,West,Store C,1
2023-09-15,907.79,Home,North,Store A,1
2023-09-15,981.73,Home,South,Store A,1
2023-09-15,1132.92,Home,East,Online,1
2023-09-15,1258.51,Home,West,Online,1
2023-09-16,1017.86,Grocery,North,Store A,0
2023-09-16,1118.26,Grocery,South,Store A,0
2023-09-16,1335.81,Grocery,East,Online,0
2023-09-16,1472.78,Grocery,West,Online,0
2023-09-16,1258.27,Electronics,North,Store A,0
2023-09-16,1406.47,Electronics,South,Store A,0
2023-09-16,1482.27,Electronics,East,Online,0
2023-09-16,1789.56,Electronics,West,Online,0
2023-09-16,1018.42,Fashion,North,Store A,0
2023-09-16,1083.78,Fashion,South,Store A,0
2023-09-16,1115.89,Fashion,East,Online,0
2023-09-16,1403.35,Fashion,West,Online,0
2023-09-16,781.29,Home,North,Store B,0
2023-09-16,1088.46,Home,South,Store B,0
2023-09-16,888.98,Home,East,Store A,0
2023-09-16,1012.77,Home,West,Store A,0
2023-09-17,1048.16,Grocery,North,Store B,0
2023-09-17,1002.96,Grocery,South,Store B,0
2023-09-17,1078.44,Grocery,East,Store A,0
2023-09-17,1380.08,Grocery,West,Store A,0
2023-09-17,1160.97,Electronics,North,Store B,0
2023-09-17,1233.47,Electronics,South,Store B,0
2023-09-17,1269.77,Electronics,East,Store A,0
2023-09-17,1608.77,Electronics,West,Store A,0
2023-09-17,908.53,Fashion,North,Store B,0
2023-09-17,964.5,Fashion,South,Store B,0
2023-09-17,944.61,Fashion,East,Store A,0
2023-09-17,1131.94,Fashion,West,Store A,0
2023-09-17,760.75,Home,North,Store C,0
2023-09-17,916.94,Home,South,Store C,0
2023-09-17,880.67,Home,East,Store B,0
2023-09-17,998.99,Home,West,Store B,0
2023-09-18,711.72,Grocery,North,Store C,0
2023-09-18,820.48,Grocery,South,Store C,0
2023-09-18,901.06,Grocery,East,Store B,0
2023-09-18,957.85,Grocery,West,Store B,0
2023-09-18,932.2,Electronics,North,Store C,0
2023-09-18,1091.98,Electronics,South,Store C,0
2023-09-18,986.47,Electronics,East,Store B,0
2023-09-18,1185.38,Electronics,West,Store B,0
2023-09-18,713.26,Fashion,North,Store C,0
2023-09-18,845.5,Fashion,South,Store C,0
2023-09-18,856.24,Fashion,East,Store B,0
2023-09-18,977.79,Fashion,West,Store B,0
2023-09-18,864.79,Home,North,Online,0
2023-09-18,938.73,Home,South,Online,0
2023-09-18,606.89,Home,East,Store C,0
2023-09-18,759.97,Home,West,Store C,0
2023-09-19,1080.44,Grocery,North,Online,0
2023-09-19,1222.71,Grocery,South,Online,0
2023-09-19,702.79,Grocery,East,Store C,0
2023-09-19,925.38,Grocery,West,Store C,0
2023-09-19,1339.31,Electronics,North,Online,0
2023-09-19,1453.48,Electronics,South,Online,0
2023-09-19,906.79,Electronics,East,Store C,0
2023-09-19,1295.16,Electronics,West,Store C,0
2023-09-19,966.65,Fashion,North,Online,0
2023-09-19,1123.29,Fashion,South,Online,0
2023-09-19,770.92,Fashion,East,Store C,0
2023-09-19,866.29,Fashion,West,Store C,0
2023-09-19,681.83,Home,North,Store A,0
2023-09-19,938.37,Home,South,Store A,0
2023-09-19,952.46,Home,East,Online,0
2023-09-19,1107.3,Home,West,Online,0
2023-09-20,918.92,Grocery,North,Store A,0
2023-09-20,954.74,Grocery,South,Store A,0
2023-09-20,1173.12,Grocery,East,Online,0
2023-09-20,1259.05,Grocery,West,Online,0
2023-09-20,1083.26,Electronics,North,Store A,0
2023-09-20,1125.17,Electronics,South,Store A,0
2023-09-20,1214.92,Electronics,East,Online,0
2023-09-20,1588.44,Electronics,West,Online,0
2023-09-20,767.54,Fashion,North,Store A,0
2023-09-20,814.93,Fashion,South,Store A,0
2023-09-20,1039.13,Fashion,East,Online,0
2023-09-20,1311.4,Fashion,West,Online,0
2023-09-20,756.59,Home,North,Store B,0
2023-09-20,760.08,Home,South,Store B,0
2023-09-20,753.01,Home,East,Store A,0
2023-09-20,939.57,Home,West,Store A,0
2023-09-21,897.75,Grocery,North,Store B,0
2023-09-21,932.76,Grocery,South,Store B,0
2023-09-21,926.85,Grocery,East,Store A,0
2023-09-21,1111.4,Grocery,West,Store A,0
2023-09-21,1036.53,Electronics,North,Store B,0
2023-09-21,1137.89,Electronics,South,Store B,0
2023-09-21,1106.5,Electronics,East,Store A,0
2023-09-21,1393.44,Electronics,West,Store A,0
2023-09-21,831.7,Fashion,North,Store B,0
2023-09-21,897.26,Fashion,South,Store B,0
2023-09-21,941.13,Fashion,East,Store A,0
2023-09-21,980.82,Fashion,West,Store A,0
2023-09-21,727.78,Home,North,Store C,0
2023-09-21,756.66,Home,South,Store C,0
2023-09-21,889.01,Home,East,Store B,0
2023-09-21,773.76,Home,West,Store B,0
2023-09-22,746.96,Grocery,North,Store C,0
2023-09-22,916.45,Grocery,South,Store C,0
2023-09-22,893.48,Grocery,East,Store B,0
2023-09-22,1138.99,Grocery,West,Store B,0
2023-09-22,907.74,Electronics,North,Store C,0
2023-09-22,1124.9,Electronics,South,Store C,0
2023-09-22,1112.85,Electronics,East,Store B,0
2023-09-22,1280.33,Electronics,West,Store B,0
2023-09-22,665.5,Fashion,North,Store C,0
2023-09-22,895.13,Fashion,South,Store C,0
2023-09-22,865.38,Fashion,East,Store B,0
2023-09-22,977.27,Fashion,West,Store B,0
2023-09-22,871.88,Home,North,Online,0
2023-09-22,992.1,Home,South,Online,0
2023-09-22,661.38,Home,East,Store C,0
2023-09-22,823.23,Home,West,Store C,0
2023-09-23,1228.93,Grocery,North,Online,0
2023-09-23,1350.26,Grocery,South,Online,0
2023-09-23,891.59,Grocery,East,Store C,0
2023-09-23,1082.25,Grocery,West,Store C,0
2023-09-23,1489.03,Electronics,North,Online,0
2023-09-23,1679.57,Electronics,South,Online,0
2023-09-23,1154.17,Electronics,East,Store C,0
2023-09-23,1379.69,Electronics,West,Store C,0
2023-09-23,1088.71,Fashion,North,Online,0
2023-09-23,1359.16,Fashion,South,Online,0
2023-09-23,854.09,Fashion,East,Store C,0
2023-09-23,1004.55,Fashion,West,Store C,0
2023-09-23,863.91,Home,North,Store A,0
2023-09-23,852.18,Home,South,Store A,0
2023-09-23,997.42,Home,East,Online,0
2023-09-23,1286.04,Home,West,Online,0
2023-09-24,933.83,Grocery,North,Store A,0
2023-09-24,1233.22,Grocery,South,Store A,0
2023-09-24,1362.69,Grocery,East,Online,0
2023-09-24,1494.28,Grocery,West,Online,0
2023-09-24,1254.81,Electronics,North,Store A,0
2023-09-24,1471.62,Electronics,South,Store A,0
2023-09-24,1514.15,Electronics,East,Online,0
2023-09-24,1870.38,Electronics,West,Online,0
2023-09-24,905.24,Fashion,North,Store A,0
2023-09-24,1046.18,Fashion,South,Store A,0
2023-09-24,1127.17,Fashion,East,Online,0
2023-09-24,1405.09,Fashion,West,Online,0
2023-09-24,852.84,Home,North,Store B,0
2023-09-24,888.17,Home,South,Store B,0
2023-09-24,803.19,Home,East,Store A,0
2023-09-24,973.92,Home,West,Store A,0
2023-09-25,1025.3,Grocery,North,Store B,1
2023-09-25,1243.82,Grocery,South,Store B,1
2023-09-25,1132.02,Grocery,East,Store A,1
2023-09-25,1293.03,Grocery,West,Store A,1
2023-09-25,1249.86,Electronics,North,Store B,1
2023-09-25,1361.57,Electronics,South,Store B,1
2023-09-25,1315.4,Electronics,East,Store A,1
2023-09-25,1528.91,Electronics,West,Store A,1
2023-09-25,996.01,Fashion,North,Store B,1
2023-09-25,905.93,Fashion,South,Store B,1
2023-09-25,1060.15,Fashion,East,Store A,1
2023-09-25,1177.42,Fashion,West,Store A,1
2023-09-25,743.93,Home,North,Store C,1
2023-09-25,965.58,Home,South,Store C,1
2023-09-25,811.95,Home,East,Store B,1
2023-09-25,970.18,Home,West,Store B,1
2023-09-26,778.11,Grocery,North,Store C,0
2023-09-26,916.64,Grocery,South,Store C,0
2023-09-26,847.79,Grocery,East,Store B,0
2023-09-26,945.7,Grocery,West,Store B,0
2023-09-26,897.38,Electronics,North,Store C,0
2023-09-26,1146.16,Electronics,South,Store C,0
2023-09-26,1053.57,Electronics,East,Store B,0
2023-09-26,1267.03,Electronics,West,Store B,0
2023-09-26,704.35,Fashion,North,Store C,0
2023-09-26,781.86,Fashion,South,Store C,0
2023-09-26,890.45,Fashion,East,Store B,0
2023-09-26,934.44,Fashion,West,Store B,0
2023-09-26,836.7,Home,North,Online,0
2023-09-26,1040.46,Home,South,Online,0
2023-09-26,626.33,Home,East,Store C,0
2023-09-26,755.68,Home,West,Store C,0
2023-09-27,1059.23,Grocery,North,Online,0
2023-09-27,1205.09,Grocery,South,Online,0
2023-09-27,833.16,Grocery,East,Store C,0
2023-09-27,1084.33,Grocery,West,Store C,0
2023-09-27,1292.48,Electronics,North,Online,0
2023-09-27,1319.38,Electronics,South,Online,0
2023-09-27,1003.38,Electronics,East,Store C,0
2023-09-27,1168.52,Electronics,West,Store C,0
2023-09-27,971.33,Fashion,North,Online,0
2023-09-27,1116.47,Fashion,South,Online,0
2023-09-27,747.91,Fashion,East,Store C,0
2023-09-27,884.25,Fashion,West,Store C,0
2023-09-27,756.08,Home,North,Store A,0
2023-09-27,792.45,Home,South,Store A,0
2023-09-27,845.81,Home,East,Online,0
2023-09-27,1229.17,Home,West,Online,0
2023-09-28,848.78,Grocery,North,Store A,0
2023-09-28,1016.49,Grocery,South,Store A,0
2023-09-28,1021.75,Grocery,East,Online,0
2023-09-28,1313.19,Grocery,West,Online,0
2023-09-28,1017.46,Electronics,North,Store A,0
2023-09-28,1192.27,Electronics,South,Store A,0
2023-09-28,1386.03,Electronics,East,Online,0
2023-09-28,1598.53,Electronics,West,Online,0
2023-09-28,844.15,Fashion,North,Store A,0
2023-09-28,827.89,Fashion,South,Store A,0
2023-09-28,1111.48,Fashion,East,Online,0
2023-09-28,1130.49,Fashion,West,Online,0
2023-09-28,764.95,Home,North,Store B,0
2023-09-28,831.22,Home,South,Store B,0
2023-09-28,785.06,Home,East,Store A,0
2023-09-28,844.65,Home,West,Store A,0
2023-09-29,845.51,Grocery,North,Store B,0
2023-09-29,927.05,Grocery,South,Store B,0
2023-09-29,927.83,Grocery,East,Store A,0
2023-09-29,1082.61,Grocery,West,Store A,0
2023-09-29,895.32,Electronics,North,Store B,0
2023-09-29,1208.47,Electronics,South,Store B,0
2023-09-29,1110.16,Electronics,East,Store A,0
2023-09-29,1292.68,Electronics,West,Store A,0
2023-09-29,735.41,Fashion,North,Store B,0
2023-09-29,891.91,Fashion,South,Store B,0
2023-09-29,798.58,Fashion,East,Store A,0
2023-09-29,879.41,Fashion,West,Store A,0
2023-09-29,661.78,Home,North,Store C,0
2023-09-29,756.36,Home,South,Store C,0
2023-09-29,699.09,Home,East,Store B,0
2023-09-29,777.36,Home,West,Store B,0
2023-09-30,916.87,Grocery,North,Store C,0
2023-09-30,957.56,Grocery,South,Store C,0
2023-09-30,956.3,Grocery,East,Store B,0
2023-09-30,1157.53,Grocery,West,Store B,0
2023-09-30,1143.88,Electronics,North,Store C,0
2023-09-30,1229.3,Electronics,South,Store C,0
2023-09-30,1194.16,Electronics,East,Store B,0
2023-09-30,1550.16,Electronics,West,Store B,0
2023-09-30,854.08,Fashion,North,Store C,0
2023-09-30,968.78,Fashion,South,Store C,0
2023-09-30,906.63,Fashion,East,Store B,0
2023-09-30,1064.42,Fashion,West,Store B,0
2023-09-30,879.77,Home,North,Online,0
2023-09-30,1191.6,Home,South,Online,0
2023-09-30,798.18,Home,East,Store C,0
2023-09-30,905.74,Home,West,Store C,0
2023-10-01,964.29,Grocery,North,Store B,0
2023-10-01,1146.73,Grocery,South,Store B,0
2023-10-01,989.72,Grocery,East,Store A,0
2023-10-01,1240.27,Grocery,West,Store A,0
2023-10-01,1107.0,Electronics,North,Store B,0
2023-10-01,1428.67,Electronics,South,Store B,0
2023-10-01,1342.07,Electronics,East,Store A,0
2023-10-01,1410.42,Electronics,West,Store A,0
2023-10-01,806.22,Fashion,North,Store B,0
2023-10-01,1005.21,Fashion,South,Store B,0
2023-10-01,958.12,Fashion,East,Store A,0
2023-10-01,1092.02,Fashion,West,Store A,0
2023-10-01,849.2,Home,North,Store C,0
2023-10-01,862.08,Home,South,Store C,0
2023-10-01,850.41,Home,East,Store B,0
2023-10-01,937.63,Home,West,Store B,0
2023-10-02,826.56,Grocery,North,Store C,0
2023-10-02,874.73,Grocery,South,Store C,0
2023-10-02,858.23,Grocery,East,Store B,0
2023-10-02,1067.92,Grocery,West,Store B,0
2023-10-02,857.28,Electronics,North,Store C,0
2023-10-02,1165.66,Electronics,South,Store C,0
2023-10-02,1061.57,Electronics,East,Store B,0
2023-10-02,1315.14,Electronics,West,Store B,0
2023-10-02,661.01,Fashion,North,Store C,0
2023-10-02,768.98,Fashion,South,Store C,0
2023-10-02,735.86,Fashion,East,Store B,0
2023-10-02,960.43,Fashion,West,Store B,0
2023-10-02,866.42,Home,North,Online,0
2023-10-02,956.57,Home,South,Online,0
2023-10-02,611.6,Home,East,Store C,0
2023-10-02,720.29,Home,West,Store C,0
2023-10-03,1058.35,Grocery,North,Online,0
2023-10-03,1182.15,Grocery,South,Online,0
2023-10-03,783.0,Grocery,East,Store C,0
2023-10-03,1056.54,Grocery,West,Store C,0
2023-10-03,1272.29,Electronics,North,Online,0
2023-10-03,1523.25,Electronics,South,Online,0
2023-10-03,958.3,Electronics,East,Store C,0
2023-10-03,1182.49,Electronics,West,Store C,0
2023-10-03,968.05,Fashion,North,Online,0
2023-10-03,1012.03,Fashion,South,Online,0
2023-10-03,829.71,Fashion,East,Store C,0
2023-10-03,881.69,Fashion,West,Store C,0
2023-10-03,765.03,Home,North,Store A,0
2023-10-03,782.74,Home,South,Store A,0
2023-10-03,890.87,Home,East,Online,0
2023-10-03,1017.55,Home,West,Online,0
2023-10-04,958.32,Grocery,North,Store A,0
2023-10-04,1030.6,Grocery,South,Store A,0
2023-10-04,1126.92,Grocery,East,Online,0
2023-10-04,1384.71,Grocery,West,Online,0
2023-10-04,1135.03,Electronics,North,Store A,0
2023-10-04,1261.7,Electronics,South,Store A,0
2023-10-04,1253.64,Electronics,East,Online,0
2023-10-04,1538.19,Electronics,West,Online,0
2023-10-04,759.68,Fashion,North,Store A,0
2023-10-04,967.6,Fashion,South,Store A,0
2023-10-04,1022.33,Fashion,East,Online,0
2023-10-04,1122.52,Fashion,West,Online,0
2023-10-04,672.18,Home,North,Store B,0
2023-10-04,694.78,Home,South,Store B,0
2023-10-04,752.25,Home,East,Store A,0
2023-10-04,802.83,Home,West,Store A,0
2023-10-05,1036.41,Grocery,North,Store B,1
2023-10-05,1167.43,Grocery,South,Store B,1
2023-10-05,1219.43,Grocery,East,Store A,1
2023-10-05,1365.82,Grocery,West,Store A,1
2023-10-05,1188.95,Electronics,North,Store B,1
2023-10-05,1424.85,Electronics,South,Store B,1
2023-10-05,1264.29,Electronics,East,Store A,1
2023-10-05,1534.56,Electronics,West,Store A,1
2023-10-05,940.28,Fashion,North,Store B,1
2023-10-05,930.76,Fashion,South,Store B,1
2023-10-05,1018.0,Fashion,East,Store A,1
2023-10-05,1151.28,Fashion,West,Store A,1
2023-10-05,774.92,Home,North,Store C,1
2023-10-05,816.47,Home,South,Store C,1
2023-10-05,877.73,Home,East,Store B,1
2023-10-05,1012.39,Home,West,Store B,1
2023-10-06,865.53,Grocery,North,Store C,0
2023-10-06,897.93,Grocery,South,Store C,0
2023-10-06,833.4,Grocery,East,Store B,0
2023-10-06,1022.94,Grocery,West,Store B,0
2023-10-06,874.95,Electronics,North,Store C,0
2023-10-06,1102.45,Electronics,South,Store C,0
2023-10-06,1086.22,Electronics,East,Store B,0
2023-10-06,1383.14,Electronics,West,Store B,0
2023-10-06,687.49,Fashion,North,Store C,0
2023-10-06,806.77,Fashion,South,Store C,0
2023-10-06,769.8,Fashion,East,Store B,0
2023-10-06,960.34,Fashion,West,Store B,0
2023-10-06,885.62,Home,North,Online,0
2023-10-06,981.27,Home,South,Online,0
2023-10-06,728.55,Home,East,Store C,0
2023-10-06,757.7,Home,West,Store C,0
2023-10-07,1287.84,Grocery,North,Online,0
2023-10-07,1433.82,Grocery,South,Online,0
2023-10-07,953.54,Grocery,East,Store C,0
2023-10-07,1112.14,Grocery,West,Store C,0
2023-10-07,1617.97,Electronics,North,Online,0
2023-10-07,1644.87,Electronics,South,Online,0
2023-10-07,1164.66,Electronics,East,Store C,0
2023-10-07,1317.92,Electronics,West,Store C,0
2023-10-07,1227.27,Fashion,North,Online,0
2023-10-07,1333.98,Fashion,South,Online,0
2023-10-07,836.02,Fashion,East,Store C,0
2023-10-07,1061.93,Fashion,West,Store C,0
2023-10-07,855.91,Home,North,Store A,0
2023-10-07,929.73,Home,South,Store A,0
2023-10-07,1088.01,Home,East,Online,0
2023-10-07,1259.9,Home,West,Online,0
2023-10-08,1047.19,Grocery,North,Store A,0
2023-10-08,1176.2,Grocery,South,Store A,0
2023-10-08,1310.66,Grocery,East,Online,0
2023-10-08,1535.95,Grocery,West,Online,0
2023-10-08,1249.15,Electronics,North,Store A,0
2023-10-08,1382.95,Electronics,South,Store A,0
2023-10-08,1641.87,Electronics,East,Online,0
2023-10-08,1775.39,Electronics,West,Online,0
2023-10-08,971.11,Fashion,North,Store A,0
2023-10-08,1061.02,Fashion,South,Store A,0
2023-10-08,1274.67,Fashion,East,Online,0
2023-10-08,1344.55,Fashion,West,Online,0
2023-10-08,753.27,Home,North,Store B,0
2023-10-08,850.13,Home,South,Store B,0
2023-10-08,895.93,Home,East,Store A,0
2023-10-08,963.92,Home,West,Store A,0
2023-10-09,815.31,Grocery,North,Store B,0
2023-10-09,839.64,Grocery,South,Store B,0
2023-10-09,944.39,Grocery,East,Store A,0
2023-10-09,1074.68,Grocery,West,Store A,0
2023-10-09,930.97,Electronics,North,Store B,0
2023-10-09,1212.59,Electronics,South,Store B,0
2023-10-09,1048.63,Electronics,East,Store A,0
2023-10-09,1370.2,Electronics,West,Store A,0
2023-10-09,731.75,Fashion,North,Store B,0
2023-10-09,964.92,Fashion,South,Store B,0
2023-10-09,893.48,Fashion,East,Store A,0
2023-10-09,953.35,Fashion,West,Store A,0
2023-10-09,592.35,Home,North,Store C,0
2023-10-09,765.0,Home,South,Store C,0
2023-10-09,699.42,Home,East,Store B,0
2023-10-09,835.65,Home,West,Store B,0
2023-10-10,860.67,Grocery,North,Store C,0
2023-10-10,858.87,Grocery,South,Store C,0
2023-10-10,883.12,Grocery,East,Store B,0
2023-10-10,1091.89,Grocery,West,Store B,0
2023-10-10,996.02,Electronics,North,Store C,0
2023-10-10,1074.33,Electronics,South,Store C,0
2023-10-10,1040.81,Electronics,East,Store B,0
2023-10-10,1155.15,Electronics,West,Store B,0
2023-10-10,665.59,Fashion,North,Store C,0
2023-10-10,841.28,Fashion,South,Store C,0
2023-10-10,796.1,Fashion,East,Store B,0
2023-10-10,955.42,Fashion,West,Store B,0
2023-10-10,924.18,Home,North,Online,0
2023-10-10,921.63,Home,South,Online,0
2023-10-10,657.66,Home,East,Store C,0
2023-10-10,804.21,Home,West,Store C,0
2023-10-11,1027.83,Grocery,North,Online,0
2023-10-11,1292.8,Grocery,South,Online,0
2023-10-11,874.97,Grocery,East,Store C,0
2023-10-11,992.48,Grocery,West,Store C,0
2023-10-11,1382.17,Electronics,North,Online,0
2023-10-11,1378.55,Electronics,South,Online,0
2023-10-11,992.36,Electronics,East,Store C,0
2023-10-11,1195.29,Electronics,West,Store C,0
2023-10-11,925.87,Fashion,North,Online,0
2023-10-11,1127.72,Fashion,South,Online,0
2023-10-11,694.22,Fashion,East,Store C,0
2023-10-11,931.75,Fashion,West,Store C,0
2023-10-11,785.94,Home,North,Store A,0
2023-10-11,843.38,Home,South,Store A,0
2023-10-11,802.73,Home,East,Online,0
2023-10-11,1017.62,Home,West,Online,0
2023-10-12,926.34,Grocery,North,Store A,0
2023-10-12,1020.26,Grocery,South,Store A,0
2023-10-12,964.7,Grocery,East,Online,0
2023-10-12,1385.63,Grocery,West,Online,0
2023-10-12,1084.89,Electronics,North,Store A,0
2023-10-12,1181.32,Electronics,South,Store A,0
2023-10-12,1393.94,Electronics,East,Online,0
2023-10-12,1547.93,Electronics,West,Online,0
2023-10-12,781.54,Fashion,North,Store A,0
2023-10-12,952.44,Fashion,South,Store A,0
2023-10-12,1116.52,Fashion,East,Online,0
2023-10-12,1294.94,Fashion,West,Online,0
2023-10-12,706.13,Home,North,Store B,0
2023-10-12,806.69,Home,South,Store B,0
2023-10-12,802.89,Home,East,Store A,0
2023-10-12,829.7,Home,West,Store A,0
2023-10-13,879.79,Grocery,North,Store B,0
2023-10-13,920.76,Grocery,South,Store B,0
2023-10-13,951.7,Grocery,East,Store A,0
2023-10-13,1093.26,Grocery,West,Store A,0
2023-10-13,1043.66,Electronics,North,Store B,0
2023-10-13,1163.12,Electronics,South,Store B,0
2023-10-13,955.17,Electronics,East,Store A,0
2023-10-13,1340.51,Electronics,West,Store A,0
2023-10-13,808.12,Fashion,North,Store B,0
2023-10-13,904.21,Fashion,South,Store B,0
2023-10-13,849.38,Fashion,East,Store A,0
2023-10-13,1102.38,Fashion,West,Store A,0
2023-10-13,662.01,Home,North,Store C,0
2023-10-13,758.14,Home,South,Store C,0
2023-10-13,773.62,Home,East,Store B,0
2023-10-13,867.65,Home,West,Store B,0
2023-10-14,870.94,Grocery,North,Store C,0
2023-10-14,913.5,Grocery,South,Store C,0
2023-10-14,995.82,Grocery,East,Store B,0
2023-10-14,1251.64,Grocery,West,Store B,0
2023-10-14,1088.09,Electronics,North,Store C,0
2023-10-14,1304.74,Electronics,South,Store C,0
2023-10-14,1238.12,Electronics,East,Store B,0
2023-10-14,1526.7,Electronics,West,Store B,0
2023-10-14,826.1,Fashion,North,Store C,0
2023-10-14,984.55,Fashion,South,Store C,0
2023-10-14,963.27,Fashion,East,Store B,0
2023-10-14,1189.86,Fashion,West,Store B,0
2023-10-14,915.31,Home,North,Online,0
2023-10-14,1123.53,Home,South,Online,0
2023-10-14,827.27,Home,East,Store C,0
2023-10-14,1009.0,Home,West,Store C,0
2023-10-15,1503.14,Grocery,North,Online,1
2023-10-15,1679.9,Grocery,South,Online,1
2023-10-15,1194.12,Grocery,East,Store C,1
2023-10-15,1411.94,Grocery,West,Store C,1
2023-10-15,1773.2,Electronics,North,Online,1
2023-10-15,2059.11,Electronics,South,Online,1
2023-10-15,1451.81,Electronics,East,Store C,1
2023-10-15,1745.59,Electronics,West,Store C,1
2023-10-15,1404.52,Fashion,North,Online,1
2023-10-15,1554.7,Fashion,South,Online,1
2023-10-15,1051.84,Fashion,East,Store C,1
2023-10-15,1279.21,Fashion,West,Store C,1
2023-10-15,1010.28,Home,North,Store A,1
2023-10-15,1167.68,Home,South,Store A,1
2023-10-15,1205.55,Home,East,Online,1
2023-10-15,1567.19,Home,West,Online,1
2023-10-16,835.9,Grocery,North,Store A,0
2023-10-16,999.12,Grocery,South,Store A,0
2023-10-16,1122.37,Grocery,East,Online,0
2023-10-16,1431.68,Grocery,West,Online,0
2023-10-16,1058.13,Electronics,North,Store A,0
2023-10-16,1194.29,Electronics,South,Store A,0
2023-10-16,1313.9,Electronics,East,Online,0
2023-10-16,1682.33,Electronics,West,Online,0
2023-10-16,667.77,Fashion,North,Store A,0
2023-10-16,881.05,Fashion,South,Store A,0
2023-10-16,1172.57,Fashion,East,Online,0
2023-10-16,1242.62,Fashion,West,Online,0
2023-10-16,628.06,Home,North,Store B,0
2023-10-16,781.86,Home,South,Store B,0
2023-10-16,765.89,Home,East,Store A,0
2023-10-16,948.71,Home,West,Store A,0
2023-10-17,948.8,Grocery,North,Store B,0
2023-10-17,986.23,Grocery,South,Store B,0
2023-10-17,908.12,Grocery,East,Store A,0
2023-10-17,1153.34,Grocery,West,Store A,0
2023-10-17,981.63,Electronics,North,Store B,0
2023-10-17,1104.26,Electronics,South,Store B,0
2023-10-17,1031.75,Electronics,East,Store A,0
2023-10-17,1249.75,Electronics,West,Store A,0
2023-10-17,726.49,Fashion,North,Store B,0
2023-10-17,818.31,Fashion,South,Store B,0
2023-10-17,875.56,Fashion,East,Store A,0
2023-10-17,950.01,Fashion,West,Store A,0
2023-10-17,474.48,Home,North,Store C,0
2023-10-17,679.49,Home,South,Store C,0
2023-10-17,692.99,Home,East,Store B,0
2023-10-17,817.69,Home,West,Store B,0
2023-10-18,880.15,Grocery,North,Store C,0
2023-10-18,873.0,Grocery,South,Store C,0
2023-10-18,933.09,Grocery,East,Store B,0
2023-10-18,1046.08,Grocery,West,Store B,0
2023-10-18,956.27,Electronics,North,Store C,0
2023-10-18,1045.22,Electronics,South,Store C,0
2023-10-18,1061.33,Electronics,East,Store B,0
2023-10-18,1218.02,Electronics,West,Store B,0
2023-10-18,738.43,Fashion,North,Store C,0
2023-10-18,816.91,Fashion,South,Store C,0
2023-10-18,757.72,Fashion,East,Store B,0
2023-10-18,1012.94,Fashion,West,Store B,0
2023-10-18,896.96,Home,North,Online,0
2023-10-18,969.64,Home,South,Online,0
2023-10-18,683.64,Home,East,Store C,0
2023-10-18,795.13,Home,West,Store C,0
2023-10-19,1027.12,Grocery,North,Online,0
2023-10-19,1227.36,Grocery,South,Online,0
2023-10-19,797.24,Grocery,East,Store C,0
2023-10-19,932.12,Grocery,West,Store C,0
2023-10-19,1204.19,Electronics,North,Online,0
2023-10-19,1452.6,Electronics,South,Online,0
2023-10-19,1031.67,Electronics,East,Store C,0
2023-10-19,1146.04,Electronics,West,Store C,0
2023-10-19,1122.38,Fashion,North,Online,0
2023-10-19,1168.51,Fashion,South,Online,0
2023-10-19,832.67,Fashion,East,Store C,0
2023-10-19,944.44,Fashion,West,Store C,0
2023-10-19,835.31,Home,North,Store A,0
2023-10-19,791.54,Home,South,Store A,0
2023-10-19,770.81,Home,East,Online,0
2023-10-19,1054.56,Home,West,Online,0
2023-10-20,933.2,Grocery,North,Store A,0
2023-10-20,1035.65,Grocery,South,Store A,0
2023-10-20,1137.0,Grocery,East,Online,0
2023-10-20,1400.55,Grocery,West,Online,0
2023-10-20,1107.07,Electronics,North,Store A,0
2023-10-20,1280.2,Electronics,South,Store A,0
2023-10-20,1298.34,Electronics,East,Online,0
2023-10-20,1537.73,Electronics,West,Online,0
2023-10-20,914.79,Fashion,North,Store A,0
2023-10-20,945.8,Fashion,South,Store A,0
2023-10-20,992.5,Fashion,East,Online,0
2023-10-20,1181.19,Fashion,West,Online,0
2023-10-20,656.17,Home,North,Store B,0
2023-10-20,748.57,Home,South,Store B,0
2023-10-20,694.91,Home,East,Store A,0
2023-10-20,823.56,Home,West,Store A,0
2023-10-21,976.93,Grocery,North,Store B,0
2023-10-21,1091.64,Grocery,South,Store B,0
2023-10-21,1153.62,Grocery,East,Store A,0
2023-10-21,1309.55,Grocery,West,Store A,0
2023-10-21,1203.13,Electronics,North,Store B,0
2023-10-21,1312.04,Electronics,South,Store B,0
2023-10-21,1308.32,Electronics,East,Store A,0
2023-10-21,1576.36,Electronics,West,Store A,0
2023-10-21,943.35,Fashion,North,Store B,0
2023-10-21,1023.81,Fashion,South,Store B,0
2023-10-21,1059.48,Fashion,East,Store A,0
2023-10-21,1184.26,Fashion,West,Store A,0
2023-10-21,797.93,Home,North,Store C,0
2023-10-21,831.7,Home,South,Store C,0
2023-10-21,738.02,Home,East,Store B,0
2023-10-21,1006.34,Home,West,Store B,0
2023-10-22,968.21,Grocery,North,Store C,0
2023-10-22,1088.34,Grocery,South,Store C,0
2023-10-22,1054.16,Grocery,East,Store B,0
2023-10-22,1201.12,Grocery,West,Store B,0
2023-10-22,1072.75,Electronics,North,Store C,0
2023-10-22,1301.97,Electronics,South,Store C,0
2023-10-22,1264.07,Electronics,East,Store B,0
2023-10-22,1437.64,Electronics,West,Store B,0
2023-10-22,910.66,Fashion,North,Store C,0
2023-10-22,918.59,Fashion,South,Store C,0
2023-10-22,911.47,Fashion,East,Store B,0
2023-10-22,1206.88,Fashion,West,Store B,0
2023-10-22,1065.7,Home,North,Online,0
2023-10-22,1139.02,Home,South,Online,0
2023-10-22,803.18,Home,East,Store C,0
2023-10-22,940.51,Home,West,Store C,0
2023-10-23,928.96,Grocery,North,Online,0
2023-10-23,1179.48,Grocery,South,Online,0
2023-10-23,832.57,Grocery,East,Store C,0
2023-10-23,969.19,Grocery,West,Store C,0
2023-10-23,1313.22,Electronics,North,Online,0
2023-10-23,1541.49,Electronics,South,Online,0
2023-10-23,987.59,Electronics,East,Store C,0
2023-10-23,1131.74,Electronics,West,Store C,0
2023-10-23,1006.32,Fashion,North,Online,0
2023-10-23,1107.19,Fashion,South,Online,0
2023-10-23,755.99,Fashion,East,Store C,0
2023-10-23,888.96,Fashion,West,Store C,0
2023-10-23,860.21,Home,North,Store A,0
2023-10-23,715.58,Home,South,Store A,0
2023-10-23,894.65,Home,East,Online,0
2023-10-23,1084.05,Home,West,Online,0
2023-10-24,863.98,Grocery,North,Store A,0
2023-10-24,1081.87,Grocery,South,Store A,0
2023-10-24,1172.11,Grocery,East,Online,0
2023-10-24,1331.82,Grocery,West,Online,0
2023-10-24,1076.52,Electronics,North,Store A,0
2023-10-24,1236.19,Electronics,South,Store A,0
2023-10-24,1350.91,Electronics,East,Online,0
2023-10-24,1601.55,Electronics,West,Online,0
2023-10-24,819.75,Fashion,North,Store A,0
2023-10-24,958.77,Fashion,South,Store A,0
2023-10-24,1073.26,Fashion,East,Online,0
2023-10-24,1153.69,Fashion,West,Online,0
2023-10-24,637.5,Home,North,Store B,0
2023-10-24,695.28,Home,South,Store B,0
2023-10-24,816.91,Home,East,Store A,0
2023-10-24,924.31,Home,West,Store A,0
2023-10-25,1054.69,Grocery,North,Store B,1
2023-10-25,1090.3,Grocery,South,Store B,1
2023-10-25,1234.32,Grocery,East,Store A,1
2023-10-25,1311.34,Grocery,West,Store A,1
2023-10-25,1245.02,Electronics,North,Store B,1
2023-10-25,1453.66,Electronics,South,Store B,1
2023-10-25,1312.95,Electronics,East,Store A,1
2023-10-25,1588.3,Electronics,West,Store A,1
2023-10-25,949.73,Fashion,North,Store B,1
2023-10-25,1227.02,Fashion,South,Store B,1
2023-10-25,1056.43,Fashion,East,Store A,1
2023-10-25,1319.21,Fashion,West,Store A,1
2023-10-25,850.61,Home,North,Store C,1
2023-10-25,913.0,Home,South,Store C,1
2023-10-25,816.59,Home,East,Store B,1
2023-10-25,1089.26,Home,West,Store B,1
2023-10-26,722.05,Grocery,North,Store C,0
2023-10-26,1003.75,Grocery,South,Store C,0
2023-10-26,904.38,Grocery,East,Store B,0
2023-10-26,911.7,Grocery,West,Store B,0
2023-10-26,949.34,Electronics,North,Store C,0
2023-10-26,1137.91,Electronics,South,Store C,0
2023-10-26,1062.05,Electronics,East,Store B,0
2023-10-26,1311.87,Electronics,West,Store B,0
2023-10-26,689.52,Fashion,North,Store C,0
2023-10-26,766.27,Fashion,South,Store C,0
2023-10-26,813.74,Fashion,East,Store B,0
2023-10-26,969.59,Fashion,West,Store B,0
2023-10-26,862.95,Home,North,Online,0
2023-10-26,1071.6,Home,South,Online,0
2023-10-26,635.56,Home,East,Store C,0
2023-10-26,824.86,Home,West,Store C,0
2023-10-27,1089.5,Grocery,North,Online,0
2023-10-27,1150.31,Grocery,South,Online,0
2023-10-27,767.3,Grocery,East,Store C,0
2023-10-27,994.76,Grocery,West,Store C,0
2023-10-27,1415.57,Electronics,North,Online,0
2023-10-27,1519.16,Electronics,South,Online,0
2023-10-27,915.75,Electronics,East,Store C,0
2023-10-27,1025.22,Electronics,West,Store C,0
2023-10-27,1034.07,Fashion,North,Online,0
2023-10-27,1125.89,Fashion,South,Online,0
2023-10-27,831.44,Fashion,East,Store C,0
2023-10-27,861.42,Fashion,West,Store C,0
2023-10-27,760.12,Home,North,Store A,0
2023-10-27,889.86,Home,South,Store A,0
2023-10-27,896.31,Home,East,Online,0
2023-10-27,1066.64,Home,West,Online,0
2023-10-28,1059.24,Grocery,North,Store A,0
2023-10-28,1234.0,Grocery,South,Store A,0
2023-10-28,1314.17,Grocery,East,Online,0
2023-10-28,1610.05,Grocery,West,Online,0
2023-10-28,1247.6,Electronics,North,Store A,0
2023-10-28,1376.0,Electronics,South,Store A,0
2023-10-28,1691.14,Electronics,East,Online,0
2023-10-28,1839.8,Electronics,West,Online,0
2023-10-28,936.94,Fashion,North,Store A,0
2023-10-28,1098.48,Fashion,South,Store A,0
2023-10-28,1207.21,Fashion,East,Online,0
2023-10-28,1403.31,Fashion,West,Online,0
2023-10-28,810.01,Home,North,Store B,0
2023-10-28,920.94,Home,South,Store B,0
2023-10-28,906.86,Home,East,Store A,0
2023-10-28,932.39,Home,West,Store A,0
2023-10-29,1101.73,Grocery,North,Store B,0
2023-10-29,1128.24,Grocery,South,Store B,0
2023-10-29,1136.41,Grocery,East,Store A,0
2023-10-29,1231.54,Grocery,West,Store A,0
2023-10-29,1175.41,Electronics,North,Store B,0
2023-10-29,1330.48,Electronics,South,Store B,0
2023-10-29,1409.95,Electronics,East,Store A,0
2023-10-29,1541.02,Electronics,West,Store A,0
2023-10-29,955.37,Fashion,North,Store B,0
2023-10-29,1004.26,Fashion,South,Store B,0
2023-10-29,985.98,Fashion,East,Store A,0
2023-10-29,1183.04,Fashion,West,Store A,0
2023-10-29,833.05,Home,North,Store C,0
2023-10-29,763.94,Home,South,Store C,0
2023-10-29,774.36,Home,East,Store B,0
2023-10-29,895.14,Home,West,Store B,0
2023-10-30,749.29,Grocery,North,Store C,0
2023-10-30,876.36,Grocery,South,Store C,0
2023-10-30,809.75,Grocery,East,Store B,0
2023-10-30,1023.21,Grocery,West,Store B,0
2023-10-30,862.86,Electronics,North,Store C,0
2023-10-30,1052.33,Electronics,South,Store C,0
2023-10-30,1147.32,Electronics,East,Store B,0
2023-10-30,1302.1,Electronics,West,Store B,0
2023-10-30,750.85,Fashion,North,Store C,0
2023-10-30,787.8,Fashion,South,Store C,0
2023-10-30,737.91,Fashion,East,Store B,0
2023-10-30,910.8,Fashion,West,Store B,0
2023-10-30,884.83,Home,North,Online,0
2023-10-30,1057.66,Home,South,Online,0
2023-10-30,735.89,Home,East,Store C,0
2023-10-30,847.0,Home,West,Store C,0
2023-10-31,1051.63,Grocery,North,Online,0
2023-10-31,1244.59,Grocery,South,Online,0
2023-10-31,827.15,Grocery,East,Store C,0
2023-10-31,988.93,Grocery,West,Store C,0
2023-10-31,1426.38,Electronics,North,Online,0
2023-10-31,1399.2,Electronics,South,Online,0
2023-10-31,1003.74,Electronics,East,Store C,0
2023-10-31,1270.03,Electronics,West,Store C,0
2023-10-31,919.01,Fashion,North,Online,0
2023-10-31,1102.48,Fashion,South,Online,0
2023-10-31,744.13,Fashion,East,Store C,0
2023-10-31,902.97,Fashion,West,Store C,0
2023-10-31,657.47,Home,North,Store A,0
2023-10-31,881.06,Home,South,Store A,0
2023-10-31,963.02,Home,East,Online,0
2023-10-31,1124.49,Home,West,Online,0
2023-11-01,816.66,Grocery,North,Store B,0
2023-11-01,988.86,Grocery,South,Store B,0
2023-11-01,907.04,Grocery,East,Store A,0
2023-11-01,1113.9,Grocery,West,Store A,0
2023-11-01,1158.81,Electronics,North,Store B,0
2023-11-01,1189.52,Electronics,South,Store B,0
2023-11-01,1085.74,Electronics,East,Store A,0
2023-11-01,1372.38,Electronics,West,Store A,0
2023-11-01,716.92,Fashion,North,Store B,0
2023-11-01,834.75,Fashion,South,Store B,0
2023-11-01,818.18,Fashion,East,Store A,0
2023-11-01,1011.8,Fashion,West,Store A,0
2023-11-01,711.82,Home,North,Store C,0
2023-11-01,783.42,Home,South,Store C,0
2023-11-01,762.04,Home,East,Store B,0
2023-11-01,807.52,Home,West,Store B,0
2023-11-02,783.12,Grocery,North,Store C,0
2023-11-02,940.28,Grocery,South,Store C,0
2023-11-02,868.2,Grocery,East,Store B,0
2023-11-02,1053.26,Grocery,West,Store B,0
2023-11-02,1002.51,Electronics,North,Store C,0
2023-11-02,1094.34,Electronics,South,Store C,0
2023-11-02,1098.8,Electronics,East,Store B,0
2023-11-02,1373.51,Electronics,West,Store B,0
2023-11-02,734.55,Fashion,North,Store C,0
2023-11-02,911.76,Fashion,South,Store C,0
2023-11-02,857.02,Fashion,East,Store B,0
2023-11-02,897.32,Fashion,West,Store B,0
2023-11-02,830.75,Home,North,Online,0
2023-11-02,968.8,Home,South,Online,0
2023-11-02,642.47,Home,East,Store C,0
2023-11-02,811.16,Home,West,Store C,0
2023-11-03,1131.23,Grocery,North,Online,0
2023-11-03,1318.23,Grocery,South,Online,0
2023-11-03,865.81,Grocery,East,Store C,0
2023-11-03,980.27,Grocery,West,Store C,0
2023-11-03,1206.11,Electronics,North,Online,0
2023-11-03,1507.15,Electronics,South,Online,0
2023-11-03,1022.93,Electronics,East,Store C,0
2023-11-03,1219.2,Electronics,West,Store C,0
2023-11-03,1120.26,Fashion,North,Online,0
2023-11-03,1211.56,Fashion,South,Online,0
2023-11-03,820.11,Fashion,East,Store C,0
2023-11-03,866.71,Fashion,West,Store C,0
2023-11-03,720.6,Home,North,Store A,0
2023-11-03,847.16,Home,South,Store A,0
2023-11-03,888.16,Home,East,Online,0
2023-11-03,1129.3,Home,West,Online,0
2023-11-04,1089.09,Grocery,North,Store A,0
2023-11-04,1157.5,Grocery,South,Store A,0
2023-11-04,1395.21,Grocery,East,Online,0
2023-11-04,1579.18,Grocery,West,Online,0
2023-11-04,1191.87,Electronics,North,Store A,0
2023-11-04,1462.13,Electronics,South,Store A,0
2023-11-04,1615.23,Electronics,East,Online,0
2023-11-04,1947.1,Electronics,West,Online,0
2023-11-04,960.26,Fashion,North,Store A,0
2023-11-04,1159.73,Fashion,South,Store A,0
2023-11-04,1227.01,Fashion,East,Online,0
2023-11-04,1367.87,Fashion,West,Online,0
2023-11-04,742.04,Home,North,Store B,0
2023-11-04,995.0,Home,South,Store B,0
2023-11-04,972.87,Home,East,Store A,0
2023-11-04,1091.46,Home,West,Store A,0
2023-11-05,1293.61,Grocery,North,Store B,1
2023-11-05,1436.99,Grocery,South,Store B,1
2023-11-05,1377.82,Grocery,East,Store A,1
2023-11-05,1536.26,Grocery,West,Store A,1
2023-11-05,1552.95,Electronics,North,Store B,1
2023-11-05,1688.82,Electronics,South,Store B,1
2023-11-05,1591.58,Electronics,East,Store A,1
2023-11-05,1872.28,Electronics,West,Store A,1
2023-11-05,1122.82,Fashion,North,Store B,1
2023-11-05,1170.11,Fashion,South,Store B,1
2023-11-05,1265.12,Fashion,East,Store A,1
2023-11-05,1399.49,Fashion,West,Store A,1
2023-11-05,945.55,Home,North,Store C,1
2023-11-05,1024.43,Home,South,Store C,1
2023-11-05,1012.9,Home,East,Store B,1
2023-11-05,1174.52,Home,West,Store B,1
2023-11-06,809.48,Grocery,North,Store C,0
2023-11-06,1035.44,Grocery,South,Store C,0
2023-11-06,984.99,Grocery,East,Store B,0
2023-11-06,1095.23,Grocery,West,Store B,0
2023-11-06,983.4,Electronics,North,Store C,0
2023-11-06,1167.42,Electronics,South,Store C,0
2023-11-06,1155.8,Electronics,East,Store B,0
2023-11-06,1248.89,Electronics,West,Store B,0
2023-11-06,744.74,Fashion,North,Store C,0
2023-11-06,752.37,Fashion,South,Store C,0
2023-11-06,893.57,Fashion,East,Store B,0
2023-11-06,1098.15,Fashion,West,Store B,0
2023-11-06,901.75,Home,North,Online,0
2023-11-06,904.57,Home,South,Online,0
2023-11-06,727.59,Home,East,Store C,0
2023-11-06,771.87,Home,West,Store C,0
2023-11-07,1068.43,Grocery,North,Online,0
2023-11-07,1292.19,Grocery,South,Online,0
2023-11-07,868.66,Grocery,East,Store C,0
2023-11-07,984.8,Grocery,West,Store C,0
2023-11-07,1293.92,Electronics,North,Online,0
2023-11-07,1520.46,Electronics,South,Online,0
2023-11-07,1005.97,Electronics,East,Store C,0
2023-11-07,1156.39,Electronics,West,Store C,0
2023-11-07,992.99,Fashion,North,Online,0
2023-11-07,1169.82,Fashion,South,Online,0
2023-11-07,772.44,Fashion,East,Store C,0
2023-11-07,848.17,Fashion,West,Store C,0
2023-11-07,808.33,Home,North,Store A,0
2023-11-07,707.56,Home,South,Store A,0
2023-11-07,912.62,Home,East,Online,0
2023-11-07,1075.19,Home,West,Online,0
2023-11-08,936.5,Grocery,North,Store A,0
2023-11-08,1087.64,Grocery,South,Store A,0
2023-11-08,1215.96,Grocery,East,Online,0
2023-11-08,1326.76,Grocery,West,Online,0
2023-11-08,1149.43,Electronics,North,Store A,0
2023-11-08,1282.44,Electronics,South,Store A,0
2023-11-08,1294.56,Electronics,East,Online,0
2023-11-08,1748.29,Electronics,West,Online,0
2023-11-08,770.55,Fashion,North,Store A,0
2023-11-08,990.26,Fashion,South,Store A,0
2023-11-08,1077.64,Fashion,East,Online,0
2023-11-08,1265.34,Fashion,West,Online,0
2023-11-08,684.5,Home,North,Store B,0
2023-11-08,855.62,Home,South,Store B,0
2023-11-08,701.59,Home,East,Store A,0
2023-11-08,928.42,Home,West,Store A,0
2023-11-09,845.36,Grocery,North,Store B,0
2023-11-09,960.33,Grocery,South,Store B,0
2023-11-09,993.19,Grocery,East,Store A,0
2023-11-09,1206.96,Grocery,West,Store A,0
2023-11-09,1035.74,Electronics,North,Store B,0
2023-11-09,1243.41,Electronics,South,Store B,0
2023-11-09,1169.55,Electronics,East,Store A,0
2023-11-09,1332.03,Electronics,West,Store A,0
2023-11-09,787.92,Fashion,North,Store B,0
2023-11-09,896.57,Fashion,South,Store B,0
2023-11-09,849.12,Fashion,East,Store A,0
2023-11-09,1074.0,Fashion,West,Store A,0
2023-11-09,682.24,Home,North,Store C,0
2023-11-09,674.41,Home,South,Store C,0
2023-11-09,652.49,Home,East,Store B,0
2023-11-09,903.21,Home,West,Store B,0
2023-11-10,779.39,Grocery,North,Store C,0
2023-11-10,954.83,Grocery,South,Store C,0
2023-11-10,958.3,Grocery,East,Store B,0
2023-11-10,1013.57,Grocery,West,Store B,0
2023-11-10,914.24,Electronics,North,Store C,0
2023-11-10,1221.14,Electronics,South,Store C,0
2023-11-10,1120.85,Electronics,East,Store B,0
2023-11-10,1280.78,Electronics,West,Store B,0
2023-11-10,703.01,Fashion,North,Store C,0
2023-11-10,830.64,Fashion,South,Store C,0
2023-11-10,772.29,Fashion,East,Store B,0
2023-11-10,1040.24,Fashion,West,Store B,0
2023-11-10,861.08,Home,North,Online,0
2023-11-10,1088.94,Home,South,Online,0
2023-11-10,677.06,Home,East,Store C,0
2023-11-10,770.12,Home,West,Store C,0
2023-11-11,1267.62,Grocery,North,Online,0
2023-11-11,1325.29,Grocery,South,Online,0
2023-11-11,992.01,Grocery,East,Store C,0
2023-11-11,1172.72,Grocery,West,Store C,0
2023-11-11,1599.02,Electronics,North,Online,0
2023-11-11,1664.78,Electronics,South,Online,0
2023-11-11,1265.67,Electronics,East,Store C,0
2023-11-11,1467.63,Electronics,West,Store C,0
2023-11-11,1250.52,Fashion,North,Online,0
2023-11-11,1342.18,Fashion,South,Online,0
2023-11-11,969.78,Fashion,East,Store C,0
2023-11-11,1000.98,Fashion,West,Store C,0
2023-11-11,920.17,Home,North,Store A,0
2023-11-11,960.37,Home,South,Store A,0
2023-11-11,1004.23,Home,East,Online,0
2023-11-11,1234.36,Home,West,Online,0
2023-11-12,1085.18,Grocery,North,Store A,0
2023-11-12,1189.58,Grocery,South,Store A,0
2023-11-12,1369.24,Grocery,East,Online,0
2023-11-12,1496.79,Grocery,West,Online,0
2023-11-12,1188.54,Electronics,North,Store A,0
2023-11-12,1561.57,Electronics,South,Store A,0
2023-11-12,1672.54,Electronics,East,Online,0
2023-11-12,1863.2,Electronics,West,Online,0
2023-11-12,992.78,Fashion,North,Store A,0
2023-11-12,1186.34,Fashion,South,Store A,0
2023-11-12,1257.33,Fashion,East,Online,0
2023-11-12,1469.12,Fashion,West,Online,0
2023-11-12,891.93,Home,North,Store B,0
2023-11-12,906.53,Home,South,Store B,0
2023-11-12,921.89,Home,East,Store A,0
2023-11-12,1088.2,Home,West,Store A,0
2023-11-13,867.97,Grocery,North,Store B,0
2023-11-13,983.65,Grocery,South,Store B,0
2023-11-13,980.92,Grocery,East,Store A,0
2023-11-13,1158.23,Grocery,West,Store A,0
2023-11-13,1004.9,Electronics,North,Store B,0
2023-11-13,1253.61,Electronics,South,Store B,0
2023-11-13,1121.9,Electronics,East,Store A,0
2023-11-13,1379.53,Electronics,West,Store A,0
2023-11-13,791.91,Fashion,North,Store B,0
2023-11-13,939.61,Fashion,South,Store B,0
2023-11-13,777.57,Fashion,East,Store A,0
2023-11-13,1107.35,Fashion,West,Store A,0
2023-11-13,637.14,Home,North,Store C,0
2023-11-13,834.73,Home,South,Store C,0
2023-11-13,722.62,Home,East,Store B,0
2023-11-13,883.79,Home,West,Store B,0
2023-11-14,935.79,Grocery,North,Store C,0
2023-11-14,930.13,Grocery,South,Store C,0
2023-11-14,990.47,Grocery,East,Store B,0
2023-11-14,1093.89,Grocery,West,Store B,0
2023-11-14,1022.3,Electronics,North,Store C,0
2023-11-14,1141.52,Electronics,South,Store C,0
2023-11-14,1156.56,Electronics,East,Store B,0
2023-11-14,1276.09,Electronics,West,Store B,0
2023-11-14,706.02,Fashion,North,Store C,0
2023-11-14,830.15,Fashion,South,Store C,0
2023-11-14,849.66,Fashion,East,Store B,0
2023-11-14,987.08,Fashion,West,Store B,0
2023-11-14,949.77,Home,North,Online,0
2023-11-14,1108.41,Home,South,Online,0
2023-11-14,650.76,Home,East,Store C,0
2023-11-14,793.45,Home,West,Store C,0
2023-11-15,1266.94,Grocery,North,Online,1
2023-11-15,1643.74,Grocery,South,Online,1
2023-11-15,1057.85,Grocery,East,Store C,1
2023-11-15,1258.7,Grocery,West,Store C,1
2023-11-15,1545.97,Electronics,North,Online,1
2023-11-15,1843.62,Electronics,South,Online,1
2023-11-15,1280.84,Electronics,East,Store C,1
2023-11-15,1469.05,Electronics,West,Store C,1
2023-11-15,1291.03,Fashion,North,Online,1
2023-11-15,1529.39,Fashion,South,Online,1
2023-11-15,900.77,Fashion,East,Store C,1
2023-11-15,1071.66,Fashion,West,Store C,1
2023-11-15,870.11,Home,North,Store A,1
2023-11-15,1133.74,Home,South,Store A,1
2023-11-15,1198.92,Home,East,Online,1
2023-11-15,1343.82,Home,West,Online,1
2023-11-16,944.59,Grocery,North,Store A,0
2023-11-16,1028.03,Grocery,South,Store A,0
2023-11-16,1220.62,Grocery,East,Online,0
2023-11-16,1365.98,Grocery,West,Online,0
2023-11-16,1119.99,Electronics,North,Store A,0
2023-11-16,1324.65,Electronics,South,Store A,0
2023-11-16,1399.64,Electronics,East,Online,0
2023-11-16,1656.03,Electronics,West,Online,0
2023-11-16,863.28,Fashion,North,Store A,0
2023-11-16,1025.76,Fashion,South,Store A,0
2023-11-16,1162.93,Fashion,East,Online,0
2023-11-16,1301.55,Fashion,West,Online,0
2023-11-16,766.79,Home,North,Store B,0
2023-11-16,811.55,Home,South,Store B,0
2023-11-16,760.55,Home,East,Store A,0
2023-11-16,982.29,Home,West,Store A,0
2023-11-17,899.41,Grocery,North,Store B,0
2023-11-17,934.84,Grocery,South,Store B,0
2023-11-17,966.63,Grocery,East,Store A,0
2023-11-17,1160.98,Grocery,West,Store A,0
2023-11-17,1042.94,Electronics,North,Store B,0
2023-11-17,1300.63,Electronics,South,Store B,0
2023-11-17,1211.34,Electronics,East,Store A,0
2023-11-17,1478.12,Electronics,West,Store A,0
2023-11-17,829.06,Fashion,North,Store B,0
2023-11-17,931.7,Fashion,South,Store B,0
2023-11-17,849.72,Fashion,East,Store A,0
2023-11-17,1067.42,Fashion,West,Store A,0
2023-11-17,680.45,Home,North,Store C,0
2023-11-17,698.55,Home,South,Store C,0
2023-11-17,725.2,Home,East,Store B,0
2023-11-17,875.75,Home,West,Store B,0
2023-11-18,993.91,Grocery,North,Store C,0
2023-11-18,1130.85,Grocery,South,Store C,0
2023-11-18,1046.55,Grocery,East,Store B,0
2023-11-18,1302.41,Grocery,West,Store B,0
2023-11-18,1158.68,Electronics,North,Store C,0
2023-11-18,1172.49,Electronics,South,Store C,0
2023-11-18,1271.23,Electronics,East,Store B,0
2023-11-18,1595.62,Electronics,West,Store B,0
2023-11-18,796.37,Fashion,North,Store C,0
2023-11-18,1017.99,Fashion,South,Store C,0
2023-11-18,1074.31,Fashion,East,Store B,0
2023-11-18,1126.6,Fashion,West,Store B,0
2023-11-18,1065.04,Home,North,Online,0
2023-11-18,1140.48,Home,South,Online,0
2023-11-18,913.22,Home,East,Store C,0
2023-11-18,970.44,Home,West,Store C,0
2023-11-19,1314.23,Grocery,North,Online,0
2023-11-19,1567.56,Grocery,South,Online,0
2023-11-19,1050.97,Grocery,East,Store C,0
2023-11-19,1152.78,Grocery,West,Store C,0
2023-11-19,1542.85,Electronics,North,Online,0
2023-11-19,1823.97,Electronics,South,Online,0
2023-11-19,1186.62,Electronics,East,Store C,0
2023-11-19,1328.75,Electronics,West,Store C,0
2023-11-19,1197.58,Fashion,North,Online,0
2023-11-19,1285.13,Fashion,South,Online,0
2023-11-19,1017.5,Fashion,East,Store C,0
2023-11-19,1108.89,Fashion,West,Store C,0
2023-11-19,845.22,Home,North,Store A,0
2023-11-19,980.36,Home,South,Store A,0
2023-11-19,1008.61,Home,East,Online,0
2023-11-19,1256.4,Home,West,Online,0
2023-11-20,1006.25,Grocery,North,Store A,0
2023-11-20,1204.53,Grocery,South,Store A,0
2023-11-20,1221.28,Grocery,East,Online,0
2023-11-20,1393.25,Grocery,West,Online,0
2023-11-20,1119.89,Electronics,North,Store A,0
2023-11-20,1249.2,Electronics,South,Store A,0
2023-11-20,1534.89,Electronics,East,Online,0
2023-11-20,1672.33,Electronics,West,Online,0
2023-11-20,986.17,Fashion,North,Store A,0
2023-11-20,1066.75,Fashion,South,Store A,0
2023-11-20,985.47,Fashion,East,Online,0
2023-11-20,1243.18,Fashion,West,Online,0
2023-11-20,691.76,Home,North,Store B,0
2023-11-20,824.93,Home,South,Store B,0
2023-11-20,802.75,Home,East,Store A,0
2023-11-20,1118.91,Home,West,Store A,0
2023-11-21,838.17,Grocery,North,Store B,0
2023-11-21,1034.12,Grocery,South,Store B,0
2023-11-21,1026.79,Grocery,East,Store A,0
2023-11-21,1175.16,Grocery,West,Store A,0
2023-11-21,1086.0,Electronics,North,Store B,0
2023-11-21,1171.83,Electronics,South,Store B,0
2023-11-21,1200.68,Electronics,East,Store A,0
2023-11-21,1442.41,Electronics,West,Store A,0
2023-11-21,839.38,Fashion,North,Store B,0
2023-11-21,966.32,Fashion,South,Store B,0
2023-11-21,986.43,Fashion,East,Store A,0
2023-11-21,1127.19,Fashion,West,Store A,0
2023-11-21,689.32,Home,North,Store C,0
2023-11-21,715.74,Home,South,Store C,0
2023-11-21,728.17,Home,East,Store B,0
2023-11-21,888.89,Home,West,Store B,0
2023-11-22,858.15,Grocery,North,Store C,0
2023-11-22,934.72,Grocery,South,Store C,0
2023-11-22,886.13,Grocery,East,Store B,0
2023-11-22,1044.46,Grocery,West,Store B,0
2023-11-22,925.17,Electronics,North,Store C,0
2023-11-22,1143.57,Electronics,South,Store C,0
2023-11-22,1047.46,Electronics,East,Store B,0
2023-11-22,1280.5,Electronics,West,Store B,0
2023-11-22,751.05,Fashion,North,Store C,0
2023-11-22,806.11,Fashion,South,Store C,0
2023-11-22,879.03,Fashion,East,Store B,0
2023-11-22,1056.47,Fashion,West,Store B,0
2023-11-22,895.55,Home,North,Online,0
2023-11-22,1029.76,Home,South,Online,0
2023-11-22,745.65,Home,East,Store C,0
2023-11-22,808.35,Home,West,Store C,0
2023-11-23,1097.32,Grocery,North,Online,0
2023-11-23,1363.89,Grocery,South,Online,0
2023-11-23,930.72,Grocery,East,Store C,0
2023-11-23,1077.19,Grocery,West,Store C,0
2023-11-23,1423.23,Electronics,North,Online,0
2023-11-23,1453.35,Electronics,South,Online,0
2023-11-23,1135.96,Electronics,East,Store C,0
2023-11-23,1278.03,Electronics,West,Store C,0
2023-11-23,1099.33,Fashion,North,Online,0
2023-11-23,1209.37,Fashion,South,Online,0
2023-11-23,810.03,Fashion,East,Store C,0
2023-11-23,940.48,Fashion,West,Store C,0
2023-11-23,798.32,Home,North,Store A,0
2023-11-23,868.59,Home,South,Store A,0
2023-11-23,1014.98,Home,East,Online,0
2023-11-23,1057.64,Home,West,Online,0
2023-11-24,928.74,Grocery,North,Store A,0
2023-11-24,1203.55,Grocery,South,Store A,0
2023-11-24,1157.05,Grocery,East,Online,0
2023-11-24,1397.2,Grocery,West,Online,0
2023-11-24,1104.93,Electronics,North,Store A,0
2023-11-24,1331.47,Electronics,South,Store A,0
2023-11-24,1393.33,Electronics,East,Online,0
2023-11-24,1686.97,Electronics,West,Online,0
2023-11-24,923.98,Fashion,North,Store A,0
2023-11-24,960.19,Fashion,South,Store A,0
2023-11-24,1133.89,Fashion,East,Online,0
2023-11-24,1336.03,Fashion,West,Online,0
2023-11-24,792.85,Home,North,Store B,0
2023-11-24,844.18,Home,South,Store B,0
2023-11-24,991.27,Home,East,Store A,0
2023-11-24,1020.32,Home,West,Store A,0
2023-11-25,1277.91,Grocery,North,Store B,1
2023-11-25,1386.13,Grocery,South,Store B,1
2023-11-25,1388.75,Grocery,East,Store A,1
2023-11-25,1728.59,Grocery,West,Store A,1
2023-11-25,1610.35,Electronics,North,Store B,1
2023-11-25,1807.33,Electronics,South,Store B,1
2023-11-25,1720.82,Electronics,East,Store A,1
2023-11-25,1916.71,Electronics,West,Store A,1
2023-11-25,1180.05,Fashion,North,Store B,1
2023-11-25,1244.48,Fashion,South,Store B,1
2023-11-25,1194.14,Fashion,East,Store A,1
2023-11-25,1523.46,Fashion,West,Store A,1
2023-11-25,991.13,Home,North,Store C,1
2023-11-25,1145.13,Home,South,Store C,1
2023-11-25,1096.08,Home,East,Store B,1
2023-11-25,1294.28,Home,West,Store B,1
2023-11-26,933.77,Grocery,North,Store C,0
2023-11-26,1118.78,Grocery,South,Store C,0
2023-11-26,1014.25,Grocery,East,Store B,0
2023-11-26,1188.47,Grocery,West,Store B,0
2023-11-26,1229.6,Electronics,North,Store C,0
2023-11-26,1311.86,Electronics,South,Store C,0
2023-11-26,1368.27,Electronics,East,Store B,0
2023-11-26,1623.75,Electronics,West,Store B,0
2023-11-26,870.14,Fashion,North,Store C,0
2023-11-26,1061.72,Fashion,South,Store C,0
2023-11-26,967.8,Fashion,East,Store B,0
2023-11-26,1087.08,Fashion,West,Store B,0
2023-11-26,1090.08,Home,North,Online,0
2023-11-26,1207.22,Home,South,Online,0
2023-11-26,813.73,Home,East,Store C,0
2023-11-26,1100.49,Home,West,Store C,0
2023-11-27,1066.53,Grocery,North,Online,0
2023-11-27,1330.61,Grocery,South,Online,0
2023-11-27,835.17,Grocery,East,Store C,0
2023-11-27,1103.28,Grocery,West,Store C,0
2023-11-27,1400.85,Electronics,North,Online,0
2023-11-27,1596.77,Electronics,South,Online,0
2023-11-27,1018.91,Electronics,East,Store C,0
2023-11-27,1225.46,Electronics,West,Store C,0
2023-11-27,1103.95,Fashion,North,Online,0
2023-11-27,1295.97,Fashion,South,Online,0
2023-11-27,840.89,Fashion,East,Store C,0
2023-11-27,914.71,Fashion,West,Store C,0
2023-11-27,803.64,Home,North,Store A,0
2023-11-27,1027.07,Home,South,Store A,0
2023-11-27,981.42,Home,East,Online,0
2023-11-27,1235.42,Home,West,Online,0
2023-11-28,926.34,Grocery,North,Store A,0
2023-11-28,1098.49,Grocery,South,Store A,0
2023-11-28,1236.18,Grocery,East,Online,0
2023-11-28,1444.75,Grocery,West,Online,0
2023-11-28,1121.6,Electronics,North,Store A,0
2023-11-28,1280.17,Electronics,South,Store A,0
2023-11-28,1500.95,Electronics,East,Online,0
2023-11-28,1777.83,Electronics,West,Online,0
2023-11-28,968.28,Fashion,North,Store A,0
2023-11-28,1106.73,Fashion,South,Store A,0
2023-11-28,1107.63,Fashion,East,Online,0
2023-11-28,1285.2,Fashion,West,Online,0
2023-11-28,815.68,Home,North,Store B,0
2023-11-28,883.12,Home,South,Store B,0
2023-11-28,766.21,Home,East,Store A,0
2023-11-28,914.05,Home,West,Store A,0
2023-11-29,940.39,Grocery,North,Store B,0
2023-11-29,1029.9,Grocery,South,Store B,0
2023-11-29,1009.04,Grocery,East,Store A,0
2023-11-29,1255.09,Grocery,West,Store A,0
2023-11-29,1140.84,Electronics,North,Store B,0
2023-11-29,1324.24,Electronics,South,Store B,0
2023-11-29,1109.79,Electronics,East,Store A,0
2023-11-29,1453.31,Electronics,West,Store A,0
2023-11-29,874.14,Fashion,North,Store B,0
2023-11-29,867.58,Fashion,South,Store B,0
2023-11-29,888.84,Fashion,East,Store A,0
2023-11-29,1048.51,Fashion,West,Store A,0
2023-11-29,698.75,Home,North,Store C,0
2023-11-29,883.56,Home,South,Store C,0
2023-11-29,885.91,Home,East,Store B,0
2023-11-29,872.17,Home,West,Store B,0
2023-11-30,888.33,Grocery,North,Store C,0
2023-11-30,1008.95,Grocery,South,Store C,0
2023-11-30,975.69,Grocery,East,Store B,0
2023-11-30,1151.61,Grocery,West,Store B,0
2023-11-30,1050.86,Electronics,North,Store C,0
2023-11-30,1270.0,Electronics,South,Store C,0
2023-11-30,1209.11,Electronics,East,Store B,0
2023-11-30,1301.12,Electronics,West,Store B,0
2023-11-30,830.31,Fashion,North,Store C,0
2023-11-30,944.4,Fashion,South,Store C,0
2023-11-30,890.81,Fashion,East,Store B,0
2023-11-30,1096.16,Fashion,West,Store B,0
2023-11-30,952.67,Home,North,Online,0
2023-11-30,1083.68,Home,South,Online,0
2023-11-30,735.57,Home,East,Store C,0
2023-11-30,751.78,Home,West,Store C,0
2023-12-01,913.1,Grocery,North,Store B,0
2023-12-01,1007.65,Grocery,South,Store B,0
2023-12-01,949.87,Grocery,East,Store A,0
2023-12-01,1280.45,Grocery,West,Store A,0
2023-12-01,1131.86,Electronics,North,Store B,0
2023-12-01,1255.19,Electronics,South,Store B,0
2023-12-01,1190.53,Electronics,East,Store A,0
2023-12-01,1462.26,Electronics,West,Store A,0
2023-12-01,1062.24,Fashion,North,Store B,1
2023-12-01,1101.6,Fashion,South,Store B,1
2023-12-01,1114.65,Fashion,East,Store A,1
2023-12-01,1367.44,Fashion,West,Store A,1
2023-12-01,594.27,Home,North,Store C,0
2023-12-01,794.5,Home,South,Store C,0
2023-12-01,754.61,Home,East,Store B,0
2023-12-01,913.8,Home,West,Store B,0
2023-12-02,973.88,Grocery,North,Store C,0
2023-12-02,1147.54,Grocery,South,Store C,0
2023-12-02,1217.97,Grocery,East,Store B,0
2023-12-02,1298.64,Grocery,West,Store B,0
2023-12-02,1221.2,Electronics,North,Store C,0
2023-12-02,1481.54,Electronics,South,Store C,0
2023-12-02,1308.13,Electronics,East,Store B,0
2023-12-02,1684.01,Electronics,West,Store B,0
2023-12-02,1100.21,Fashion,North,Store C,1
2023-12-02,1350.04,Fashion,South,Store C,1
2023-12-02,1262.77,Fashion,East,Store B,1
2023-12-02,1462.76,Fashion,West,Store B,1
2023-12-02,1094.54,Home,North,Online,0
2023-12-02,1215.69,Home,South,Online,0
2023-12-02,853.59,Home,East,Store C,0
2023-12-02,1054.79,Home,West,Store C,0
2023-12-03,1352.22,Grocery,North,Online,0
2023-12-03,1522.64,Grocery,South,Online,0
2023-12-03,1032.72,Grocery,East,Store C,0
2023-12-03,1293.31,Grocery,West,Store C,0
2023-12-03,1695.5,Electronics,North,Online,0
2023-12-03,1816.59,Electronics,South,Online,0
2023-12-03,1222.59,Electronics,East,Store C,0
2023-12-03,1511.53,Electronics,West,Store C,0
2023-12-03,1569.96,Fashion,North,Online,1
2023-12-03,1754.47,Fashion,South,Online,1
2023-12-03,1080.54,Fashion,East,Store C,1
2023-12-03,1345.97,Fashion,West,Store C,1
2023-12-03,871.98,Home,North,Store A,0
2023-12-03,1036.12,Home,South,Store A,0
2023-12-03,1235.78,Home,East,Online,0
2023-12-03,1280.07,Home,West,Online,0
2023-12-04,891.46,Grocery,North,Store A,0
2023-12-04,1070.53,Grocery,South,Store A,0
2023-12-04,1234.61,Grocery,East,Online,0
2023-12-04,1476.81,Grocery,West,Online,0
2023-12-04,1203.98,Electronics,North,Store A,0
2023-12-04,1407.77,Electronics,South,Store A,0
2023-12-04,1369.73,Electronics,East,Online,0
2023-12-04,1801.45,Electronics,West,Online,0
2023-12-04,1059.72,Fashion,North,Store A,1
2023-12-04,1266.05,Fashion,South,Store A,1
2023-12-04,1265.83,Fashion,East,Online,1
2023-12-04,1584.76,Fashion,West,Online,1
2023-12-04,764.67,Home,North,Store B,0
2023-12-04,919.19,Home,South,Store B,0
2023-12-04,744.45,Home,East,Store A,0
2023-12-04,986.08,Home,West,Store A,0
2023-12-05,1051.64,Grocery,North,Store B,1
2023-12-05,1292.82,Grocery,South,Store B,1
2023-12-05,1272.3,Grocery,East,Store A,1
2023-12-05,1526.18,Grocery,West,Store A,1
2023-12-05,1307.93,Electronics,North,Store B,1
2023-12-05,1573.31,Electronics,South,Store B,1
2023-12-05,1554.48,Electronics,East,Store A,1
2023-12-05,1661.02,Electronics,West,Store A,1
2023-12-05,1050.82,Fashion,North,Store B,1
2023-12-05,1210.53,Fashion,South,Store B,1
2023-12-05,1111.12,Fashion,East,Store A,1
2023-12-05,1265.46,Fashion,West,Store A,1
2023-12-05,900.64,Home,North,Store C,1
2023-12-05,900.18,Home,South,Store C,1
2023-12-05,932.79,Home,East,Store B,1
2023-12-05,1113.53,Home,West,Store B,1
2023-12-06,910.81,Grocery,North,Store C,0
2023-12-06,957.51,Grocery,South,Store C,0
2023-12-06,930.14,Grocery,East,Store B,0
2023-12-06,1150.99,Grocery,West,Store B,0
2023-12-06,1104.06,Electronics,North,Store C,0
2023-12-06,1319.55,Electronics,South,Store C,0
2023-12-06,1081.72,Electronics,East,Store B,0
2023-12-06,1395.89,Electronics,West,Store B,0
2023-12-06,897.37,Fashion,North,Store C,1
2023-12-06,1145.53,Fashion,South,Store C,1
2023-12-06,1011.31,Fashion,East,Store B,1
2023-12-06,1221.06,Fashion,West,Store B,1
2023-12-06,923.18,Home,North,Online,0
2023-12-06,1083.55,Home,South,Online,0
2023-12-06,756.93,Home,East,Store C,0
2023-12-06,901.52,Home,West,Store C,0
2023-12-07,1177.05,Grocery,North,Online,0
2023-12-07,1267.05,Grocery,South,Online,0
2023-12-07,950.73,Grocery,East,Store C,0
2023-12-07,1075.06,Grocery,West,Store C,0
2023-12-07,1480.72,Electronics,North,Online,0
2023-12-07,1573.85,Electronics,South,Online,0
2023-12-07,1007.8,Electronics,East,Store C,0
2023-12-07,1295.35,Electronics,West,Store C,0
2023-12-07,1364.38,Fashion,North,Online,1
2023-12-07,1480.79,Fashion,South,Online,1
2023-12-07,989.24,Fashion,East,Store C,1
2023-12-07,1136.07,Fashion,West,Store C,1
2023-12-07,900.04,Home,North,Store A,0
2023-12-07,857.84,Home,South,Store A,0
2023-12-07,958.72,Home,East,Online,0
2023-12-07,1213.39,Home,West,Online,0
2023-12-08,887.74,Grocery,North,Store A,0
2023-12-08,1196.82,Grocery,South,Store A,0
2023-12-08,1264.72,Grocery,East,Online,0
2023-12-08,1505.84,Grocery,West,Online,0
2023-12-08,1221.84,Electronics,North,Store A,0
2023-12-08,1347.01,Electronics,South,Store A,0
2023-12-08,1422.17,Electronics,East,Online,0
2023-12-08,1744.89,Electronics,West,Online,0
2023-12-08,1033.49,Fashion,North,Store A,1
2023-12-08,1264.21,Fashion,South,Store A,1
2023-12-08,1395.72,Fashion,East,Online,1
2023-12-08,1680.78,Fashion,West,Online,1
2023-12-08,779.27,Home,North,Store B,0
2023-12-08,914.62,Home,South,Store B,0
2023-12-08,823.2,Home,East,Store A,0
2023-12-08,967.44,Home,West,Store A,0
2023-12-09,1110.6,Grocery,North,Store B,0
2023-12-09,1213.28,Grocery,South,Store B,0
2023-12-09,1214.73,Grocery,East,Store A,0
2023-12-09,1361.95,Grocery,West,Store A,0
2023-12-09,1256.64,Electronics,North,Store B,0
2023-12-09,1520.58,Electronics,South,Store B,0
2023-12-09,1492.74,Electronics,East,Store A,0
2023-12-09,1654.98,Electronics,West,Store A,0
2023-12-09,1228.05,Fashion,North,Store B,1
2023-12-09,1326.6,Fashion,South,Store B,1
2023-12-09,1318.79,Fashion,East,Store A,1
2023-12-09,1637.87,Fashion,West,Store A,1
2023-12-09,872.73,Home,North,Store C,0
2023-12-09,986.65,Home,South,Store C,0
2023-12-09,1024.87,Home,East,Store B,0
2023-12-09,1050.13,Home,West,Store B,0
2023-12-10,966.37,Grocery,North,Store C,0
2023-12-10,1122.02,Grocery,South,Store C,0
2023-12-10,1119.42,Grocery,East,Store B,0
2023-12-10,1212.1,Grocery,West,Store B,0
2023-12-10,1216.76,Electronics,North,Store C,0
2023-12-10,1368.08,Electronics,South,Store C,0
2023-12-10,1407.05,Electronics,East,Store B,0
2023-12-10,1633.85,Electronics,West,Store B,0
2023-12-10,1087.89,Fashion,North,Store C,1
2023-12-10,1308.39,Fashion,South,Store C,1
2023-12-10,1284.62,Fashion,East,Store B,1
2023-12-10,1431.21,Fashion,West,Store B,1
2023-12-10,1092.0,Home,North,Online,0
2023-12-10,1151.5,Home,South,Online,0
2023-12-10,805.66,Home,East,Store C,0
2023-12-10,983.81,Home,West,Store C,0
2023-12-11,1192.79,Grocery,North,Online,0
2023-12-11,1301.11,Grocery,South,Online,0
2023-12-11,891.24,Grocery,East,Store C,0
2023-12-11,1020.97,Grocery,West,Store C,0
2023-12-11,1439.9,Electronics,North,Online,0
2023-12-11,1651.73,Electronics,South,Online,0
2023-12-11,1128.62,Electronics,East,Store C,0
2023-12-11,1310.4,Electronics,West,Store C,0
2023-12-11,1220.81,Fashion,North,Online,1
2023-12-11,1452.03,Fashion,South,Online,1
2023-12-11,987.46,Fashion,East,Store C,1
2023-12-11,1173.17,Fashion,West,Store C,1
2023-12-11,815.23,Home,North,Store A,0
2023-12-11,1001.68,Home,South,Store A,0
2023-12-11,1052.91,Home,East,Online,0
2023-12-11,1139.11,Home,West,Online,0
2023-12-12,1036.71,Grocery,North,Store A,0
2023-12-12,1172.83,Grocery,South,Store A,0
2023-12-12,1197.96,Grocery,East,Online,0
2023-12-12,1517.16,Grocery,West,Online,0
2023-12-12,1193.85,Electronics,North,Store A,0
2023-12-12,1291.45,Electronics,South,Store A,0
2023-12-12,1520.01,Electronics,East,Online,0
2023-12-12,1781.49,Electronics,West,Online,0
2023-12-12,1085.12,Fashion,North,Store A,1
2023-12-12,1247.39,Fashion,South,Store A,1
2023-12-12,1324.87,Fashion,East,Online,1
2023-12-12,1648.59,Fashion,West,Online,1
2023-12-12,763.77,Home,North,Store B,0
2023-12-12,881.28,Home,South,Store B,0
2023-12-12,867.31,Home,East,Store A,0
2023-12-12,939.86,Home,West,Store A,0
2023-12-13,894.85,Grocery,North,Store B,0
2023-12-13,953.04,Grocery,South,Store B,0
2023-12-13,1075.52,Grocery,East,Store A,0
2023-12-13,1169.63,Grocery,West,Store A,0
2023-12-13,1143.33,Electronics,North,Store B,0
2023-12-13,1313.55,Electronics,South,Store B,0
2023-12-13,1290.02,Electronics,East,Store A,0
2023-12-13,1421.53,Electronics,West,Store A,0
2023-12-13,1033.25,Fashion,North,Store B,1
2023-12-13,1272.09,Fashion,South,Store B,1
2023-12-13,1241.42,Fashion,East,Store A,1
2023-12-13,1412.14,Fashion,West,Store A,1
2023-12-13,739.57,Home,North,Store C,0
2023-12-13,765.44,Home,South,Store C,0
2023-12-13,840.23,Home,East,Store B,0
2023-12-13,939.09,Home,West,Store B,0
2023-12-14,919.22,Grocery,North,Store C,0
2023-12-14,976.45,Grocery,South,Store C,0
2023-12-14,977.09,Grocery,East,Store B,0
2023-12-14,1176.84,Grocery,West,Store B,0
2023-12-14,1082.63,Electronics,North,Store C,0
2023-12-14,1244.09,Electronics,South,Store C,0
2023-12-14,1155.41,Electronics,East,Store B,0
2023-12-14,1331.46,Electronics,West,Store B,0
2023-12-14,1065.09,Fashion,North,Store C,1
2023-12-14,1247.58,Fashion,South,Store C,1
2023-12-14,1108.2,Fashion,East,Store B,1
2023-12-14,1209.8,Fashion,West,Store B,1
2023-12-14,931.63,Home,North,Online,0
2023-12-14,1136.88,Home,South,Online,0
2023-12-14,827.28,Home,East,Store C,0
2023-12-14,825.21,Home,West,Store C,0
2023-12-15,1433.55,Grocery,North,Online,1
2023-12-15,1650.37,Grocery,South,Online,1
2023-12-15,1161.71,Grocery,East,Store C,1
2023-12-15,1299.9,Grocery,West,Store C,1
2023-12-15,1647.34,Electronics,North,Online,1
2023-12-15,2007.24,Electronics,South,Online,1
2023-12-15,1402.63,Electronics,East,Store C,1
2023-12-15,1582.48,Electronics,West,Store C,1
2023-12-15,1340.61,Fashion,North,Online,1
2023-12-15,1474.55,Fashion,South,Online,1
2023-12-15,973.22,Fashion,East,Store C,1
2023-12-15,1263.49,Fashion,West,Store C,1
2023-12-15,1004.15,Home,North,Store A,1
2023-12-15,1145.73,Home,South,Store A,1
2023-12-15,1304.33,Home,East,Online,1
2023-12-15,1388.09,Home,West,Online,1
2023-12-16,1140.3,Grocery,North,Store A,0
2023-12-16,1341.25,Grocery,South,Store A,0
2023-12-16,1424.15,Grocery,East,Online,0
2023-12-16,1765.54,Grocery,West,Online,0
2023-12-16,1398.46,Electronics,North,Store A,0
2023-12-16,1549.0,Electronics,South,Store A,0
2023-12-16,1754.77,Electronics,East,Online,0
2023-12-16,2082.17,Electronics,West,Online,0
2023-12-16,1337.15,Fashion,North,Store A,1
2023-12-16,1485.18,Fashion,South,Store A,1
2023-12-16,1623.6,Fashion,East,Online,1
2023-12-16,1909.41,Fashion,West,Online,1
2023-12-16,887.11,Home,North,Store B,0
2023-12-16,982.18,Home,South,Store B,0
2023-12-16,1008.82,Home,East,Store A,0
2023-12-16,1156.99,Home,West,Store A,0
2023-12-17,1198.77,Grocery,North,Store B,0
2023-12-17,1332.59,Grocery,South,Store B,0
2023-12-17,1258.28,Grocery,East,Store A,0
2023-12-17,1469.01,Grocery,West,Store A,0
2023-12-17,1325.91,Electronics,North,Store B,0
2023-12-17,1445.43,Electronics,South,Store B,0
2023-12-17,1460.43,Electronics,East,Store A,0
2023-12-17,1748.32,Electronics,West,Store A,0
2023-12-17,1227.16,Fashion,North,Store B,1
2023-12-17,1408.33,Fashion,South,Store B,1
2023-12-17,1394.42,Fashion,East,Store A,1
2023-12-17,1552.49,Fashion,West,Store A,1
2023-12-17,807.01,Home,North,Store C,0
2023-12-17,1041.18,Home,South,Store C,0
2023-12-17,980.35,Home,East,Store B,0
2023-12-17,1088.73,Home,West,Store B,0
2023-12-18,891.24,Grocery,North,Store C,0
2023-12-18,1015.56,Grocery,South,Store C,0
2023-12-18,998.05,Grocery,East,Store B,0
2023-12-18,1205.31,Grocery,West,Store B,0
2023-12-18,1219.03,Electronics,North,Store C,0
2023-12-18,1239.35,Electronics,South,Store C,0
2023-12-18,1235.4,Electronics,East,Store B,0
2023-12-18,1326.41,Electronics,West,Store B,0
2023-12-18,958.66,Fashion,North,Store C,1
2023-12-18,1189.19,Fashion,South,Store C,1
2023-12-18,1116.38,Fashion,East,Store B,1
2023-12-18,1053.84,Fashion,West,Store B,1
2023-12-18,1020.82,Home,North,Online,0
2023-12-18,1225.29,Home,South,Online,0
2023-12-18,651.16,Home,East,Store C,0
2023-12-18,984.26,Home,West,Store C,0
2023-12-19,1059.71,Grocery,North,Online,0
2023-12-19,1431.4,Grocery,South,Online,0
2023-12-19,937.14,Grocery,East,Store C,0
2023-12-19,980.59,Grocery,West,Store C,0
2023-12-19,1483.25,Electronics,North,Online,0
2023-12-19,1723.74,Electronics,South,Online,0
2023-12-19,1148.33,Electronics,East,Store C,0
2023-12-19,1367.73,Electronics,West,Store C,0
2023-12-19,1308.69,Fashion,North,Online,1
2023-12-19,1413.07,Fashion,South,Online,1
2023-12-19,1067.84,Fashion,East,Store C,1
2023-12-19,1315.17,Fashion,West,Store C,1
2023-12-19,889.24,Home,North,Store A,0
2023-12-19,832.16,Home,South,Store A,0
2023-12-19,944.81,Home,East,Online,0
2023-12-19,1170.45,Home,West,Online,0
2023-12-20,931.55,Grocery,North,Store A,0
2023-12-20,1162.54,Grocery,South,Store A,0
2023-12-20,1288.5,Grocery,East,Online,0
2023-12-20,1420.89,Grocery,West,Online,0
2023-12-20,1269.19,Electronics,North,Store A,0
2023-12-20,1429.12,Electronics,South,Store A,0
2023-12-20,1494.38,Electronics,East,Online,0
2023-12-20,1795.06,Electronics,West,Online,0
2023-12-20,1012.11,Fashion,North,Store A,1
2023-12-20,1255.88,Fashion,South,Store A,1
2023-12-20,1391.81,Fashion,East,Online,1
2023-12-20,1656.25,Fashion,West,Online,1
2023-12-20,802.15,Home,North,Store B,0
2023-12-20,902.8,Home,South,Store B,0
2023-12-20,849.89,Home,East,Store A,0
2023-12-20,1038.95,Home,West,Store A,0
2023-12-21,1017.85,Grocery,North,Store B,0
2023-12-21,1090.63,Grocery,South,Store B,0
2023-12-21,1082.62,Grocery,East,Store A,0
2023-12-21,1250.55,Grocery,West,Store A,0
2023-12-21,1122.97,Electronics,North,Store B,0
2023-12-21,1347.53,Electronics,South,Store B,0
2023-12-21,1251.26,Electronics,East,Store A,0
2023-12-21,1538.46,Electronics,West,Store A,0
2023-12-21,1058.93,Fashion,North,Store B,1
2023-12-21,1186.89,Fashion,South,Store B,1
2023-12-21,1151.81,Fashion,East,Store A,1
2023-12-21,1356.79,Fashion,West,Store A,1
2023-12-21,644.77,Home,North,Store C,0
2023-12-21,858.04,Home,South,Store C,0
2023-12-21,829.31,Home,East,Store B,0
2023-12-21,1013.28,Home,West,Store B,0
2023-12-22,876.79,Grocery,North,Store C,0
2023-12-22,1135.57,Grocery,South,Store C,0
2023-12-22,985.3,Grocery,East,Store B,0
2023-12-22,1142.86,Grocery,West,Store B,0
2023-12-22,1035.65,Electronics,North,Store C,0
2023-12-22,1145.72,Electronics,South,Store C,0
2023-12-22,1295.12,Electronics,East,Store B,0
2023-12-22,1508.63,Electronics,West,Store B,0
2023-12-22,1028.13,Fashion,North,Store C,1
2023-12-22,1083.42,Fashion,South,Store C,1
2023-12-22,1204.71,Fashion,East,Store B,1
2023-12-22,1288.72,Fashion,West,Store B,1
2023-12-22,978.69,Home,North,Online,0
2023-12-22,1209.93,Home,South,Online,0
2023-12-22,804.71,Home,East,Store C,0
2023-12-22,1030.68,Home,West,Store C,0
2023-12-23,1433.73,Grocery,North,Online,0
2023-12-23,1594.6,Grocery,South,Online,0
2023-12-23,1064.77,Grocery,East,Store C,0
2023-12-23,1198.58,Grocery,West,Store C,0
2023-12-23,1693.55,Electronics,North,Online,0
2023-12-23,2008.16,Electronics,South,Online,0
2023-12-23,1354.76,Electronics,East,Store C,0
2023-12-23,1565.73,Electronics,West,Store C,0
2023-12-23,1504.92,Fashion,North,Online,1
2023-12-23,1787.82,Fashion,South,Online,1
2023-12-23,1262.1,Fashion,East,Store C,1
2023-12-23,1451.67,Fashion,West,Store C,1
2023-12-23,978.13,Home,North,Store A,0
2023-12-23,1059.13,Home,South,Store A,0
2023-12-23,1252.15,Home,East,Online,0
2023-12-23,1253.43,Home,West,Online,0
2023-12-24,1215.01,Grocery,North,Store A,0
2023-12-24,1500.44,Grocery,South,Store A,0
2023-12-24,1401.17,Grocery,East,Online,0
2023-12-24,1743.46,Grocery,West,Online,0
2023-12-24,1436.35,Electronics,North,Store A,0
2023-12-24,1610.05,Electronics,South,Store A,0
2023-12-24,1842.99,Electronics,East,Online,0
2023-12-24,2140.02,Electronics,West,Online,0
2023-12-24,1319.7,Fashion,North,Store A,1
2023-12-24,1536.53,Fashion,South,Store A,1
2023-12-24,1630.95,Fashion,East,Online,1
2023-12-24,2104.32,Fashion,West,Online,1
2023-12-24,923.64,Home,North,Store B,0
2023-12-24,1052.64,Home,South,Store B,0
2023-12-24,918.61,Home,East,Store A,0
2023-12-24,1168.8,Home,West,Store A,0
2023-12-25,1229.85,Grocery,North,Store B,1
2023-12-25,1254.65,Grocery,South,Store B,1
2023-12-25,1172.2,Grocery,East,Store A,1
2023-12-25,1529.74,Grocery,West,Store A,1
2023-12-25,1479.44,Electronics,North,Store B,1
2023-12-25,1600.55,Electronics,South,Store B,1
2023-12-25,1534.92,Electronics,East,Store A,1
2023-12-25,1736.52,Electronics,West,Store A,1
2023-12-25,1092.74,Fashion,North,Store B,1
2023-12-25,1251.92,Fashion,South,Store B,1
2023-12-25,1083.47,Fashion,East,Store A,1
2023-12-25,1460.87,Fashion,West,Store A,1
2023-12-25,933.21,Home,North,Store C,1
2023-12-25,1076.61,Home,South,Store C,1
2023-12-25,1021.7,Home,East,Store B,1
2023-12-25,1207.32,Home,West,Store B,1
2023-12-26,943.65,Grocery,North,Store C,0
2023-12-26,1089.32,Grocery,South,Store C,0
2023-12-26,916.13,Grocery,East,Store B,0
2023-12-26,1120.25,Grocery,West,Store B,0
2023-12-26,1060.64,Electronics,North,Store C,0
2023-12-26,1246.26,Electronics,South,Store C,0
2023-12-26,1244.19,Electronics,East,Store B,0
2023-12-26,1465.3,Electronics,West,Store B,0
2023-12-26,1066.4,Fashion,North,Store C,1
2023-12-26,1207.11,Fashion,South,Store C,1
2023-12-26,1068.08,Fashion,East,Store B,1
2023-12-26,1334.17,Fashion,West,Store B,1
2023-12-26,956.71,Home,North,Online,0
2023-12-26,1131.75,Home,South,Online,0
2023-12-26,793.79,Home,East,Store C,0
2023-12-26,731.16,Home,West,Store C,0
2023-12-27,1368.94,Grocery,North,Online,0
2023-12-27,1438.46,Grocery,South,Online,0
2023-12-27,923.54,Grocery,East,Store C,0
2023-12-27,1237.96,Grocery,West,Store C,0
2023-12-27,1468.67,Electronics,North,Online,0
2023-12-27,1700.82,Electronics,South,Online,0
2023-12-27,1124.02,Electronics,East,Store C,0
2023-12-27,1453.04,Electronics,West,Store C,0
2023-12-27,1352.08,Fashion,North,Online,1
2023-12-27,1553.87,Fashion,South,Online,1
2023-12-27,1116.52,Fashion,East,Store C,1
2023-12-27,1275.41,Fashion,West,Store C,1
2023-12-27,840.6,Home,North,Store A,0
2023-12-27,1021.33,Home,South,Store A,0
2023-12-27,1188.24,Home,East,Online,0
2023-12-27,1258.68,Home,West,Online,0
2023-12-28,1045.9,Grocery,North,Store A,0
2023-12-28,1192.62,Grocery,South,Store A,0
2023-12-28,1364.19,Grocery,East,Online,0
2023-12-28,1496.48,Grocery,West,Online,0
2023-12-28,1235.58,Electronics,North,Store A,0
2023-12-28,1339.33,Electronics,South,Store A,0
2023-12-28,1489.8,Electronics,East,Online,0
2023-12-28,1812.03,Electronics,West,Online,0
2023-12-28,1138.58,Fashion,North,Store A,1
2023-12-28,1396.85,Fashion,South,Store A,1
2023-12-28,1448.61,Fashion,East,Online,1
2023-12-28,1629.63,Fashion,West,Online,1
2023-12-28,756.85,Home,North,Store B,0
2023-12-28,982.7,Home,South,Store B,0
2023-12-28,943.62,Home,East,Store A,0
2023-12-28,1045.15,Home,West,Store A,0
2023-12-29,957.58,Grocery,North,Store B,0
2023-12-29,1179.59,Grocery,South,Store B,0
2023-12-29,1031.74,Grocery,East,Store A,0
2023-12-29,1307.48,Grocery,West,Store A,0
2023-12-29,1306.63,Electronics,North,Store B,0
2023-12-29,1356.34,Electronics,South,Store B,0
2023-12-29,1264.68,Electronics,East,Store A,0
2023-12-29,1570.03,Electronics,West,Store A,0
2023-12-29,1052.6,Fashion,North,Store B,1
2023-12-29,1150.92,Fashion,South,Store B,1
2023-12-29,1231.73,Fashion,East,Store A,1
2023-12-29,1473.81,Fashion,West,Store A,1
2023-12-29,732.84,Home,North,Store C,0
2023-12-29,832.91,Home,South,Store C,0
2023-12-29,779.96,Home,East,Store B,0
2023-12-29,977.57,Home,West,Store B,0
2023-12-30,1040.99,Grocery,North,Store C,0
2023-12-30,1164.56,Grocery,South,Store C,0
2023-12-30,1294.49,Grocery,East,Store B,0
2023-12-30,1434.72,Grocery,West,Store B,0
2023-12-30,1321.42,Electronics,North,Store C,0
2023-12-30,1516.92,Electronics,South,Store C,0
2023-12-30,1474.94,Electronics,East,Store B,0
2023-12-30,1672.93,Electronics,West,Store B,0
2023-12-30,1192.29,Fashion,North,Store C,1
2023-12-30,1325.32,Fashion,South,Store C,1
2023-12-30,1331.56,Fashion,East,Store B,1
2023-12-30,1566.38,Fashion,West,Store B,1
2023-12-30,1154.35,Home,North,Online,0
2023-12-30,1264.84,Home,South,Online,0
2023-12-30,917.22,Home,East,Store C,0
2023-12-30,1064.94,Home,West,Store C,0
2023-12-31,1344.34,Grocery,North,Online,0
2023-12-31,1676.53,Grocery,South,Online,0
2023-12-31,1173.37,Grocery,East,Store C,0
2023-12-31,1465.11,Grocery,West,Store C,0
2023-12-31,1721.37,Electronics,North,Online,0
2023-12-31,1954.29,Electronics,South,Online,0
2023-12-31,1287.12,Electronics,East,Store C,0
2023-12-31,1607.23,Electronics,West,Store C,0
2023-12-31,1601.82,Fashion,North,Online,1
2023-12-31,1766.06,Fashion,South,Online,1
2023-12-31,1220.79,Fashion,East,Store C,1
2023-12-31,1347.58,Fashion,West,Store C,1
2023-12-31,1039.19,Home,North,Store A,0
2023-12-31,1082.53,Home,South,Store A,0
2023-12-31,1226.52,Home,East,Online,0
2023-12-31,1375.59,Home,West,Online,0
2024-01-01,957.15,Grocery,North,Store B,0
2024-01-01,1110.6,Grocery,South,Store B,0
2024-01-01,1093.78,Grocery,East,Store A,0
2024-01-01,1321.8,Grocery,West,Store A,0
2024-01-01,1269.51,Electronics,North,Store B,0
2024-01-01,1395.29,Electronics,South,Store B,0
2024-01-01,1369.92,Electronics,East,Store A,0
2024-01-01,1638.43,Electronics,West,Store A,0
2024-01-01,936.68,Fashion,North,Store B,0
2024-01-01,1028.53,Fashion,South,Store B,0
2024-01-01,1057.16,Fashion,East,Store A,0
2024-01-01,1244.65,Fashion,West,Store A,0
2024-01-01,791.15,Home,North,Store C,0
2024-01-01,779.96,Home,South,Store C,0
2024-01-01,792.72,Home,East,Store B,0
2024-01-01,977.98,Home,West,Store B,0
2024-01-02,973.77,Grocery,North,Store C,0
2024-01-02,1058.45,Grocery,South,Store C,0
2024-01-02,1096.32,Grocery,East,Store B,0
2024-01-02,1296.01,Grocery,West,Store B,0
2024-01-02,1186.17,Electronics,North,Store C,0
2024-01-02,1341.45,Electronics,South,Store C,0
2024-01-02,1187.02,Electronics,East,Store B,0
2024-01-02,1499.1,Electronics,West,Store B,0
2024-01-02,818.58,Fashion,North,Store C,0
2024-01-02,879.13,Fashion,South,Store C,0
2024-01-02,930.37,Fashion,East,Store B,0
2024-01-02,1192.83,Fashion,West,Store B,0
2024-01-02,1046.09,Home,North,Online,0
2024-01-02,1272.9,Home,South,Online,0
2024-01-02,799.31,Home,East,Store C,0
2024-01-02,1069.21,Home,West,Store C,0
2024-01-03,1267.5,Grocery,North,Online,0
2024-01-03,1432.92,Grocery,South,Online,0
2024-01-03,902.5,Grocery,East,Store C,0
2024-01-03,1212.64,Grocery,West,Store C,0
2024-01-03,1485.93,Electronics,North,Online,0
2024-01-03,1687.28,Electronics,South,Online,0
2024-01-03,1241.21,Electronics,East,Store C,0
2024-01-03,1449.48,Electronics,West,Store C,0
2024-01-03,1213.41,Fashion,North,Online,0
2024-01-03,1290.43,Fashion,South,Online,0
2024-01-03,887.62,Fashion,East,Store C,0
2024-01-03,1050.68,Fashion,West,Store C,0
2024-01-03,901.24,Home,North,Store A,0
2024-01-03,1062.34,Home,South,Store A,0
2024-01-03,1087.03,Home,East,Online,0
2024-01-03,1371.35,Home,West,Online,0
2024-01-04,1106.79,Grocery,North,Store A,0
2024-01-04,1190.77,Grocery,South,Store A,0
2024-01-04,1360.03,Grocery,East,Online,0
2024-01-04,1649.71,Grocery,West,Online,0
2024-01-04,1382.43,Electronics,North,Store A,0
2024-01-04,1513.79,Electronics,South,Store A,0
2024-01-04,1583.21,Electronics,East,Online,0
2024-01-04,1860.41,Electronics,West,Online,0
2024-01-04,999.52,Fashion,North,Store A,0
2024-01-04,1193.75,Fashion,South,Store A,0
2024-01-04,1226.92,Fashion,East,Online,0
2024-01-04,1449.03,Fashion,West,Online,0
2024-01-04,813.49,Home,North,Store B,0
2024-01-04,904.74,Home,South,Store B,0
2024-01-04,887.99,Home,East,Store A,0
2024-01-04,1069.09,Home,West,Store A,0
2024-01-05,1293.13,Grocery,North,Store B,1
2024-01-05,1351.22,Grocery,South,Store B,1
2024-01-05,1329.04,Grocery,East,Store A,1
2024-01-05,1522.13,Grocery,West,Store A,1
2024-01-05,1481.84,Electronics,North,Store B,1
2024-01-05,1717.07,Electronics,South,Store B,1
2024-01-05,1685.22,Electronics,East,Store A,1
2024-01-05,1900.18,Electronics,West,Store A,1
2024-01-05,1128.64,Fashion,North,Store B,1
2024-01-05,1240.33,Fashion,South,Store B,1
2024-01-05,1242.8,Fashion,East,Store A,1
2024-01-05,1453.97,Fashion,West,Store A,1
2024-01-05,918.66,Home,North,Store C,1
2024-01-05,1049.64,Home,South,Store C,1
2024-01-05,1041.51,Home,East,Store B,1
2024-01-05,1187.21,Home,West,Store B,1
2024-01-06,1077.04,Grocery,North,Store C,0
2024-01-06,1335.07,Grocery,South,Store C,0
2024-01-06,1359.99,Grocery,East,Store B,0
2024-01-06,1367.08,Grocery,West,Store B,0
2024-01-06,1242.87,Electronics,North,Store C,0
2024-01-06,1440.97,Electronics,South,Store C,0
2024-01-06,1451.52,Electronics,East,Store B,0
2024-01-06,1774.11,Electronics,West,Store B,0
2024-01-06,1030.49,Fashion,North,Store C,0
2024-01-06,1145.45,Fashion,South,Store C,0
2024-01-06,1137.38,Fashion,East,Store B,0
2024-01-06,1273.79,Fashion,West,Store B,0
2024-01-06,1182.21,Home,North,Online,0
2024-01-06,1359.88,Home,South,Online,0
2024-01-06,837.7,Home,East,Store C,0
2024-01-06,1030.83,Home,West,Store C,0
2024-01-07,1411.5,Grocery,North,Online,0
2024-01-07,1718.95,Grocery,South,Online,0
2024-01-07,1153.01,Grocery,East,Store C,0
2024-01-07,1382.42,Grocery,West,Store C,0
2024-01-07,1671.63,Electronics,North,Online,0
2024-01-07,1936.39,Electronics,South,Online,0
2024-01-07,1407.76,Electronics,East,Store C,0
2024-01-07,1470.32,Electronics,West,Store C,0
2024-01-07,1415.69,Fashion,North,Online,0
2024-01-07,1434.53,Fashion,South,Online,0
2024-01-07,1089.33,Fashion,East,Store C,0
2024-01-07,1185.64,Fashion,West,Store C,0
2024-01-07,1062.9,Home,North,Store A,0
2024-01-07,1320.68,Home,South,Store A,0
2024-01-07,1124.5,Home,East,Online,0
2024-01-07,1517.27,Home,West,Online,0
2024-01-08,968.26,Grocery,North,Store A,0
2024-01-08,1238.84,Grocery,South,Store A,0
2024-01-08,1315.84,Grocery,East,Online,0
2024-01-08,1578.12,Grocery,West,Online,0
2024-01-08,1234.73,Electronics,North,Store A,0
2024-01-08,1505.5,Electronics,South,Store A,0
2024-01-08,1517.49,Electronics,East,Online,0
2024-01-08,1958.8,Electronics,West,Online,0
2024-01-08,954.72,Fashion,North,Store A,0
2024-01-08,1035.23,Fashion,South,Store A,0
2024-01-08,1302.46,Fashion,East,Online,0
2024-01-08,1434.15,Fashion,West,Online,0
2024-01-08,923.45,Home,North,Store B,0
2024-01-08,998.91,Home,South,Store B,0
2024-01-08,861.71,Home,East,Store A,0
2024-01-08,1067.27,Home,West,Store A,0
2024-01-09,1015.18,Grocery,North,Store B,0
2024-01-09,1231.95,Grocery,South,Store B,0
2024-01-09,1139.88,Grocery,East,Store A,0
2024-01-09,1330.45,Grocery,West,Store A,0
2024-01-09,1202.65,Electronics,North,Store B,0
2024-01-09,1378.71,Electronics,South,Store B,0
2024-01-09,1414.51,Electronics,East,Store A,0
2024-01-09,1589.59,Electronics,West,Store A,0
2024-01-09,901.33,Fashion,North,Store B,0
2024-01-09,1019.66,Fashion,South,Store B,0
2024-01-09,990.8,Fashion,East,Store A,0
2024-01-09,1131.71,Fashion,West,Store A,0
2024-01-09,728.99,Home,North,Store C,0
2024-01-09,959.2,Home,South,Store C,0
2024-01-09,844.05,Home,East,Store B,0
2024-01-09,1051.27,Home,West,Store B,0
2024-01-10,812.71,Grocery,North,Store C,0
2024-01-10,1111.54,Grocery,South,Store C,0
2024-01-10,1045.07,Grocery,East,Store B,0
2024-01-10,1221.05,Grocery,West,Store B,0
2024-01-10,1152.01,Electronics,North,Store C,0
2024-01-10,1272.74,Electronics,South,Store C,0
2024-01-10,1151.5,Electronics,East,Store B,0
2024-01-10,1551.99,Electronics,West,Store B,0
2024-01-10,881.98,Fashion,North,Store C,0
2024-01-10,971.47,Fashion,South,Store C,0
2024-01-10,911.49,Fashion,East,Store B,0
2024-01-10,1060.97,Fashion,West,Store B,0
2024-01-10,1052.97,Home,North,Online,0
2024-01-10,1273.31,Home,South,Online,0
2024-01-10,816.13,Home,East,Store C,0
2024-01-10,876.75,Home,West,Store C,0
2024-01-11,1294.56,Grocery,North,Online,0
2024-01-11,1456.57,Grocery,South,Online,0
2024-01-11,1039.3,Grocery,East,Store C,0
2024-01-11,1207.31,Grocery,West,Store C,0
2024-01-11,1378.74,Electronics,North,Online,0
2024-01-11,1786.34,Electronics,South,Online,0
2024-01-11,1138.3,Electronics,East,Store C,0
2024-01-11,1334.51,Electronics,West,Store C,0
2024-01-11,1163.15,Fashion,North,Online,0
2024-01-11,1358.42,Fashion,South,Online,0
2024-01-11,817.48,Fashion,East,Store C,0
2024-01-11,1113.2,Fashion,West,Store C,0
2024-01-11,916.86,Home,North,Store A,0
2024-01-11,998.46,Home,South,Store A,0
2024-01-11,1039.8,Home,East,Online,0
2024-01-11,1233.4,Home,West,Online,0
2024-01-12,1134.35,Grocery,North,Store A,0
2024-01-12,1143.88,Grocery,South,Store A,0
2024-01-12,1398.45,Grocery,East,Online,0
2024-01-12,1576.92,Grocery,West,Online,0
2024-01-12,1291.89,Electronics,North,Store A,0
2024-01-12,1382.61,Electronics,South,Store A,0
2024-01-12,1604.35,Electronics,East,Online,0
2024-01-12,1942.33,Electronics,West,Online,0
2024-01-12,913.07,Fashion,North,Store A,0
2024-01-12,1150.44,Fashion,South,Store A,0
2024-01-12,1231.25,Fashion,East,Online,0
2024-01-12,1416.19,Fashion,West,Online,0
2024-01-12,873.37,Home,North,Store B,0
2024-01-12,819.52,Home,South,Store B,0
2024-01-12,933.34,Home,East,Store A,0
2024-01-12,1171.26,Home,West,Store A,0
2024-01-13,1260.22,Grocery,North,Store B,0
2024-01-13,1365.8,Grocery,South,Store B,0
2024-01-13,1290.07,Grocery,East,Store A,0
2024-01-13,1511.7,Grocery,West,Store A,0
2024-01-13,1404.57,Electronics,North,Store B,0
2024-01-13,1647.69,Electronics,South,Store B,0
2024-01-13,1528.03,Electronics,East,Store A,0
2024-01-13,1902.9,Electronics,West,Store A,0
2024-01-13,1198.26,Fashion,North,Store B,0
2024-01-13,1227.02,Fashion,South,Store B,0
2024-01-13,1121.99,Fashion,East,Store A,0
2024-01-13,1341.63,Fashion,West,Store A,0
2024-01-13,944.72,Home,North,Store C,0
2024-01-13,1023.47,Home,South,Store C,0
2024-01-13,1049.95,Home,East,Store B,0
2024-01-13,1156.36,Home,West,Store B,0
2024-01-14,1157.0,Grocery,North,Store C,0
2024-01-14,1256.3,Grocery,South,Store C,0
2024-01-14,1193.88,Grocery,East,Store B,0
2024-01-14,1438.79,Grocery,West,Store B,0
2024-01-14,1271.51,Electronics,North,Store C,0
2024-01-14,1631.71,Electronics,South,Store C,0
2024-01-14,1479.88,Electronics,East,Store B,0
2024-01-14,1793.42,Electronics,West,Store B,0
2024-01-14,987.61,Fashion,North,Store C,0
2024-01-14,1099.95,Fashion,South,Store C,0
2024-01-14,1116.71,Fashion,East,Store B,0
2024-01-14,1397.61,Fashion,West,Store B,0
2024-01-14,1189.96,Home,North,Online,0
2024-01-14,1339.25,Home,South,Online,0
2024-01-14,951.14,Home,East,Store C,0
2024-01-14,1143.17,Home,West,Store C,0
2024-01-15,1643.48,Grocery,North,Online,1
2024-01-15,1787.37,Grocery,South,Online,1
2024-01-15,1236.77,Grocery,East,Store C,1
2024-01-15,1461.57,Grocery,West,Store C,1
2024-01-15,1805.59,Electronics,North,Online,1
2024-01-15,2074.51,Electronics,South,Online,1
2024-01-15,1386.08,Electronics,East,Store C,1
2024-01-15,1637.96,Electronics,West,Store C,1
2024-01-15,1465.25,Fashion,North,Online,1
2024-01-15,1634.04,Fashion,South,Online,1
2024-01-15,1103.91,Fashion,East,Store C,1
2024-01-15,1158.9,Fashion,West,Store C,1
2024-01-15,1172.81,Home,North,Store A,1
2024-01-15,1157.13,Home,South,Store A,1
2024-01-15,1430.17,Home,East,Online,1
2024-01-15,1479.57,Home,West,Online,1
2024-01-16,1043.35,Grocery,North,Store A,0
2024-01-16,1117.35,Grocery,South,Store A,0
2024-01-16,1372.39,Grocery,East,Online,0
2024-01-16,1540.32,Grocery,West,Online,0
2024-01-16,1250.31,Electronics,North,Store A,0
2024-01-16,1414.91,Electronics,South,Store A,0
2024-01-16,1670.3,Electronics,East,Online,0
2024-01-16,1965.62,Electronics,West,Online,0
2024-01-16,1095.49,Fashion,North,Store A,0
2024-01-16,1095.83,Fashion,South,Store A,0
2024-01-16,1249.89,Fashion,East,Online,0
2024-01-16,1394.3,Fashion,West,Online,0
2024-01-16,815.68,Home,North,Store B,0
2024-01-16,920.93,Home,South,Store B,0
2024-01-16,948.39,Home,East,Store A,0
2024-01-16,1148.28,Home,West,Store A,0
2024-01-17,1082.13,Grocery,North,Store B,0
2024-01-17,1123.39,Grocery,South,Store B,0
2024-01-17,1191.86,Grocery,East,Store A,0
2024-01-17,1343.35,Grocery,West,Store A,0
2024-01-17,1218.78,Electronics,North,Store B,0
2024-01-17,1368.69,Electronics,South,Store B,0
2024-01-17,1337.39,Electronics,East,Store A,0
2024-01-17,1715.32,Electronics,West,Store A,0
2024-01-17,957.44,Fashion,North,Store B,0
2024-01-17,1080.22,Fashion,South,Store B,0
2024-01-17,1026.17,Fashion,East,Store A,0
2024-01-17,1366.25,Fashion,West,Store A,0
2024-01-17,856.62,Home,North,Store C,0
2024-01-17,853.73,Home,South,Store C,0
2024-01-17,856.56,Home,East,Store B,0
2024-01-17,1019.92,Home,West,Store B,0
2024-01-18,974.94,Grocery,North,Store C,0
2024-01-18,1062.07,Grocery,South,Store C,0
2024-01-18,1097.94,Grocery,East,Store B,0
2024-01-18,1350.9,Grocery,West,Store B,0
2024-01-18,1091.33,Electronics,North,Store C,0
2024-01-18,1262.45,Electronics,South,Store C,0
2024-01-18,1265.64,Electronics,East,Store B,0
2024-01-18,1505.53,Electronics,West,Store B,0
2024-01-18,994.89,Fashion,North,Store C,0
2024-01-18,1062.46,Fashion,South,Store C,0
2024-01-18,1034.74,Fashion,East,Store B,0
2024-01-18,1148.78,Fashion,West,Store B,0
2024-01-18,1044.51,Home,North,Online,0
2024-01-18,1127.05,Home,South,Online,0
2024-01-18,863.12,Home,East,Store C,0
2024-01-18,997.76,Home,West,Store C,0
2024-01-19,1376.94,Grocery,North,Online,0
2024-01-19,1475.26,Grocery,South,Online,0
2024-01-19,1002.56,Grocery,East,Store C,0
2024-01-19,1205.29,Grocery,West,Store C,0
2024-01-19,1620.93,Electronics,North,Online,0
2024-01-19,1708.4,Electronics,South,Online,0
2024-01-19,1256.34,Electronics,East,Store C,0
2024-01-19,1438.05,Electronics,West,Store C,0
2024-01-19,1137.29,Fashion,North,Online,0
2024-01-19,1246.19,Fashion,South,Online,0
2024-01-19,917.23,Fashion,East,Store C,0
2024-01-19,1174.21,Fashion,West,Store C,0
2024-01-19,983.38,Home,North,Store A,0
2024-01-19,1034.08,Home,South,Store A,0
2024-01-19,1215.81,Home,East,Online,0
2024-01-19,1309.03,Home,West,Online,0
2024-01-20,1326.12,Grocery,North,Store A,0
2024-01-20,1425.02,Grocery,South,Store A,0
2024-01-20,1554.95,Grocery,East,Online,0
2024-01-20,1836.79,Grocery,West,Online,0
2024-01-20,1419.41,Electronics,North,Store A,0
2024-01-20,1815.51,Electronics,South,Store A,0
2024-01-20,1869.98,Electronics,East,Online,0
2024-01-20,2211.14,Electronics,West,Online,0
2024-01-20,1100.85,Fashion,North,Store A,0
2024-01-20,1315.73,Fashion,South,Store A,0
2024-01-20,1546.07,Fashion,East,Online,0
2024-01-20,1830.39,Fashion,West,Online,0
2024-01-20,885.09,Home,North,Store B,0
2024-01-20,1091.98,Home,South,Store B,0
2024-01-20,1023.43,Home,East,Store A,0
2024-01-20,1333.1,Home,West,Store A,0
2024-01-21,1218.67,Grocery,North,Store B,0
2024-01-21,1334.25,Grocery,South,Store B,0
2024-01-21,1334.86,Grocery,East,Store A,0
2024-01-21,1549.06,Grocery,West,Store A,0
2024-01-21,1536.34,Electronics,North,Store B,0
2024-01-21,1677.84,Electronics,South,Store B,0
2024-01-21,1638.4,Electronics,East,Store A,0
2024-01-21,1749.04,Electronics,West,Store A,0
2024-01-21,1097.29,Fashion,North,Store B,0
2024-01-21,1367.8,Fashion,South,Store B,0
2024-01-21,1291.02,Fashion,East,Store A,0
2024-01-21,1340.23,Fashion,West,Store A,0
2024-01-21,901.48,Home,North,Store C,0
2024-01-21,979.69,Home,South,Store C,0
2024-01-21,1114.39,Home,East,Store B,0
2024-01-21,1221.11,Home,West,Store B,0
2024-01-22,933.44,Grocery,North,Store C,0
2024-01-22,1112.48,Grocery,South,Store C,0
2024-01-22,940.12,Grocery,East,Store B,0
2024-01-22,1222.87,Grocery,West,Store B,0
2024-01-22,1176.11,Electronics,North,Store C,0
2024-01-22,1383.0,Electronics,South,Store C,0
2024-01-22,1197.13,Electronics,East,Store B,0
2024-01-22,1522.43,Electronics,West,Store B,0
2024-01-22,948.52,Fashion,North,Store C,0
2024-01-22,936.65,Fashion,South,Store C,0
2024-01-22,1004.31,Fashion,East,Store B,0
2024-01-22,1177.48,Fashion,West,Store B,0
2024-01-22,1164.15,Home,North,Online,0
2024-01-22,1205.16,Home,South,Online,0
2024-01-22,818.1,Home,East,Store C,0
2024-01-22,1026.56,Home,West,Store C,0
2024-01-23,1245.0,Grocery,North,Online,0
2024-01-23,1488.07,Grocery,South,Online,0
2024-01-23,994.38,Grocery,East,Store C,0
2024-01-23,1199.04,Grocery,West,Store C,0
2024-01-23,1632.66,Electronics,North,Online,0
2024-01-23,1835.82,Electronics,South,Online,0
2024-01-23,1185.61,Electronics,East,Store C,0
2024-01-23,1459.63,Electronics,West,Store C,0
2024-01-23,1288.23,Fashion,North,Online,0
2024-01-23,1327.35,Fashion,South,Online,0
2024-01-23,941.03,Fashion,East,Store C,0
2024-01-23,1093.8,Fashion,West,Store C,0
2024-01-23,895.82,Home,North,Store A,0
2024-01-23,933.97,Home,South,Store A,0
2024-01-23,1195.45,Home,East,Online,0
2024-01-23,1280.58,Home,West,Online,0
2024-01-24,1164.24,Grocery,North,Store A,0
2024-01-24,1226.84,Grocery,South,Store A,0
2024-01-24,1342.65,Grocery,East,Online,0
2024-01-24,1696.7,Grocery,West,Online,0
2024-01-24,1387.78,Electronics,North,Store A,0
2024-01-24,1528.96,Electronics,South,Store A,0
2024-01-24,1698.99,Electronics,East,Online,0
2024-01-24,1945.63,Electronics,West,Online,0
2024-01-24,1013.46,Fashion,North,Store A,0
2024-01-24,1117.76,Fashion,South,Store A,0
2024-01-24,1310.07,Fashion,East,Online,0
2024-01-24,1453.71,Fashion,West,Online,0
2024-01-24,930.95,Home,North,Store B,0
2024-01-24,949.35,Home,South,Store B,0
2024-01-24,940.74,Home,East,Store A,0
2024-01-24,1153.93,Home,West,Store A,0
2024-01-25,1256.72,Grocery,North,Store B,1
2024-01-25,1412.64,Grocery,South,Store B,1
2024-01-25,1387.31,Grocery,East,Store A,1
2024-01-25,1693.23,Grocery,West,Store A,1
2024-01-25,1474.28,Electronics,North,Store B,1
2024-01-25,1712.73,Electronics,South,Store B,1
2024-01-25,1672.02,Electronics,East,Store A,1
2024-01-25,2026.01,Electronics,West,Store A,1
2024-01-25,1143.52,Fashion,North,Store B,1
2024-01-25,1407.38,Fashion,South,Store B,1
2024-01-25,1262.64,Fashion,East,Store A,1
2024-01-25,1491.67,Fashion,West,Store A,1
2024-01-25,949.41,Home,North,Store C,1
2024-01-25,1019.0,Home,South,Store C,1
2024-01-25,1007.79,Home,East,Store B,1
2024-01-25,1231.2,Home,West,Store B,1
2024-01-26,1046.72,Grocery,North,Store C,0
2024-01-26,1118.54,Grocery,South,Store C,0
2024-01-26,1066.39,Grocery,East,Store B,0
2024-01-26,1361.27,Grocery,West,Store B,0
2024-01-26,1269.74,Electronics,North,Store C,0
2024-01-26,1417.28,Electronics,South,Store C,0
2024-01-26,1268.44,Electronics,East,Store B,0
2024-01-26,1529.72,Electronics,West,Store B,0
2024-01-26,1000.59,Fashion,North,Store C,0
2024-01-26,1038.68,Fashion,South,Store C,0
2024-01-26,985.7,Fashion,East,Store B,0
2024-01-26,1223.68,Fashion,West,Store B,0
2024-01-26,1134.66,Home,North,Online,0
2024-01-26,1197.09,Home,South,Online,0
2024-01-26,846.88,Home,East,Store C,0
2024-01-26,1039.11,Home,West,Store C,0
2024-01-27,1478.33,Grocery,North,Online,0
2024-01-27,1756.1,Grocery,South,Online,0
2024-01-27,1131.57,Grocery,East,Store C,0
2024-01-27,1357.86,Grocery,West,Store C,0
2024-01-27,1824.83,Electronics,North,Online,0
2024-01-27,2138.7,Electronics,South,Online,0
2024-01-27,1417.77,Electronics,East,Store C,0
2024-01-27,1663.48,Electronics,West,Store C,0
2024-01-27,1414.29,Fashion,North,Online,0
2024-01-27,1543.58,Fashion,South,Online,0
2024-01-27,1115.36,Fashion,East,Store C,0
2024-01-27,1354.53,Fashion,West,Store C,0
2024-01-27,1047.91,Home,North,Store A,0
2024-01-27,1186.65,Home,South,Store A,0
2024-01-27,1328.56,Home,East,Online,0
2024-01-27,1436.7,Home,West,Online,0
2024-01-28,1325.69,Grocery,North,Store A,0
2024-01-28,1646.03,Grocery,South,Store A,0
2024-01-28,1604.45,Grocery,East,Online,0
2024-01-28,1900.57,Grocery,West,Online,0
2024-01-28,1600.69,Electronics,North,Store A,0
2024-01-28,1866.0,Electronics,South,Store A,0
2024-01-28,1992.52,Electronics,East,Online,0
2024-01-28,2176.46,Electronics,West,Online,0
2024-01-28,1217.31,Fashion,North,Store A,0
2024-01-28,1491.84,Fashion,South,Store A,0
2024-01-28,1508.89,Fashion,East,Online,0
2024-01-28,1682.0,Fashion,West,Online,0
2024-01-28,1009.17,Home,North,Store B,0
2024-01-28,1060.66,Home,South,Store B,0
2024-01-28,1167.19,Home,East,Store A,0
2024-01-28,1248.73,Home,West,Store A,0
2024-01-29,1059.22,Grocery,North,Store B,0
2024-01-29,1153.89,Grocery,South,Store B,0
2024-01-29,1137.34,Grocery,East,Store A,0
2024-01-29,1463.55,Grocery,West,Store A,0
2024-01-29,1275.44,Electronics,North,Store B,0
2024-01-29,1414.59,Electronics,South,Store B,0
2024-01-29,1341.84,Electronics,East,Store A,0
2024-01-29,1559.91,Electronics,West,Store A,0
2024-01-29,896.9,Fashion,North,Store B,0
2024-01-29,1105.44,Fashion,South,Store B,0
2024-01-29,1122.37,Fashion,East,Store A,0
2024-01-29,1233.89,Fashion,West,Store A,0
2024-01-29,892.24,Home,North,Store C,0
2024-01-29,877.85,Home,South,Store C,0
2024-01-29,881.86,Home,East,Store B,0
2024-01-29,999.95,Home,West,Store B,0
2024-01-30,1047.1,Grocery,North,Store C,0
2024-01-30,1245.25,Grocery,South,Store C,0
2024-01-30,1005.44,Grocery,East,Store B,0
2024-01-30,1285.77,Grocery,West,Store B,0
2024-01-30,1264.06,Electronics,North,Store C,0
2024-01-30,1280.11,Electronics,South,Store C,0
2024-01-30,1357.71,Electronics,East,Store B,0
2024-01-30,1637.38,Electronics,West,Store B,0
2024-01-30,912.79,Fashion,North,Store C,0
2024-01-30,1064.4,Fashion,South,Store C,0
2024-01-30,1105.77,Fashion,East,Store B,0
2024-01-30,1301.4,Fashion,West,Store B,0
2024-01-30,1085.03,Home,North,Online,0
2024-01-30,1209.68,Home,South,Online,0
2024-01-30,791.31,Home,East,Store C,0
2024-01-30,1050.28,Home,West,Store C,0
2024-01-31,1265.19,Grocery,North,Online,0
2024-01-31,1512.15,Grocery,South,Online,0
2024-01-31,1042.64,Grocery,East,Store C,0
2024-01-31,1199.8,Grocery,West,Store C,0
2024-01-31,1628.7,Electronics,North,Online,0
2024-01-31,1977.47,Electronics,South,Online,0
2024-01-31,1241.22,Electronics,East,Store C,0
2024-01-31,1453.17,Electronics,West,Store C,0
2024-01-31,1282.87,Fashion,North,Online,0
2024-01-31,1409.9,Fashion,South,Online,0
2024-01-31,1028.28,Fashion,East,Store C,0
2024-01-31,1132.5,Fashion,West,Store C,0
2024-01-31,901.11,Home,North,Store A,0
2024-01-31,943.18,Home,South,Store A,0
2024-01-31,1048.01,Home,East,Online,0
2024-01-31,1244.99,Home,West,Online,0
2024-02-01,1082.57,Grocery,North,Store B,0
2024-02-01,1133.62,Grocery,South,Store B,0
2024-02-01,1243.71,Grocery,East,Store A,0
2024-02-01,1392.07,Grocery,West,Store A,0
2024-02-01,1264.22,Electronics,North,Store B,0
2024-02-01,1407.93,Electronics,South,Store B,0
2024-02-01,1447.79,Electronics,East,Store A,0
2024-02-01,1628.96,Electronics,West,Store A,0
2024-02-01,917.54,Fashion,North,Store B,0
2024-02-01,1171.48,Fashion,South,Store B,0
2024-02-01,1094.61,Fashion,East,Store A,0
2024-02-01,1259.66,Fashion,West,Store A,0
2024-02-01,846.16,Home,North,Store C,0
2024-02-01,923.51,Home,South,Store C,0
2024-02-01,921.58,Home,East,Store B,0
2024-02-01,1020.99,Home,West,Store B,0
2024-02-02,1112.6,Grocery,North,Store C,0
2024-02-02,1104.97,Grocery,South,Store C,0
2024-02-02,1194.71,Grocery,East,Store B,0
2024-02-02,1302.46,Grocery,West,Store B,0
2024-02-02,1246.25,Electronics,North,Store C,0
2024-02-02,1408.46,Electronics,South,Store C,0
2024-02-02,1397.8,Electronics,East,Store B,0
2024-02-02,1533.64,Electronics,West,Store B,0
2024-02-02,973.25,Fashion,North,Store C,0
2024-02-02,1142.06,Fashion,South,Store C,0
2024-02-02,1000.91,Fashion,East,Store B,0
2024-02-02,1203.5,Fashion,West,Store B,0
2024-02-02,1066.35,Home,North,Online,0
2024-02-02,1227.54,Home,South,Online,0
2024-02-02,941.23,Home,East,Store C,0
2024-02-02,947.46,Home,West,Store C,0
2024-02-03,1512.81,Grocery,North,Online,0
2024-02-03,1869.61,Grocery,South,Online,0
2024-02-03,1244.6,Grocery,East,Store C,0
2024-02-03,1549.16,Grocery,West,Store C,0
2024-02-03,1858.08,Electronics,North,Online,0
2024-02-03,2150.2,Electronics,South,Online,0
2024-02-03,1420.07,Electronics,East,Store C,0
2024-02-03,1731.79,Electronics,West,Store C,0
2024-02-03,1334.46,Fashion,North,Online,0
2024-02-03,1667.75,Fashion,South,Online,0
2024-02-03,1125.48,Fashion,East,Store C,0
2024-02-03,1307.97,Fashion,West,Store C,0
2024-02-03,1046.14,Home,North,Store A,0
2024-02-03,1166.04,Home,South,Store A,0
2024-02-03,1367.11,Home,East,Online,0
2024-02-03,1506.42,Home,West,Online,0
2024-02-04,1343.03,Grocery,North,Store A,0
2024-02-04,1610.82,Grocery,South,Store A,0
2024-02-04,1716.15,Grocery,East,Online,0
2024-02-04,1851.87,Grocery,West,Online,0
2024-02-04,1552.79,Electronics,North,Store A,0
2024-02-04,1824.32,Electronics,South,Store A,0
2024-02-04,1963.02,Electronics,East,Online,0
2024-02-04,2251.18,Electronics,West,Online,0
2024-02-04,1224.64,Fashion,North,Store A,0
2024-02-04,1369.33,Fashion,South,Store A,0
2024-02-04,1601.23,Fashion,East,Online,0
2024-02-04,1756.77,Fashion,West,Online,0
2024-02-04,1072.26,Home,North,Store B,0
2024-02-04,1077.73,Home,South,Store B,0
2024-02-04,1058.71,Home,East,Store A,0
2024-02-04,1359.78,Home,West,Store A,0
2024-02-05,1343.87,Grocery,North,Store B,1
2024-02-05,1409.22,Grocery,South,Store B,1
2024-02-05,1422.21,Grocery,East,Store A,1
2024-02-05,1605.88,Grocery,West,Store A,1
2024-02-05,1535.5,Electronics,North,Store B,1
2024-02-05,1805.24,Electronics,South,Store B,1
2024-02-05,1685.96,Electronics,East,Store A,1
2024-02-05,2010.24,Electronics,West,Store A,1
2024-02-05,1113.29,Fashion,North,Store B,1
2024-02-05,1302.33,Fashion,South,Store B,1
2024-02-05,1397.17,Fashion,East,Store A,1
2024-02-05,1543.35,Fashion,West,Store A,1
2024-02-05,925.73,Home,North,Store C,1
2024-02-05,1099.19,Home,South,Store C,1
2024-02-05,1001.43,Home,East,Store B,1
2024-02-05,1233.58,Home,West,Store B,1
2024-02-06,1081.47,Grocery,North,Store C,0
2024-02-06,1138.03,Grocery,South,Store C,0
2024-02-06,1221.92,Grocery,East,Store B,0
2024-02-06,1318.02,Grocery,West,Store B,0
2024-02-06,1209.41,Electronics,North,Store C,0
2024-02-06,1414.17,Electronics,South,Store C,0
2024-02-06,1198.31,Electronics,East,Store B,0
2024-02-06,1603.67,Electronics,West,Store B,0
2024-02-06,918.65,Fashion,North,Store C,0
2024-02-06,1130.49,Fashion,South,Store C,0
2024-02-06,1076.25,Fashion,East,Store B,0
2024-02-06,1148.77,Fashion,West,Store B,0
2024-02-06,1172.15,Home,North,Online,0
2024-02-06,1242.06,Home,South,Online,0
2024-02-06,804.07,Home,East,Store C,0
2024-02-06,1021.48,Home,West,Store C,0
2024-02-07,1348.24,Grocery,North,Online,0
2024-02-07,1632.01,Grocery,South,Online,0
2024-02-07,1070.24,Grocery,East,Store C,0
2024-02-07,1255.95,Grocery,West,Store C,0
2024-02-07,1685.42,Electronics,North,Online,0
2024-02-07,1922.23,Electronics,South,Online,0
2024-02-07,1308.47,Electronics,East,Store C,0
2024-02-07,1575.85,Electronics,West,Store C,0
2024-02-07,1277.67,Fashion,North,Online,0
2024-02-07,1425.48,Fashion,South,Online,0
2024-02-07,1030.55,Fashion,East,Store C,0
2024-02-07,1134.16,Fashion,West,Store C,0
2024-02-07,929.4,Home,North,Store A,0
2024-02-07,1150.54,Home,South,Store A,0
2024-02-07,1242.22,Home,East,Online,0
2024-02-07,1364.34,Home,West,Online,0
2024-02-08,1117.36,Grocery,North,Store A,0
2024-02-08,1380.76,Grocery,South,Store A,0
2024-02-08,1463.96,Grocery,East,Online,0
2024-02-08,1698.1,Grocery,West,Online,0
2024-02-08,1356.93,Electronics,North,Store A,0
2024-02-08,1582.99,Electronics,South,Store A,0
2024-02-08,1707.54,Electronics,East,Online,0
2024-02-08,1986.04,Electronics,West,Online,0
2024-02-08,1052.6,Fashion,North,Store A,0
2024-02-08,1204.69,Fashion,South,Store A,0
2024-02-08,1278.95,Fashion,East,Online,0
2024-02-08,1588.01,Fashion,West,Online,0
2024-02-08,946.6,Home,North,Store B,0
2024-02-08,1050.17,Home,South,Store B,0
2024-02-08,953.68,Home,East,Store A,0
2024-02-08,1188.41,Home,West,Store A,0
2024-02-09,1082.71,Grocery,North,Store B,0
2024-02-09,1159.6,Grocery,South,Store B,0
2024-02-09,1230.15,Grocery,East,Store A,0
2024-02-09,1420.33,Grocery,West,Store A,0
2024-02-09,1440.41,Electronics,North,Store B,0
2024-02-09,1557.39,Electronics,South,Store B,0
2024-02-09,1474.93,Electronics,East,Store A,0
2024-02-09,1713.25,Electronics,West,Store A,0
2024-02-09,996.03,Fashion,North,Store B,0
2024-02-09,1068.33,Fashion,South,Store B,0
2024-02-09,996.39,Fashion,East,Store A,0
2024-02-09,1244.62,Fashion,West,Store A,0
2024-02-09,821.02,Home,North,Store C,0
2024-02-09,821.75,Home,South,Store C,0
2024-02-09,884.76,Home,East,Store B,0
2024-02-09,1069.08,Home,West,Store B,0
2024-02-10,1164.71,Grocery,North,Store C,0
2024-02-10,1302.87,Grocery,South,Store C,0
2024-02-10,1287.83,Grocery,East,Store B,0
2024-02-10,1641.42,Grocery,West,Store B,0
2024-02-10,1452.27,Electronics,North,Store C,0
2024-02-10,1580.85,Electronics,South,Store C,0
2024-02-10,1568.61,Electronics,East,Store B,0
2024-02-10,1859.62,Electronics,West,Store B,0
2024-02-10,1034.61,Fashion,North,Store C,0
2024-02-10,1183.47,Fashion,South,Store C,0
2024-02-10,1251.47,Fashion,East,Store B,0
2024-02-10,1392.45,Fashion,West,Store B,0
2024-02-10,1229.93,Home,North,Online,0
2024-02-10,1466.19,Home,South,Online,0
2024-02-10,1004.42,Home,East,Store C,0
2024-02-10,1072.72,Home,West,Store C,0
2024-02-11,1586.45,Grocery,North,Online,0
2024-02-11,1856.14,Grocery,South,Online,0
2024-02-11,1253.68,Grocery,East,Store C,0
2024-02-11,1577.21,Grocery,West,Store C,0
2024-02-11,1980.63,Electronics,North,Online,0
2024-02-11,2255.91,Electronics,South,Online,0
2024-02-11,1632.81,Electronics,East,Store C,0
2024-02-11,1792.12,Electronics,West,Store C,0
2024-02-11,1463.03,Fashion,North,Online,0
2024-02-11,1708.71,Fashion,South,Online,0
2024-02-11,1093.97,Fashion,East,Store C,0
2024-02-11,1337.23,Fashion,West,Store C,0
2024-02-11,1048.4,Home,North,Store A,0
2024-02-11,1255.84,Home,South,Store A,0
2024-02-11,1311.64,Home,East,Online,0
2024-02-11,1557.21,Home,West,Online,0
2024-02-12,1173.48,Grocery,North,Store A,0
2024-02-12,1302.31,Grocery,South,Store A,0
2024-02-12,1324.4,Grocery,East,Online,0
2024-02-12,1613.09,Grocery,West,Online,0
2024-02-12,1321.69,Electronics,North,Store A,0
2024-02-12,1527.74,Electronics,South,Store A,0
2024-02-12,1744.14,Electronics,East,Online,0
2024-02-12,2049.56,Electronics,West,Online,0
2024-02-12,1111.81,Fashion,North,Store A,0
2024-02-12,1240.28,Fashion,South,Store A,0
2024-02-12,1368.15,Fashion,East,Online,0
2024-02-12,1583.12,Fashion,West,Online,0
2024-02-12,893.71,Home,North,Store B,0
2024-02-12,1064.65,Home,South,Store B,0
2024-02-12,1026.6,Home,East,Store A,0
2024-02-12,1175.99,Home,West,Store A,0
2024-02-13,1156.19,Grocery,North,Store B,0
2024-02-13,1107.49,Grocery,South,Store B,0
2024-02-13,1185.87,Grocery,East,Store A,0
2024-02-13,1405.77,Grocery,West,Store A,0
2024-02-13,1370.62,Electronics,North,Store B,0
2024-02-13,1574.43,Electronics,South,Store B,0
2024-02-13,1366.52,Electronics,East,Store A,0
2024-02-13,1789.54,Electronics,West,Store A,0
2024-02-13,929.79,Fashion,North,Store B,0
2024-02-13,1068.95,Fashion,South,Store B,0
2024-02-13,1087.11,Fashion,East,Store A,0
2024-02-13,1284.53,Fashion,West,Store A,0
2024-02-13,743.93,Home,North,Store C,0
2024-02-13,980.13,Home,South,Store C,0
2024-02-13,958.73,Home,East,Store B,0
2024-02-13,1148.56,Home,West,Store B,0
2024-02-14,997.72,Grocery,North,Store C,0
2024-02-14,1160.67,Grocery,South,Store C,0
2024-02-14,1132.82,Grocery,East,Store B,0
2024-02-14,1435.71,Grocery,West,Store B,0
2024-02-14,1073.46,Electronics,North,Store C,0
2024-02-14,1346.72,Electronics,South,Store C,0
2024-02-14,1365.54,Electronics,East,Store B,0
2024-02-14,1556.29,Electronics,West,Store B,0
2024-02-14,920.78,Fashion,North,Store C,0
2024-02-14,1057.36,Fashion,South,Store C,0
2024-02-14,1002.18,Fashion,East,Store B,0
2024-02-14,1232.61,Fashion,West,Store B,0
2024-02-14,1154.73,Home,North,Online,0
2024-02-14,1262.11,Home,South,Online,0
2024-02-14,841.54,Home,East,Store C,0
2024-02-14,1016.5,Home,West,Store C,0
2024-02-15,1654.72,Grocery,North,Online,1
2024-02-15,1788.31,Grocery,South,Online,1
2024-02-15,1305.64,Grocery,East,Store C,1
2024-02-15,1490.6,Grocery,West,Store C,1
2024-02-15,2061.15,Electronics,North,Online,1
2024-02-15,2299.73,Electronics,South,Online,1
2024-02-15,1605.0,Electronics,East,Store C,1
2024-02-15,1768.02,Electronics,West,Store C,1
2024-02-15,1494.44,Fashion,North,Online,1
2024-02-15,1656.03,Fashion,South,Online,1
2024-02-15,1132.97,Fashion,East,Store C,1
2024-02-15,1455.84,Fashion,West,Store C,1
2024-02-15,1211.17,Home,North,Store A,1
2024-02-15,1222.4,Home,South,Store A,1
2024-02-15,1378.64,Home,East,Online,1
2024-02-15,1657.5,Home,West,Online,1
2024-02-16,1190.99,Grocery,North,Store A,0
2024-02-16,1222.25,Grocery,South,Store A,0
2024-02-16,1352.25,Grocery,East,Online,0
2024-02-16,1731.92,Grocery,West,Online,0
2024-02-16,1287.27,Electronics,North,Store A,0
2024-02-16,1562.75,Electronics,South,Store A,0
2024-02-16,1742.3,Electronics,East,Online,0
2024-02-16,2074.62,Electronics,West,Online,0
2024-02-16,1052.79,Fashion,North,Store A,0
2024-02-16,1187.14,Fashion,South,Store A,0
2024-02-16,1364.8,Fashion,East,Online,0
2024-02-16,1576.18,Fashion,West,Online,0
2024-02-16,852.76,Home,North,Store B,0
2024-02-16,1013.28,Home,South,Store B,0
2024-02-16,1003.93,Home,East,Store A,0
2024-02-16,1257.88,Home,West,Store A,0
2024-02-17,1312.02,Grocery,North,Store B,0
2024-02-17,1511.04,Grocery,South,Store B,0
2024-02-17,1370.16,Grocery,East,Store A,0
2024-02-17,1632.74,Grocery,West,Store A,0
2024-02-17,1513.88,Electronics,North,Store B,0
2024-02-17,1730.08,Electronics,South,Store B,0
2024-02-17,1633.81,Electronics,East,Store A,0
2024-02-17,2069.15,Electronics,West,Store A,0
2024-02-17,1209.83,Fashion,North,Store B,0
2024-02-17,1305.03,Fashion,South,Store B,0
2024-02-17,1320.08,Fashion,East,Store A,0
2024-02-17,1533.02,Fashion,West,Store A,0
2024-02-17,1008.61,Home,North,Store C,0
2024-02-17,1029.1,Home,South,Store C,0
2024-02-17,1068.13,Home,East,Store B,0
2024-02-17,1270.61,Home,West,Store B,0
2024-02-18,1227.36,Grocery,North,Store C,0
2024-02-18,1323.49,Grocery,South,Store C,0
2024-02-18,1187.45,Grocery,East,Store B,0
2024-02-18,1508.81,Grocery,West,Store B,0
2024-02-18,1432.36,Electronics,North,Store C,0
2024-02-18,1637.78,Electronics,South,Store C,0
2024-02-18,1687.03,Electronics,East,Store B,0
2024-02-18,1919.33,Electronics,West,Store B,0
2024-02-18,1096.44,Fashion,North,Store C,0
2024-02-18,1241.18,Fashion,South,Store C,0
2024-02-18,1273.39,Fashion,East,Store B,0
2024-02-18,1402.94,Fashion,West,Store B,0
2024-02-18,1300.52,Home,North,Online,0
2024-02-18,1429.25,Home,South,Online,0
2024-02-18,1089.97,Home,East,Store C,0
2024-02-18,1219.38,Home,West,Store C,0
2024-02-19,1349.58,Grocery,North,Online,0
2024-02-19,1574.23,Grocery,South,Online,0
2024-02-19,1102.04,Grocery,East,Store C,0
2024-02-19,1257.49,Grocery,West,Store C,0
2024-02-19,1641.5,Electronics,North,Online,0
2024-02-19,1866.0,Electronics,South,Online,0
2024-02-19,1311.1,Electronics,East,Store C,0
2024-02-19,1510.15,Electronics,West,Store C,0
2024-02-19,1245.87,Fashion,North,Online,0
2024-02-19,1373.09,Fashion,South,Online,0
2024-02-19,987.26,Fashion,East,Store C,0
2024-02-19,1153.57,Fashion,West,Store C,0
2024-02-19,929.73,Home,North,Store A,0
2024-02-19,1089.38,Home,South,Store A,0
2024-02-19,1218.83,Home,East,Online,0
2024-02-19,1432.59,Home,West,Online,0
2024-02-20,1196.81,Grocery,North,Store A,0
2024-02-20,1314.48,Grocery,South,Store A,0
2024-02-20,1418.71,Grocery,East,Online,0
2024-02-20,1658.79,Grocery,West,Online,0
2024-02-20,1371.02,Electronics,North,Store A,0
2024-02-20,1598.85,Electronics,South,Store A,0
2024-02-20,1701.55,Electronics,East,Online,0
2024-02-20,2070.55,Electronics,West,Online,0
2024-02-20,1014.46,Fashion,North,Store A,0
2024-02-20,1123.85,Fashion,South,Store A,0
2024-02-20,1372.09,Fashion,East,Online,0
2024-02-20,1544.67,Fashion,West,Online,0
2024-02-20,848.16,Home,North,Store B,0
2024-02-20,957.7,Home,South,Store B,0
2024-02-20,1012.59,Home,East,Store A,0
2024-02-20,1246.66,Home,West,Store A,0
2024-02-21,1078.68,Grocery,North,Store B,0
2024-02-21,1241.24,Grocery,South,Store B,0
2024-02-21,1276.9,Grocery,East,Store A,0
2024-02-21,1342.09,Grocery,West,Store A,0
2024-02-21,1432.93,Electronics,North,Store B,0
2024-02-21,1642.38,Electronics,South,Store B,0
2024-02-21,1316.83,Electronics,East,Store A,0
2024-02-21,1729.52,Electronics,West,Store A,0
2024-02-21,968.01,Fashion,North,Store B,0
2024-02-21,1132.34,Fashion,South,Store B,0
2024-02-21,1091.73,Fashion,East,Store A,0
2024-02-21,1364.14,Fashion,West,Store A,0
2024-02-21,834.58,Home,North,Store C,0
2024-02-21,906.95,Home,South,Store C,0
2024-02-21,924.25,Home,East,Store B,0
2024-02-21,1133.53,Home,West,Store B,0
2024-02-22,969.94,Grocery,North,Store C,0
2024-02-22,1087.65,Grocery,South,Store C,0
2024-02-22,1259.07,Grocery,East,Store B,0
2024-02-22,1325.26,Grocery,West,Store B,0
2024-02-22,1238.01,Electronics,North,Store C,0
2024-02-22,1395.95,Electronics,South,Store C,0
2024-02-22,1413.4,Electronics,East,Store B,0
2024-02-22,1734.83,Electronics,West,Store B,0
2024-02-22,979.23,Fashion,North,Store C,0
2024-02-22,994.84,Fashion,South,Store C,0
2024-02-22,975.93,Fashion,East,Store B,0
2024-02-22,1223.35,Fashion,West,Store B,0
2024-02-22,1120.22,Home,North,Online,0
2024-02-22,1197.22,Home,South,Online,0
2024-02-22,922.97,Home,East,Store C,0
2024-02-22,979.41,Home,West,Store C,0
2024-02-23,1479.32,Grocery,North,Online,0
2024-02-23,1690.55,Grocery,South,Online,0
2024-02-23,1067.08,Grocery,East,Store C,0
2024-02-23,1303.38,Grocery,West,Store C,0
2024-02-23,1613.6,Electronics,North,Online,0
2024-02-23,1948.19,Electronics,South,Online,0
2024-02-23,1273.14,Electronics,East,Store C,0
2024-02-23,1479.62,Electronics,West,Store C,0
2024-02-23,1262.87,Fashion,North,Online,0
2024-02-23,1430.02,Fashion,South,Online,0
2024-02-23,971.26,Fashion,East,Store C,0
2024-02-23,1223.06,Fashion,West,Store C,0
2024-02-23,910.16,Home,North,Store A,0
2024-02-23,1180.63,Home,South,Store A,0
2024-02-23,1112.19,Home,East,Online,0
2024-02-23,1491.58,Home,West,Online,0
2024-02-24,1305.45,Grocery,North,Store A,0
2024-02-24,1549.57,Grocery,South,Store A,0
2024-02-24,1665.27,Grocery,East,Online,0
2024-02-24,1984.14,Grocery,West,Online,0
2024-02-24,1682.32,Electronics,North,Store A,0
2024-02-24,1947.3,Electronics,South,Store A,0
2024-02-24,2101.89,Electronics,East,Online,0
2024-02-24,2388.18,Electronics,West,Online,0
2024-02-24,1256.12,Fashion,North,Store A,0
2024-02-24,1375.29,Fashion,South,Store A,0
2024-02-24,1494.28,Fashion,East,Online,0
2024-02-24,1770.25,Fashion,West,Online,0
2024-02-24,1019.58,Home,North,Store B,0
2024-02-24,1201.71,Home,South,Store B,0
2024-02-24,1049.52,Home,East,Store A,0
2024-02-24,1364.21,Home,West,Store A,0
2024-02-25,1625.02,Grocery,North,Store B,1
2024-02-25,1816.55,Grocery,South,Store B,1
2024-02-25,1673.46,Grocery,East,Store A,1
2024-02-25,1942.09,Grocery,West,Store A,1
2024-02-25,1880.48,Electronics,North,Store B,1
2024-02-25,1984.3,Electronics,South,Store B,1
2024-02-25,2113.61,Electronics,East,Store A,1
2024-02-25,2417.8,Electronics,West,Store A,1
2024-02-25,1511.71,Fashion,North,Store B,1
2024-02-25,1511.14,Fashion,South,Store B,1
2024-02-25,1611.59,Fashion,East,Store A,1
2024-02-25,1842.3,Fashion,West,Store A,1
2024-02-25,1159.22,Home,North,Store C,1
2024-02-25,1264.92,Home,South,Store C,1
2024-02-25,1340.35,Home,East,Store B,1
2024-02-25,1584.94,Home,West,Store B,1
2024-02-26,1139.37,Grocery,North,Store C,0
2024-02-26,1240.62,Grocery,South,Store C,0
2024-02-26,1123.62,Grocery,East,Store B,0
2024-02-26,1313.45,Grocery,West,Store B,0
2024-02-26,1177.69,Electronics,North,Store C,0
2024-02-26,1507.26,Electronics,South,Store C,0
2024-02-26,1348.66,Electronics,East,Store B,0
2024-02-26,1728.45,Electronics,West,Store B,0
2024-02-26,981.83,Fashion,North,Store C,0
2024-02-26,1102.89,Fashion,South,Store C,0
2024-02-26,1041.42,Fashion,East,Store B,0
2024-02-26,1289.01,Fashion,West,Store B,0
2024-02-26,1140.85,Home,North,Online,0
2024-02-26,1279.29,Home,South,Online,0
2024-02-26,921.39,Home,East,Store C,0
2024-02-26,1037.4,Home,West,Store C,0
2024-02-27,1361.41,Grocery,North,Online,0
2024-02-27,1632.66,Grocery,South,Online,0
2024-02-27,1083.5,Grocery,East,Store C,0
2024-02-27,1313.57,Grocery,West,Store C,0
2024-02-27,1666.18,Electronics,North,Online,0
2024-02-27,1858.52,Electronics,South,Online,0
2024-02-27,1403.54,Electronics,East,Store C,0
2024-02-27,1633.44,Electronics,West,Store C,0
2024-02-27,1334.83,Fashion,North,Online,0
2024-02-27,1442.77,Fashion,South,Online,0
2024-02-27,978.38,Fashion,East,Store C,0
2024-02-27,1253.67,Fashion,West,Store C,0
2024-02-27,939.44,Home,North,Store A,0
2024-02-27,1056.73,Home,South,Store A,0
2024-02-27,1294.93,Home,East,Online,0
2024-02-27,1408.27,Home,West,Online,0
2024-02-28,1277.54,Grocery,North,Store A,0
2024-02-28,1266.6,Grocery,South,Store A,0
2024-02-28,1495.64,Grocery,East,Online,0
2024-02-28,1850.53,Grocery,West,Online,0
2024-02-28,1421.97,Electronics,North,Store A,0
2024-02-28,1602.25,Electronics,South,Store A,0
2024-02-28,1701.32,Electronics,East,Online,0
2024-02-28,2149.36,Electronics,West,Online,0
2024-02-28,1037.9,Fashion,North,Store A,0
2024-02-28,1224.44,Fashion,South,Store A,0
2024-02-28,1274.91,Fashion,East,Online,0
2024-02-28,1675.07,Fashion,West,Online,0
2024-02-28,968.35,Home,North,Store B,0
2024-02-28,1028.23,Home,South,Store B,0
2024-02-28,937.61,Home,East,Store A,0
2024-02-28,1269.44,Home,West,Store A,0
2024-02-29,1093.57,Grocery,North,Store B,0
2024-02-29,1206.93,Grocery,South,Store B,0
2024-02-29,1135.25,Grocery,East,Store A,0
2024-02-29,1422.96,Grocery,West,Store A,0
2024-02-29,1260.2,Electronics,North,Store B,0
2024-02-29,1491.3,Electronics,South,Store B,0
2024-02-29,1523.72,Electronics,East,Store A,0
2024-02-29,1734.48,Electronics,West,Store A,0
2024-02-29,1038.87,Fashion,North,Store B,0
2024-02-29,1120.5,Fashion,South,Store B,0
2024-02-29,1131.33,Fashion,East,Store A,0
2024-02-29,1440.54,Fashion,West,Store A,0
2024-02-29,831.42,Home,North,Store C,0
2024-02-29,989.36,Home,South,Store C,0
2024-02-29,858.51,Home,East,Store B,0
2024-02-29,1201.72,Home,West,Store B,0
2024-03-01,1088.92,Grocery,North,Store B,0
2024-03-01,1327.17,Grocery,South,Store B,0
2024-03-01,1227.03,Grocery,East,Store A,0
2024-03-01,1494.05,Grocery,West,Store A,0
2024-03-01,1378.89,Electronics,North,Store B,0
2024-03-01,1502.69,Electronics,South,Store B,0
2024-03-01,1544.8,Electronics,East,Store A,0
2024-03-01,1715.71,Electronics,West,Store A,0
2024-03-01,1063.45,Fashion,North,Store B,0
2024-03-01,1140.36,Fashion,South,Store B,0
2024-03-01,1148.47,Fashion,East,Store A,0
2024-03-01,1311.24,Fashion,West,Store A,0
2024-03-01,854.46,Home,North,Store C,0
2024-03-01,910.39,Home,South,Store C,0
2024-03-01,959.48,Home,East,Store B,0
2024-03-01,1122.02,Home,West,Store B,0
2024-03-02,1186.26,Grocery,North,Store C,0
2024-03-02,1381.11,Grocery,South,Store C,0
2024-03-02,1357.76,Grocery,East,Store B,0
2024-03-02,1564.52,Grocery,West,Store B,0
2024-03-02,1456.2,Electronics,North,Store C,0
2024-03-02,1610.34,Electronics,South,Store C,0
2024-03-02,1754.06,Electronics,East,Store B,0
2024-03-02,1981.77,Electronics,West,Store B,0
2024-03-02,1127.94,Fashion,North,Store C,0
2024-03-02,1331.3,Fashion,South,Store C,0
2024-03-02,1127.09,Fashion,East,Store B,0
2024-03-02,1322.29,Fashion,West,Store B,0
2024-03-02,1311.39,Home,North,Online,0
2024-03-02,1441.93,Home,South,Online,0
2024-03-02,1018.34,Home,East,Store C,0
2024-03-02,1232.1,Home,West,Store C,0
2024-03-03,1691.61,Grocery,North,Online,0
2024-03-03,1805.33,Grocery,South,Online,0
2024-03-03,1291.29,Grocery,East,Store C,0
2024-03-03,1503.24,Grocery,West,Store C,0
2024-03-03,1993.86,Electronics,North,Online,0
2024-03-03,2219.26,Electronics,South,Online,0
2024-03-03,1603.55,Electronics,East,Store C,0
2024-03-03,1802.34,Electronics,West,Store C,0
2024-03-03,1599.5,Fashion,North,Online,0
2024-03-03,1666.16,Fashion,South,Online,0
2024-03-03,1202.6,Fashion,East,Store C,0
2024-03-03,1371.85,Fashion,West,Store C,0
2024-03-03,1101.68,Home,North,Store A,0
2024-03-03,1309.34,Home,South,Store A,0
2024-03-03,1375.39,Home,East,Online,0
2024-03-03,1501.09,Home,West,Online,0
2024-03-04,1019.48,Grocery,North,Store A,0
2024-03-04,1422.21,Grocery,South,Store A,0
2024-03-04,1544.33,Grocery,East,Online,0
2024-03-04,1851.69,Grocery,West,Online,0
2024-03-04,1428.59,Electronics,North,Store A,0
2024-03-04,1556.17,Electronics,South,Store A,0
2024-03-04,1753.93,Electronics,East,Online,0
2024-03-04,2104.02,Electronics,West,Online,0
2024-03-04,1031.88,Fashion,North,Store A,0
2024-03-04,1328.31,Fashion,South,Store A,0
2024-03-04,1474.7,Fashion,East,Online,0
2024-03-04,1626.07,Fashion,West,Online,0
2024-03-04,910.11,Home,North,Store B,0
2024-03-04,965.43,Home,South,Store B,0
2024-03-04,1092.64,Home,East,Store A,0
2024-03-04,1196.85,Home,West,Store A,0
2024-03-05,1329.0,Grocery,North,Store B,1
2024-03-05,1557.37,Grocery,South,Store B,1
2024-03-05,1455.77,Grocery,East,Store A,1
2024-03-05,1769.37,Grocery,West,Store A,1
2024-03-05,1539.11,Electronics,North,Store B,1
2024-03-05,1902.07,Electronics,South,Store B,1
2024-03-05,1784.88,Electronics,East,Store A,1
2024-03-05,2183.25,Electronics,West,Store A,1
2024-03-05,1219.87,Fashion,North,Store B,1
2024-03-05,1393.68,Fashion,South,Store B,1
2024-03-05,1295.21,Fashion,East,Store A,1
2024-03-05,1653.81,Fashion,West,Store A,1
2024-03-05,979.0,Home,North,Store C,1
2024-03-05,1142.48,Home,South,Store C,1
2024-03-05,1140.78,Home,East,Store B,1
2024-03-05,1356.91,Home,West,Store B,1
2024-03-06,959.54,Grocery,North,Store C,0
2024-03-06,1186.36,Grocery,South,Store C,0
2024-03-06,1213.56,Grocery,East,Store B,0
2024-03-06,1363.88,Grocery,West,Store B,0
2024-03-06,1255.26,Electronics,North,Store C,0
2024-03-06,1451.87,Electronics,South,Store C,0
2024-03-06,1400.83,Electronics,East,Store B,0
2024-03-06,1609.64,Electronics,West,Store B,0
2024-03-06,962.11,Fashion,North,Store C,0
2024-03-06,1152.12,Fashion,South,Store C,0
2024-03-06,1012.87,Fashion,East,Store B,0
2024-03-06,1246.75,Fashion,West,Store B,0
2024-03-06,1079.08,Home,North,Online,0
2024-03-06,1366.59,Home,South,Online,0
2024-03-06,888.37,Home,East,Store C,0
2024-03-06,1010.8,Home,West,Store C,0
2024-03-07,1426.47,Grocery,North,Online,0
2024-03-07,1551.78,Grocery,South,Online,0
2024-03-07,1042.62,Grocery,East,Store C,0
2024-03-07,1221.1,Grocery,West,Store C,0
2024-03-07,1651.82,Electronics,North,Online,0
2024-03-07,2021.71,Electronics,South,Online,0
2024-03-07,1282.76,Electronics,East,Store C,0
2024-03-07,1591.74,Electronics,West,Store C,0
2024-03-07,1254.95,Fashion,North,Online,0
2024-03-07,1522.63,Fashion,South,Online,0
2024-03-07,949.85,Fashion,East,Store C,0
2024-03-07,1193.27,Fashion,West,Store C,0
2024-03-07,972.78,Home,North,Store A,0
2024-03-07,1232.04,Home,South,Store A,0
2024-03-07,1240.27,Home,East,Online,0
2024-03-07,1394.43,Home,West,Online,0
2024-03-08,1231.15,Grocery,North,Store A,0
2024-03-08,1476.13,Grocery,South,Store A,0
2024-03-08,1393.91,Grocery,East,Online,0
2024-03-08,1709.69,Grocery,West,Online,0
2024-03-08,1423.18,Electronics,North,Store A,0
2024-03-08,1611.9,Electronics,South,Store A,0
2024-03-08,1766.98,Electronics,East,Online,0
2024-03-08,2041.45,Electronics,West,Online,0
2024-03-08,1169.55,Fashion,North,Store A,0
2024-03-08,1165.15,Fashion,South,Store A,0
2024-03-08,1346.8,Fashion,East,Online,0
2024-03-08,1664.73,Fashion,West,Online,0
2024-03-08,913.28,Home,North,Store B,0
2024-03-08,987.61,Home,South,Store B,0
2024-03-08,938.1,Home,East,Store A,0
2024-03-08,1185.56,Home,West,Store A,0
2024-03-09,1264.34,Grocery,North,Store B,0
2024-03-09,1497.88,Grocery,South,Store B,0
2024-03-09,1367.83,Grocery,East,Store A,0
2024-03-09,1755.02,Grocery,West,Store A,0
2024-03-09,1577.95,Electronics,North,Store B,0
2024-03-09,1799.39,Electronics,South,Store B,0
2024-03-09,1818.05,Electronics,East,Store A,0
2024-03-09,2034.08,Electronics,West,Store A,0
2024-03-09,1155.38,Fashion,North,Store B,0
2024-03-09,1330.48,Fashion,South,Store B,0
2024-03-09,1311.87,Fashion,East,Store A,0
2024-03-09,1560.36,Fashion,West,Store A,0
2024-03-09,951.75,Home,North,Store C,0
2024-03-09,1024.11,Home,South,Store C,0
2024-03-09,1076.85,Home,East,Store B,0
2024-03-09,1330.95,Home,West,Store B,0
2024-03-10,1234.81,Grocery,North,Store C,0
2024-03-10,1463.02,Grocery,South,Store C,0
2024-03-10,1470.54,Grocery,East,Store B,0
2024-03-10,1655.1,Grocery,West,Store B,0
2024-03-10,1552.98,Electronics,North,Store C,0
2024-03-10,1723.37,Electronics,South,Store C,0
2024-03-10,1734.25,Electronics,East,Store B,0
2024-03-10,2043.27,Electronics,West,Store B,0
2024-03-10,1175.62,Fashion,North,Store C,0
2024-03-10,1317.51,Fashion,South,Store C,0
2024-03-10,1236.19,Fashion,East,Store B,0
2024-03-10,1474.34,Fashion,West,Store B,0
2024-03-10,1327.21,Home,North,Online,0
2024-03-10,1566.08,Home,South,Online,0
2024-03-10,1001.36,Home,East,Store C,0
2024-03-10,1221.67,Home,West,Store C,0
2024-03-11,1297.97,Grocery,North,Online,0
2024-03-11,1719.69,Grocery,South,Online,0
2024-03-11,1092.06,Grocery,East,Store C,0
2024-03-11,1332.05,Grocery,West,Store C,0
2024-03-11,1798.02,Electronics,North,Online,0
2024-03-11,1971.93,Electronics,South,Online,0
2024-03-11,1408.2,Electronics,East,Store C,0
2024-03-11,1504.53,Electronics,West,Store C,0
2024-03-11,1438.38,Fashion,North,Online,0
2024-03-11,1547.01,Fashion,South,Online,0
2024-03-11,1022.11,Fashion,East,Store C,0
2024-03-11,1274.61,Fashion,West,Store C,0
2024-03-11,909.77,Home,North,Store A,0
2024-03-11,1092.88,Home,South,Store A,0
2024-03-11,1290.21,Home,East,Online,0
2024-03-11,1330.48,Home,West,Online,0
2024-03-12,1229.28,Grocery,North,Store A,0
2024-03-12,1393.47,Grocery,South,Store A,0
2024-03-12,1598.04,Grocery,East,Online,0
2024-03-12,1676.29,Grocery,West,Online,0
2024-03-12,1530.73,Electronics,North,Store A,0
2024-03-12,1610.89,Electronics,South,Store A,0
2024-03-12,1768.14,Electronics,East,Online,0
2024-03-12,2054.79,Electronics,West,Online,0
2024-03-12,1037.06,Fashion,North,Store A,0
2024-03-12,1270.78,Fashion,South,Store A,0
2024-03-12,1302.3,Fashion,East,Online,0
2024-03-12,1654.63,Fashion,West,Online,0
2024-03-12,882.3,Home,North,Store B,0
2024-03-12,979.11,Home,South,Store B,0
2024-03-12,987.47,Home,East,Store A,0
2024-03-12,1221.73,Home,West,Store A,0
2024-03-13,1115.15,Grocery,North,Store B,0
2024-03-13,1288.61,Grocery,South,Store B,0
2024-03-13,1288.95,Grocery,East,Store A,0
2024-03-13,1539.9,Grocery,West,Store A,0
2024-03-13,1343.26,Electronics,North,Store B,0
2024-03-13,1491.01,Electronics,South,Store B,0
2024-03-13,1509.21,Electronics,East,Store A,0
2024-03-13,1807.35,Electronics,West,Store A,0
2024-03-13,954.26,Fashion,North,Store B,0
2024-03-13,1128.7,Fashion,South,Store B,0
2024-03-13,1105.11,Fashion,East,Store A,0
2024-03-13,1343.48,Fashion,West,Store A,0
2024-03-13,821.49,Home,North,Store C,0
2024-03-13,1021.63,Home,South,Store C,0
2024-03-13,870.5,Home,East,Store B,0
2024-03-13,1048.0,Home,West,Store B,0
2024-03-14,1043.82,Grocery,North,Store C,0
2024-03-14,1199.42,Grocery,South,Store C,0
2024-03-14,1099.6,Grocery,East,Store B,0
2024-03-14,1362.89,Grocery,West,Store B,0
2024-03-14,1256.16,Electronics,North,Store C,0
2024-03-14,1433.36,Electronics,South,Store C,0
2024-03-14,1427.88,Electronics,East,Store B,0
2024-03-14,1643.86,Electronics,West,Store B,0
2024-03-14,1053.45,Fashion,North,Store C,0
2024-03-14,1133.47,Fashion,South,Store C,0
2024-03-14,1035.25,Fashion,East,Store B,0
2024-03-14,1283.14,Fashion,West,Store B,0
2024-03-14,1171.54,Home,North,Online,0
2024-03-14,1392.61,Home,South,Online,0
2024-03-14,867.9,Home,East,Store C,0
2024-03-14,1108.6,Home,West,Store C,0
2024-03-15,1721.82,Grocery,North,Online,1
2024-03-15,2039.36,Grocery,South,Online,1
2024-03-15,1401.06,Grocery,East,Store C,1
2024-03-15,1585.19,Grocery,West,Store C,1
2024-03-15,2054.82,Electronics,North,Online,1
2024-03-15,2383.29,Electronics,South,Online,1
2024-03-15,1590.65,Electronics,East,Store C,1
2024-03-15,1986.98,Electronics,West,Store C,1
2024-03-15,1578.11,Fashion,North,Online,1
2024-03-15,1769.14,Fashion,South,Online,1
2024-03-15,1192.06,Fashion,East,Store C,1
2024-03-15,1374.22,Fashion,West,Store C,1
2024-03-15,1203.91,Home,North,Store A,1
2024-03-15,1290.46,Home,South,Store A,1
2024-03-15,1518.86,Home,East,Online,1
2024-03-15,1655.23,Home,West,Online,1
2024-03-16,1402.32,Grocery,North,Store A,0
2024-03-16,1651.55,Grocery,South,Store A,0
2024-03-16,1616.07,Grocery,East,Online,0
2024-03-16,2164.02,Grocery,West,Online,0
2024-03-16,1655.72,Electronics,North,Store A,0
2024-03-16,1919.09,Electronics,South,Store A,0
2024-03-16,2118.64,Electronics,East,Online,0
2024-03-16,2510.51,Electronics,West,Online,0
2024-03-16,1292.14,Fashion,North,Store A,0
2024-03-16,1508.54,Fashion,South,Store A,0
2024-03-16,1616.01,Fashion,East,Online,0
2024-03-16,1975.88,Fashion,West,Online,0
2024-03-16,1098.41,Home,North,Store B,0
2024-03-16,1325.67,Home,South,Store B,0
2024-03-16,1233.04,Home,East,Store A,0
2024-03-16,1301.54,Home,West,Store A,0
2024-03-17,1459.54,Grocery,North,Store B,0
2024-03-17,1466.33,Grocery,South,Store B,0
2024-03-17,1538.17,Grocery,East,Store A,0
2024-03-17,1724.8,Grocery,West,Store A,0
2024-03-17,1641.93,Electronics,North,Store B,0
2024-03-17,1764.71,Electronics,South,Store B,0
2024-03-17,1786.45,Electronics,East,Store A,0
2024-03-17,2059.91,Electronics,West,Store A,0
2024-03-17,1291.25,Fashion,North,Store B,0
2024-03-17,1395.1,Fashion,South,Store B,0
2024-03-17,1384.01,Fashion,East,Store A,0
2024-03-17,1458.26,Fashion,West,Store A,0
2024-03-17,1000.33,Home,North,Store C,0
2024-03-17,1166.61,Home,South,Store C,0
2024-03-17,1128.44,Home,East,Store B,0
2024-03-17,1374.01,Home,West,Store B,0
2024-03-18,1045.7,Grocery,North,Store C,0
2024-03-18,1215.91,Grocery,South,Store C,0
2024-03-18,1248.62,Grocery,East,Store B,0
2024-03-18,1275.73,Grocery,West,Store B,0
2024-03-18,1315.02,Electronics,North,Store C,0
2024-03-18,1441.62,Electronics,South,Store C,0
2024-03-18,1374.21,Electronics,East,Store B,0
2024-03-18,1704.52,Electronics,West,Store B,0
2024-03-18,1043.01,Fashion,North,Store C,0
2024-03-18,1167.56,Fashion,South,Store C,0
2024-03-18,1075.91,Fashion,East,Store B,0
2024-03-18,1330.49,Fashion,West,Store B,0
2024-03-18,1216.46,Home,North,Online,0
2024-03-18,1325.54,Home,South,Online,0
2024-03-18,865.89,Home,East,Store C,0
2024-03-18,1035.12,Home,West,Store C,0
2024-03-19,1483.75,Grocery,North,Online,0
2024-03-19,1634.17,Grocery,South,Online,0
2024-03-19,1054.51,Grocery,East,Store C,0
2024-03-19,1223.63,Grocery,West,Store C,0
2024-03-19,1775.82,Electronics,North,Online,0
2024-03-19,1939.27,Electronics,South,Online,0
2024-03-19,1356.4,Electronics,East,Store C,0
2024-03-19,1652.2,Electronics,West,Store C,0
2024-03-19,1243.84,Fashion,North,Online,0
2024-03-19,1495.32,Fashion,South,Online,0
2024-03-19,1008.42,Fashion,East,Store C,0
2024-03-19,1225.63,Fashion,West,Store C,0
2024-03-19,1049.13,Home,North,Store A,0
2024-03-19,1043.52,Home,South,Store A,0
2024-03-19,1250.74,Home,East,Online,0
2024-03-19,1500.1,Home,West,Online,0
2024-03-20,1196.43,Grocery,North,Store A,0
2024-03-20,1366.01,Grocery,South,Store A,0
2024-03-20,1522.98,Grocery,East,Online,0
2024-03-20,1794.43,Grocery,West,Online,0
2024-03-20,1484.14,Electronics,North,Store A,0
2024-03-20,1683.81,Electronics,South,Store A,0
2024-03-20,1751.03,Electronics,East,Online,0
2024-03-20,2191.04,Electronics,West,Online,0
2024-03-20,1168.6,Fashion,North,Store A,0
2024-03-20,1267.4,Fashion,South,Store A,0
2024-03-20,1290.67,Fashion,East,Online,0
2024-03-20,1618.69,Fashion,West,Online,0
2024-03-20,935.77,Home,North,Store B,0
2024-03-20,990.06,Home,South,Store B,0
2024-03-20,1003.68,Home,East,Store A,0
2024-03-20,1133.96,Home,West,Store A,0
2024-03-21,1171.28,Grocery,North,Store B,0
2024-03-21,1304.38,Grocery,South,Store B,0
2024-03-21,1168.42,Grocery,East,Store A,0
2024-03-21,1509.5,Grocery,West,Store A,0
2024-03-21,1366.21,Electronics,North,Store B,0
2024-03-21,1587.09,Electronics,South,Store B,0
2024-03-21,1493.45,Electronics,East,Store A,0
2024-03-21,1749.17,Electronics,West,Store A,0
2024-03-21,999.05,Fashion,North,Store B,0
2024-03-21,1155.88,Fashion,South,Store B,0
2024-03-21,1153.28,Fashion,East,Store A,0
2024-03-21,1372.02,Fashion,West,Store A,0
2024-03-21,858.57,Home,North,Store C,0
2024-03-21,965.96,Home,South,Store C,0
2024-03-21,945.8,Home,East,Store B,0
2024-03-21,1280.32,Home,West,Store B,0
2024-03-22,1026.56,Grocery,North,Store C,0
2024-03-22,1186.09,Grocery,South,Store C,0
2024-03-22,1368.28,Grocery,East,Store B,0
2024-03-22,1428.31,Grocery,West,Store B,0
2024-03-22,1210.46,Electronics,North,Store C,0
2024-03-22,1510.61,Electronics,South,Store C,0
2024-03-22,1378.51,Electronics,East,Store B,0
2024-03-22,1740.95,Electronics,West,Store B,0
2024-03-22,966.75,Fashion,North,Store C,0
2024-03-22,1089.47,Fashion,South,Store C,0
2024-03-22,1175.01,Fashion,East,Store B,0
2024-03-22,1317.23,Fashion,West,Store B,0
2024-03-22,1225.65,Home,North,Online,0
2024-03-22,1358.16,Home,South,Online,0
2024-03-22,882.21,Home,East,Store C,0
2024-03-22,1106.81,Home,West,Store C,0
2024-03-23,1738.87,Grocery,North,Online,0
2024-03-23,1911.06,Grocery,South,Online,0
2024-03-23,1392.68,Grocery,East,Store C,0
2024-03-23,1577.96,Grocery,West,Store C,0
2024-03-23,2024.16,Electronics,North,Online,0
2024-03-23,2304.66,Electronics,South,Online,0
2024-03-23,1564.24,Electronics,East,Store C,0
2024-03-23,1773.79,Electronics,West,Store C,0
2024-03-23,1525.68,Fashion,North,Online,0
2024-03-23,1754.49,Fashion,South,Online,0
2024-03-23,1161.07,Fashion,East,Store C,0
2024-03-23,1419.99,Fashion,West,Store C,0
2024-03-23,1142.29,Home,North,Store A,0
2024-03-23,1341.49,Home,South,Store A,0
2024-03-23,1454.93,Home,East,Online,0
2024-03-23,1688.19,Home,West,Online,0
2024-03-24,1328.3,Grocery,North,Store A,0
2024-03-24,1696.09,Grocery,South,Store A,0
2024-03-24,1736.81,Grocery,East,Online,0
2024-03-24,2060.6,Grocery,West,Online,0
2024-03-24,1670.12,Electronics,North,Store A,0
2024-03-24,1895.67,Electronics,South,Store A,0
2024-03-24,2184.37,Electronics,East,Online,0
2024-03-24,2561.29,Electronics,West,Online,0
2024-03-24,1309.0,Fashion,North,Store A,0
2024-03-24,1456.3,Fashion,South,Store A,0
2024-03-24,1630.81,Fashion,East,Online,0
2024-03-24,1894.1,Fashion,West,Online,0
2024-03-24,1065.49,Home,North,Store B,0
2024-03-24,1243.35,Home,South,Store B,0
2024-03-24,1166.15,Home,East,Store A,0
2024-03-24,1422.94,Home,West,Store A,0
2024-03-25,1380.17,Grocery,North,Store B,1
2024-03-25,1591.42,Grocery,South,Store B,1
2024-03-25,1480.52,Grocery,East,Store A,1
2024-03-25,1831.81,Grocery,West,Store A,1
2024-03-25,1597.52,Electronics,North,Store B,1
2024-03-25,1843.7,Electronics,South,Store B,1
2024-03-25,1793.52,Electronics,East,Store A,1
2024-03-25,2098.42,Electronics,West,Store A,1
2024-03-25,1308.79,Fashion,North,Store B,1
2024-03-25,1372.9,Fashion,South,Store B,1
2024-03-25,1347.77,Fashion,East,Store A,1
2024-03-25,1709.87,Fashion,West,Store A,1
2024-03-25,1014.14,Home,North,Store C,1
2024-03-25,1179.77,Home,South,Store C,1
2024-03-25,1105.44,Home,East,Store B,1
2024-03-25,1420.18,Home,West,Store B,1
2024-03-26,1118.1,Grocery,North,Store C,0
2024-03-26,1260.37,Grocery,South,Store C,0
2024-03-26,1219.55,Grocery,East,Store B,0
2024-03-26,1412.6,Grocery,West,Store B,0
2024-03-26,1260.63,Electronics,North,Store C,0
2024-03-26,1422.98,Electronics,South,Store C,0
2024-03-26,1502.96,Electronics,East,Store B,0
2024-03-26,1737.11,Electronics,West,Store B,0
2024-03-26,942.59,Fashion,North,Store C,0
2024-03-26,1118.55,Fashion,South,Store C,0
2024-03-26,1072.63,Fashion,East,Store B,0
2024-03-26,1227.13,Fashion,West,Store B,0
2024-03-26,1184.75,Home,North,Online,0
2024-03-26,1314.62,Home,South,Online,0
2024-03-26,856.46,Home,East,Store C,0
2024-03-26,994.43,Home,West,Store C,0
2024-03-27,1358.99,Grocery,North,Online,0
2024-03-27,1624.41,Grocery,South,Online,0
2024-03-27,1113.04,Grocery,East,Store C,0
2024-03-27,1274.87,Grocery,West,Store C,0
2024-03-27,1774.69,Electronics,North,Online,0
2024-03-27,1975.78,Electronics,South,Online,0
2024-03-27,1376.78,Electronics,East,Store C,0
2024-03-27,1582.04,Electronics,West,Store C,0
2024-03-27,1279.25,Fashion,North,Online,0
2024-03-27,1511.72,Fashion,South,Online,0
2024-03-27,953.55,Fashion,East,Store C,0
2024-03-27,1240.56,Fashion,West,Store C,0
2024-03-27,934.44,Home,North,Store A,0
2024-03-27,1172.84,Home,South,Store A,0
2024-03-27,1207.0,Home,East,Online,0
2024-03-27,1509.17,Home,West,Online,0
2024-03-28,1150.79,Grocery,North,Store A,0
2024-03-28,1342.94,Grocery,South,Store A,0
2024-03-28,1528.18,Grocery,East,Online,0
2024-03-28,1848.45,Grocery,West,Online,0
2024-03-28,1550.81,Electronics,North,Store A,0
2024-03-28,1663.22,Electronics,South,Store A,0
2024-03-28,1914.86,Electronics,East,Online,0
2024-03-28,2131.0,Electronics,West,Online,0
2024-03-28,1170.21,Fashion,North,Store A,0
2024-03-28,1211.43,Fashion,South,Store A,0
2024-03-28,1402.61,Fashion,East,Online,0
2024-03-28,1504.08,Fashion,West,Online,0
2024-03-28,867.87,Home,North,Store B,0
2024-03-28,1083.78,Home,South,Store B,0
2024-03-28,956.26,Home,East,Store A,0
2024-03-28,1240.82,Home,West,Store A,0
2024-03-29,1192.96,Grocery,North,Store B,0
2024-03-29,1273.62,Grocery,South,Store B,0
2024-03-29,1211.42,Grocery,East,Store A,0
2024-03-29,1470.93,Grocery,West,Store A,0
2024-03-29,1322.48,Electronics,North,Store B,0
2024-03-29,1560.28,Electronics,South,Store B,0
2024-03-29,1527.56,Electronics,East,Store A,0
2024-03-29,1784.65,Electronics,West,Store A,0
2024-03-29,1138.32,Fashion,North,Store B,0
2024-03-29,1151.36,Fashion,South,Store B,0
2024-03-29,1234.06,Fashion,East,Store A,0
2024-03-29,1312.87,Fashion,West,Store A,0
2024-03-29,877.05,Home,North,Store C,0
2024-03-29,1058.86,Home,South,Store C,0
2024-03-29,1031.78,Home,East,Store B,0
2024-03-29,1124.53,Home,West,Store B,0
2024-03-30,1275.88,Grocery,North,Store C,0
2024-03-30,1440.75,Grocery,South,Store C,0
2024-03-30,1353.32,Grocery,East,Store B,0
2024-03-30,1670.92,Grocery,West,Store B,0
2024-03-30,1601.08,Electronics,North,Store C,0
2024-03-30,1731.85,Electronics,South,Store C,0
2024-03-30,1695.46,Electronics,East,Store B,0
2024-03-30,2006.97,Electronics,West,Store B,0
2024-03-30,1059.46,Fashion,North,Store C,0
2024-03-30,1322.76,Fashion,South,Store C,0
2024-03-30,1209.89,Fashion,East,Store B,0
2024-03-30,1465.87,Fashion,West,Store B,0
2024-03-30,1484.48,Home,North,Online,0
2024-03-30,1540.5,Home,South,Online,0
2024-03-30,1015.57,Home,East,Store C,0
2024-03-30,1313.68,Home,West,Store C,0
2024-03-31,1627.06,Grocery,North,Online,0
2024-03-31,1886.81,Grocery,South,Online,0
2024-03-31,1367.56,Grocery,East,Store C,0
2024-03-31,1539.78,Grocery,West,Store C,0
2024-03-31,1934.83,Electronics,North,Online,0
2024-03-31,2330.09,Electronics,South,Online,0
2024-03-31,1541.23,Electronics,East,Store C,0
2024-03-31,1934.82,Electronics,West,Store C,0
2024-03-31,1503.54,Fashion,North,Online,0
2024-03-31,1807.25,Fashion,South,Online,0
2024-03-31,1286.45,Fashion,East,Store C,0
2024-03-31,1360.34,Fashion,West,Store C,0
2024-03-31,1135.15,Home,North,Store A,0
2024-03-31,1325.61,Home,South,Store A,0
2024-03-31,1377.1,Home,East,Online,0
2024-03-31,1700.71,Home,West,Online,0
2024-04-01,1132.1,Grocery,North,Store B,0
2024-04-01,1289.27,Grocery,South,Store B,0
2024-04-01,1268.91,Grocery,East,Store A,0
2024-04-01,1502.71,Grocery,West,Store A,0
2024-04-01,1386.26,Electronics,North,Store B,0
2024-04-01,1534.78,Electronics,South,Store B,0
2024-04-01,1493.22,Electronics,East,Store A,0
2024-04-01,1797.11,Electronics,West,Store A,0
2024-04-01,1254.51,Fashion,North,Store B,1
2024-04-01,1406.68,Fashion,South,Store B,1
2024-04-01,1408.51,Fashion,East,Store A,1
2024-04-01,1546.32,Fashion,West,Store A,1
2024-04-01,833.91,Home,North,Store C,0
2024-04-01,979.58,Home,South,Store C,0
2024-04-01,923.63,Home,East,Store B,0
2024-04-01,1238.61,Home,West,Store B,0
2024-04-02,1075.79,Grocery,North,Store C,0
2024-04-02,1233.12,Grocery,South,Store C,0
2024-04-02,1166.99,Grocery,East,Store B,0
2024-04-02,1411.93,Grocery,West,Store B,0
2024-04-02,1226.51,Electronics,North,Store C,0
2024-04-02,1462.88,Electronics,South,Store C,0
2024-04-02,1384.79,Electronics,East,Store B,0
2024-04-02,1684.88,Electronics,West,Store B,0
2024-04-02,1039.62,Fashion,North,Store C,1
2024-04-02,1281.62,Fashion,South,Store C,1
2024-04-02,1391.42,Fashion,East,Store B,1
2024-04-02,1597.35,Fashion,West,Store B,1
2024-04-02,1251.06,Home,North,Online,0
2024-04-02,1417.82,Home,South,Online,0
2024-04-02,948.6,Home,East,Store C,0
2024-04-02,1054.11,Home,West,Store C,0
2024-04-03,1391.97,Grocery,North,Online,0
2024-04-03,1712.49,Grocery,South,Online,0
2024-04-03,1124.38,Grocery,East,Store C,0
2024-04-03,1463.87,Grocery,West,Store C,0
2024-04-03,1723.66,Electronics,North,Online,0
2024-04-03,2093.4,Electronics,South,Online,0
2024-04-03,1340.17,Electronics,East,Store C,0
2024-04-03,1670.02,Electronics,West,Store C,0
2024-04-03,1684.79,Fashion,North,Online,1
2024-04-03,1755.3,Fashion,South,Online,1
2024-04-03,1204.34,Fashion,East,Store C,1
2024-04-03,1400.3,Fashion,West,Store C,1
2024-04-03,921.08,Home,North,Store A,0
2024-04-03,1162.15,Home,South,Store A,0
2024-04-03,1218.22,Home,East,Online,0
2024-04-03,1457.65,Home,West,Online,0
2024-04-04,1246.23,Grocery,North,Store A,0
2024-04-04,1281.6,Grocery,South,Store A,0
2024-04-04,1581.86,Grocery,East,Online,0
2024-04-04,1769.44,Grocery,West,Online,0
2024-04-04,1492.17,Electronics,North,Store A,0
2024-04-04,1699.34,Electronics,South,Store A,0
2024-04-04,1893.83,Electronics,East,Online,0
2024-04-04,2146.66,Electronics,West,Online,0
2024-04-04,1218.34,Fashion,North,Store A,1
2024-04-04,1522.93,Fashion,South,Store A,1
2024-04-04,1670.68,Fashion,East,Online,1
2024-04-04,1907.59,Fashion,West,Online,1
2024-04-04,940.05,Home,North,Store B,0
2024-04-04,1040.96,Home,South,Store B,0
2024-04-04,957.23,Home,East,Store A,0
2024-04-04,1257.39,Home,West,Store A,0
2024-04-05,1343.93,Grocery,North,Store B,1
2024-04-05,1542.73,Grocery,South,Store B,1
2024-04-05,1495.76,Grocery,East,Store A,1
2024-04-05,1868.56,Grocery,West,Store A,1
2024-04-05,1652.33,Electronics,North,Store B,1
2024-04-05,1887.76,Electronics,South,Store B,1
2024-04-05,1806.36,Electronics,East,Store A,1
2024-04-05,2192.29,Electronics,West,Store A,1
2024-04-05,1332.63,Fashion,North,Store B,1
2024-04-05,1468.08,Fashion,South,Store B,1
2024-04-05,1430.06,Fashion,East,Store A,1
2024-04-05,1681.36,Fashion,West,Store A,1
2024-04-05,974.19,Home,North,Store C,1
2024-04-05,1147.15,Home,South,Store C,1
2024-04-05,1154.91,Home,East,Store B,1
2024-04-05,1340.46,Home,West,Store B,1
2024-04-06,1189.44,Grocery,North,Store C,0
2024-04-06,1317.61,Grocery,South,Store C,0
2024-04-06,1311.89,Grocery,East,Store B,0
2024-04-06,1626.4,Grocery,West,Store B,0
2024-04-06,1497.99,Electronics,North,Store C,0
2024-04-06,1665.89,Electronics,South,Store C,0
2024-04-06,1672.17,Electronics,East,Store B,0
2024-04-06,1950.31,Electronics,West,Store B,0
2024-04-06,1430.65,Fashion,North,Store C,1
2024-04-06,1551.34,Fashion,South,Store C,1
2024-04-06,1560.49,Fashion,East,Store B,1
2024-04-06,1812.95,Fashion,West,Store B,1
2024-04-06,1291.35,Home,North,Online,0
2024-04-06,1552.73,Home,South,Online,0
2024-04-06,990.56,Home,East,Store C,0
2024-04-06,1246.99,Home,West,Store C,0
2024-04-07,1641.38,Grocery,North,Online,0
2024-04-07,1936.04,Grocery,South,Online,0
2024-04-07,1227.49,Grocery,East,Store C,0
2024-04-07,1541.14,Grocery,West,Store C,0
2024-04-07,2056.02,Electronics,North,Online,0
2024-04-07,2354.44,Electronics,South,Online,0
2024-04-07,1523.96,Electronics,East,Store C,0
2024-04-07,1854.6,Electronics,West,Store C,0
2024-04-07,1857.87,Fashion,North,Online,1
2024-04-07,2188.38,Fashion,South,Online,1
2024-04-07,1347.77,Fashion,East,Store C,1
2024-04-07,1641.65,Fashion,West,Store C,1
2024-04-07,1302.19,Home,North,Store A,0
2024-04-07,1291.68,Home,South,Store A,0
2024-04-07,1322.94,Home,East,Online,0
2024-04-07,1656.99,Home,West,Online,0
2024-04-08,1064.28,Grocery,North,Store A,0
2024-04-08,1398.06,Grocery,South,Store A,0
2024-04-08,1556.78,Grocery,East,Online,0
2024-04-08,1739.86,Grocery,West,Online,0
2024-04-08,1438.11,Electronics,North,Store A,0
2024-04-08,1717.27,Electronics,South,Store A,0
2024-04-08,1723.56,Electronics,East,Online,0
2024-04-08,2081.38,Electronics,West,Online,0
2024-04-08,1323.61,Fashion,North,Store A,1
2024-04-08,1479.57,Fashion,South,Store A,1
2024-04-08,1644.74,Fashion,East,Online,1
2024-04-08,1896.46,Fashion,West,Online,1
2024-04-08,944.43,Home,North,Store B,0
2024-04-08,1053.42,Home,South,Store B,0
2024-04-08,1062.07,Home,East,Store A,0
2024-04-08,1232.41,Home,West,Store A,0
2024-04-09,1157.87,Grocery,North,Store B,0
2024-04-09,1225.52,Grocery,South,Store B,0
2024-04-09,1295.57,Grocery,East,Store A,0
2024-04-09,1483.26,Grocery,West,Store A,0
2024-04-09,1370.53,Electronics,North,Store B,0
2024-04-09,1628.16,Electronics,South,Store B,0
2024-04-09,1486.9,Electronics,East,Store A,0
2024-04-09,1881.15,Electronics,West,Store A,0
2024-04-09,1338.66,Fashion,North,Store B,1
2024-04-09,1474.76,Fashion,South,Store B,1
2024-04-09,1339.24,Fashion,East,Store A,1
2024-04-09,1528.81,Fashion,West,Store A,1
2024-04-09,934.98,Home,North,Store C,0
2024-04-09,1002.87,Home,South,Store C,0
2024-04-09,931.46,Home,East,Store B,0
2024-04-09,1215.6,Home,West,Store B,0
2024-04-10,1029.01,Grocery,North,Store C,0
2024-04-10,1201.93,Grocery,South,Store C,0
2024-04-10,1224.26,Grocery,East,Store B,0
2024-04-10,1353.7,Grocery,West,Store B,0
2024-04-10,1289.3,Electronics,North,Store C,0
2024-04-10,1534.37,Electronics,South,Store C,0
2024-04-10,1450.13,Electronics,East,Store B,0
2024-04-10,1771.34,Electronics,West,Store B,0
2024-04-10,1244.56,Fashion,North,Store C,1
2024-04-10,1346.13,Fashion,South,Store C,1
2024-04-10,1184.38,Fashion,East,Store B,1
2024-04-10,1493.23,Fashion,West,Store B,1
2024-04-10,1222.29,Home,North,Online,0
2024-04-10,1258.28,Home,South,Online,0
2024-04-10,895.01,Home,East,Store C,0
2024-04-10,1099.28,Home,West,Store C,0
2024-04-11,1531.69,Grocery,North,Online,0
2024-04-11,1619.89,Grocery,South,Online,0
2024-04-11,1086.86,Grocery,East,Store C,0
2024-04-11,1325.5,Grocery,West,Store C,0
2024-04-11,1765.26,Electronics,North,Online,0
2024-04-11,1978.93,Electronics,South,Online,0
2024-04-11,1408.22,Electronics,East,Store C,0
2024-04-11,1554.61,Electronics,West,Store C,0
2024-04-11,1600.1,Fashion,North,Online,1
2024-04-11,1838.35,Fashion,South,Online,1
2024-04-11,1210.56,Fashion,East,Store C,1
2024-04-11,1505.15,Fashion,West,Store C,1
2024-04-11,998.18,Home,North,Store A,0
2024-04-11,1170.28,Home,South,Store A,0
2024-04-11,1241.27,Home,East,Online,0
2024-04-11,1477.32,Home,West,Online,0
2024-04-12,1182.09,Grocery,North,Store A,0
2024-04-12,1350.47,Grocery,South,Store A,0
2024-04-12,1579.97,Grocery,East,Online,0
2024-04-12,1825.41,Grocery,West,Online,0
2024-04-12,1408.11,Electronics,North,Store A,0
2024-04-12,1676.84,Electronics,South,Store A,0
2024-04-12,1689.72,Electronics,East,Online,0
2024-04-12,2123.05,Electronics,West,Online,0
2024-04-12,1389.35,Fashion,North,Store A,1
2024-04-12,1514.45,Fashion,South,Store A,1
2024-04-12,1667.81,Fashion,East,Online,1
2024-04-12,1800.57,Fashion,West,Online,1
2024-04-12,911.31,Home,North,Store B,0
2024-04-12,1080.5,Home,South,Store B,0
2024-04-12,1057.72,Home,East,Store A,0
2024-04-12,1274.63,Home,West,Store A,0
2024-04-13,1318.55,Grocery,North,Store B,0
2024-04-13,1504.96,Grocery,South,Store B,0
2024-04-13,1398.35,Grocery,East,Store A,0
2024-04-13,1730.67,Grocery,West,Store A,0
2024-04-13,1531.26,Electronics,North,Store B,0
2024-04-13,1720.38,Electronics,South,Store B,0
2024-04-13,1711.24,Electronics,East,Store A,0
2024-04-13,2179.18,Electronics,West,Store A,0
2024-04-13,1445.99,Fashion,North,Store B,1
2024-04-13,1675.0,Fashion,South,Store B,1
2024-04-13,1588.04,Fashion,East,Store A,1
2024-04-13,1814.67,Fashion,West,Store A,1
2024-04-13,1067.36,Home,North,Store C,0
2024-04-13,1036.9,Home,South,Store C,0
2024-04-13,1097.66,Home,East,Store B,0
2024-04-13,1332.39,Home,West,Store B,0
2024-04-14,1261.3,Grocery,North,Store C,0
2024-04-14,1381.35,Grocery,South,Store C,0
2024-04-14,1285.56,Grocery,East,Store B,0
2024-04-14,1597.28,Grocery,West,Store B,0
2024-04-14,1461.4,Electronics,North,Store C,0
2024-04-14,1667.86,Electronics,South,Store C,0
2024-04-14,1722.04,Electronics,East,Store B,0
2024-04-14,1908.43,Electronics,West,Store B,0
2024-04-14,1387.92,Fashion,North,Store C,1
2024-04-14,1569.73,Fashion,South,Store C,1
2024-04-14,1575.79,Fashion,East,Store B,1
2024-04-14,1795.37,Fashion,West,Store B,1
2024-04-14,1412.67,Home,North,Online,0
2024-04-14,1549.04,Home,South,Online,0
2024-04-14,1082.95,Home,East,Store C,0
2024-04-14,1170.91,Home,West,Store C,0
2024-04-15,1595.72,Grocery,North,Online,1
2024-04-15,2002.34,Grocery,South,Online,1
2024-04-15,1370.25,Grocery,East,Store C,1
2024-04-15,1620.01,Grocery,West,Store C,1
2024-04-15,2066.02,Electronics,North,Online,1
2024-04-15,2466.54,Electronics,South,Online,1
2024-04-15,1595.12,Electronics,East,Store C,1
2024-04-15,1941.19,Electronics,West,Store C,1
2024-04-15,1626.0,Fashion,North,Online,1
2024-04-15,1908.17,Fashion,South,Online,1
2024-04-15,1214.99,Fashion,East,Store C,1
2024-04-15,1422.86,Fashion,West,Store C,1
2024-04-15,1105.43,Home,North,Store A,1
2024-04-15,1437.49,Home,South,Store A,1
2024-04-15,1499.71,Home,East,Online,1
2024-04-15,1772.65,Home,West,Online,1
2024-04-16,1387.99,Grocery,North,Store A,0
2024-04-16,1402.7,Grocery,South,Store A,0
2024-04-16,1440.62,Grocery,East,Online,0
2024-04-16,1779.24,Grocery,West,Online,0
2024-04-16,1410.4,Electronics,North,Store A,0
2024-04-16,1644.71,Electronics,South,Store A,0
2024-04-16,1797.69,Electronics,East,Online,0
2024-04-16,2121.8,Electronics,West,Online,0
2024-04-16,1259.54,Fashion,North,Store A,1
2024-04-16,1608.54,Fashion,South,Store A,1
2024-04-16,1677.35,Fashion,East,Online,1
2024-04-16,1953.58,Fashion,West,Online,1
2024-04-16,974.32,Home,North,Store B,0
2024-04-16,1087.54,Home,South,Store B,0
2024-04-16,1047.03,Home,East,Store A,0
2024-04-16,1259.07,Home,West,Store A,0
2024-04-17,1153.59,Grocery,North,Store B,0
2024-04-17,1341.61,Grocery,South,Store B,0
2024-04-17,1309.58,Grocery,East,Store A,0
2024-04-17,1510.04,Grocery,West,Store A,0
2024-04-17,1367.23,Electronics,North,Store B,0
2024-04-17,1654.29,Electronics,South,Store B,0
2024-04-17,1499.81,Electronics,East,Store A,0
2024-04-17,1827.92,Electronics,West,Store A,0
2024-04-17,1281.67,Fashion,North,Store B,1
2024-04-17,1399.48,Fashion,South,Store B,1
2024-04-17,1348.4,Fashion,East,Store A,1
2024-04-17,1629.19,Fashion,West,Store A,1
2024-04-17,848.36,Home,North,Store C,0
2024-04-17,916.3,Home,South,Store C,0
2024-04-17,936.37,Home,East,Store B,0
2024-04-17,1165.41,Home,West,Store B,0
2024-04-18,1145.49,Grocery,North,Store C,0
2024-04-18,1255.14,Grocery,South,Store C,0
2024-04-18,1051.82,Grocery,East,Store B,0
2024-04-18,1449.52,Grocery,West,Store B,0
2024-04-18,1263.98,Electronics,North,Store C,0
2024-04-18,1498.65,Electronics,South,Store C,0
2024-04-18,1437.03,Electronics,East,Store B,0
2024-04-18,1691.29,Electronics,West,Store B,0
2024-04-18,1176.0,Fashion,North,Store C,1
2024-04-18,1343.81,Fashion,South,Store C,1
2024-04-18,1386.19,Fashion,East,Store B,1
2024-04-18,1552.19,Fashion,West,Store B,1
2024-04-18,1239.43,Home,North,Online,0
2024-04-18,1394.57,Home,South,Online,0
2024-04-18,949.21,Home,East,Store C,0
2024-04-18,981.87,Home,West,Store C,0
2024-04-19,1511.2,Grocery,North,Online,0
2024-04-19,1625.1,Grocery,South,Online,0
2024-04-19,1160.78,Grocery,East,Store C,0
2024-04-19,1273.9,Grocery,West,Store C,0
2024-04-19,1679.47,Electronics,North,Online,0
2024-04-19,2094.64,Electronics,South,Online,0
2024-04-19,1296.87,Electronics,East,Store C,0
2024-04-19,1660.41,Electronics,West,Store C,0
2024-04-19,1598.82,Fashion,North,Online,1
2024-04-19,1789.41,Fashion,South,Online,1
2024-04-19,1229.19,Fashion,East,Store C,1
2024-04-19,1386.32,Fashion,West,Store C,1
2024-04-19,988.49,Home,North,Store A,0
2024-04-19,1066.5,Home,South,Store A,0
2024-04-19,1207.93,Home,East,Online,0
2024-04-19,1506.43,Home,West,Online,0
2024-04-20,1424.15,Grocery,North,Store A,0
2024-04-20,1523.67,Grocery,South,Store A,0
2024-04-20,1799.74,Grocery,East,Online,0
2024-04-20,2074.47,Grocery,West,Online,0
2024-04-20,1667.16,Electronics,North,Store A,0
2024-04-20,1972.74,Electronics,South,Store A,0
2024-04-20,2100.23,Electronics,East,Online,0
2024-04-20,2432.76,Electronics,West,Online,0
2024-04-20,1650.43,Fashion,North,Store A,1
2024-04-20,1762.04,Fashion,South,Store A,1
2024-04-20,1920.75,Fashion,East,Online,1
2024-04-20,2256.55,Fashion,West,Online,1
2024-04-20,1145.97,Home,North,Store B,0
2024-04-20,1201.71,Home,South,Store B,0
2024-04-20,1111.1,Home,East,Store A,0
2024-04-20,1378.44,Home,West,Store A,0
2024-04-21,1401.44,Grocery,North,Store B,0
2024-04-21,1557.96,Grocery,South,Store B,0
2024-04-21,1455.76,Grocery,East,Store A,0
2024-04-21,1815.28,Grocery,West,Store A,0
2024-04-21,1639.8,Electronics,North,Store B,0
2024-04-21,1805.09,Electronics,South,Store B,0
2024-04-21,1759.61,Electronics,East,Store A,0
2024-04-21,2111.71,Electronics,West,Store A,0
2024-04-21,1413.3,Fashion,North,Store B,1
2024-04-21,1661.09,Fashion,South,Store B,1
2024-04-21,1631.25,Fashion,East,Store A,1
2024-04-21,1817.99,Fashion,West,Store A,1
2024-04-21,1004.2,Home,North,Store C,0
2024-04-21,1138.26,Home,South,Store C,0
2024-04-21,1183.32,Home,East,Store B,0
2024-04-21,1232.29,Home,West,Store B,0
2024-04-22,1053.81,Grocery,North,Store C,0
2024-04-22,1196.94,Grocery,South,Store C,0
2024-04-22,1246.41,Grocery,East,Store B,0
2024-04-22,1410.45,Grocery,West,Store B,0
2024-04-22,1392.18,Electronics,North,Store C,0
2024-04-22,1508.69,Electronics,South,Store C,0
2024-04-22,1413.82,Electronics,East,Store B,0
2024-04-22,1713.38,Electronics,West,Store B,0
2024-04-22,1160.98,Fashion,North,Store C,1
2024-04-22,1390.97,Fashion,South,Store C,1
2024-04-22,1237.68,Fashion,East,Store B,1
2024-04-22,1506.43,Fashion,West,Store B,1
2024-04-22,1203.62,Home,North,Online,0
2024-04-22,1408.96,Home,South,Online,0
2024-04-22,790.51,Home,East,Store C,0
2024-04-22,1154.66,Home,West,Store C,0
2024-04-23,1440.46,Grocery,North,Online,0
2024-04-23,1544.83,Grocery,South,Online,0
2024-04-23,955.07,Grocery,East,Store C,0
2024-04-23,1241.8,Grocery,West,Store C,0
2024-04-23,1741.63,Electronics,North,Online,0
2024-04-23,1980.1,Electronics,South,Online,0
2024-04-23,1382.83,Electronics,East,Store C,0
2024-04-23,1565.37,Electronics,West,Store C,0
2024-04-23,1529.59,Fashion,North,Online,1
2024-04-23,1787.78,Fashion,South,Online,1
2024-04-23,1232.14,Fashion,East,Store C,1
2024-04-23,1468.95,Fashion,West,Store C,1
2024-04-23,944.74,Home,North,Store A,0
2024-04-23,1174.38,Home,South,Store A,0
2024-04-23,1194.13,Home,East,Online,0
2024-04-23,1406.08,Home,West,Online,0
2024-04-24,1184.33,Grocery,North,Store A,0
2024-04-24,1441.19,Grocery,South,Store A,0
2024-04-24,1501.95,Grocery,East,Online,0
2024-04-24,1748.27,Grocery,West,Online,0
2024-04-24,1512.05,Electronics,North,Store A,0
2024-04-24,1781.03,Electronics,South,Store A,0
2024-04-24,1827.76,Electronics,East,Online,0
2024-04-24,2217.68,Electronics,West,Online,0
2024-04-24,1390.5,Fashion,North,Store A,1
2024-04-24,1484.63,Fashion,South,Store A,1
2024-04-24,1659.09,Fashion,East,Online,1
2024-04-24,1891.55,Fashion,West,Online,1
2024-04-24,919.53,Home,North,Store B,0
2024-04-24,1025.09,Home,South,Store B,0
2024-04-24,1007.67,Home,East,Store A,0
2024-04-24,1177.73,Home,West,Store A,0
2024-04-25,1356.62,Grocery,North,Store B,1
2024-04-25,1591.48,Grocery,South,Store B,1
2024-04-25,1511.84,Grocery,East,Store A,1
2024-04-25,1694.76,Grocery,West,Store A,1
2024-04-25,1610.51,Electronics,North,Store B,1
2024-04-25,1796.38,Electronics,South,Store B,1
2024-04-25,1840.66,Electronics,East,Store A,1
2024-04-25,2190.54,Electronics,West,Store A,1
2024-04-25,1270.21,Fashion,North,Store B,1
2024-04-25,1386.51,Fashion,South,Store B,1
2024-04-25,1403.31,Fashion,East,Store A,1
2024-04-25,1619.13,Fashion,West,Store A,1
2024-04-25,985.57,Home,North,Store C,1
2024-04-25,1233.94,Home,South,Store C,1
2024-04-25,1209.04,Home,East,Store B,1
2024-04-25,1430.04,Home,West,Store B,1
2024-04-26,1039.75,Grocery,North,Store C,0
2024-04-26,1286.5,Grocery,South,Store C,0
2024-04-26,1164.7,Grocery,East,Store B,0
2024-04-26,1446.7,Grocery,West,Store B,0
2024-04-26,1263.39,Electronics,North,Store C,0
2024-04-26,1457.78,Electronics,South,Store C,0
2024-04-26,1301.09,Electronics,East,Store B,0
2024-04-26,1681.09,Electronics,West,Store B,0
2024-04-26,1183.72,Fashion,North,Store C,1
2024-04-26,1319.17,Fashion,South,Store C,1
2024-04-26,1405.6,Fashion,East,Store B,1
2024-04-26,1485.51,Fashion,West,Store B,1
2024-04-26,1145.82,Home,North,Online,0
2024-04-26,1289.79,Home,South,Online,0
2024-04-26,879.27,Home,East,Store C,0
2024-04-26,1134.19,Home,West,Store C,0
2024-04-27,1758.48,Grocery,North,Online,0
2024-04-27,1870.6,Grocery,South,Online,0
2024-04-27,1257.56,Grocery,East,Store C,0
2024-04-27,1471.96,Grocery,West,Store C,0
2024-04-27,2090.16,Electronics,North,Online,0
2024-04-27,2359.1,Electronics,South,Online,0
2024-04-27,1555.35,Electronics,East,Store C,0
2024-04-27,1771.15,Electronics,West,Store C,0
2024-04-27,1770.2,Fashion,North,Online,1
2024-04-27,2106.21,Fashion,South,Online,1
2024-04-27,1455.07,Fashion,East,Store C,1
2024-04-27,1572.92,Fashion,West,Store C,1
2024-04-27,1126.74,Home,North,Store A,0
2024-04-27,1391.69,Home,South,Store A,0
2024-04-27,1410.6,Home,East,Online,0
2024-04-27,1765.78,Home,West,Online,0
2024-04-28,1441.71,Grocery,North,Store A,0
2024-04-28,1540.82,Grocery,South,Store A,0
2024-04-28,1731.64,Grocery,East,Online,0
2024-04-28,2061.67,Grocery,West,Online,0
2024-04-28,1639.59,Electronics,North,Store A,0
2024-04-28,1872.63,Electronics,South,Store A,0
2024-04-28,2186.08,Electronics,East,Online,0
2024-04-28,2435.75,Electronics,West,Online,0
2024-04-28,1603.54,Fashion,North,Store A,1
2024-04-28,1733.79,Fashion,South,Store A,1
2024-04-28,1918.14,Fashion,East,Online,1
2024-04-28,2303.02,Fashion,West,Online,1
2024-04-28,1044.96,Home,North,Store B,0
2024-04-28,1258.18,Home,South,Store B,0
2024-04-28,1080.0,Home,East,Store A,0
2024-04-28,1435.77,Home,West,Store A,0
2024-04-29,1005.81,Grocery,North,Store B,0
2024-04-29,1286.98,Grocery,South,Store B,0
2024-04-29,1310.0,Grocery,East,Store A,0
2024-04-29,1529.23,Grocery,West,Store A,0
2024-04-29,1302.35,Electronics,North,Store B,0
2024-04-29,1499.42,Electronics,South,Store B,0
2024-04-29,1482.03,Electronics,East,Store A,0
2024-04-29,1809.32,Electronics,West,Store A,0
2024-04-29,1142.04,Fashion,North,Store B,1
2024-04-29,1426.47,Fashion,South,Store B,1
2024-04-29,1404.31,Fashion,East,Store A,1
2024-04-29,1626.4,Fashion,West,Store A,1
2024-04-29,900.77,Home,North,Store C,0
2024-04-29,1004.76,Home,South,Store C,0
2024-04-29,938.47,Home,East,Store B,0
2024-04-29,1039.61,Home,West,Store B,0
2024-04-30,1078.45,Grocery,North,Store C,0
2024-04-30,1166.83,Grocery,South,Store C,0
2024-04-30,1157.71,Grocery,East,Store B,0
2024-04-30,1434.36,Grocery,West,Store B,0
2024-04-30,1366.92,Electronics,North,Store C,0
2024-04-30,1465.14,Electronics,South,Store C,0
2024-04-30,1461.93,Electronics,East,Store B,0
2024-04-30,1614.93,Electronics,West,Store B,0
2024-04-30,1189.91,Fashion,North,Store C,1
2024-04-30,1335.81,Fashion,South,Store C,1
2024-04-30,1374.06,Fashion,East,Store B,1
2024-04-30,1516.69,Fashion,West,Store B,1
2024-04-30,1161.23,Home,North,Online,0
2024-04-30,1395.18,Home,South,Online,0
2024-04-30,903.43,Home,East,Store C,0
2024-04-30,1014.38,Home,West,Store C,0
2024-05-01,1280.67,Grocery,North,Store B,0
2024-05-01,1238.71,Grocery,South,Store B,0
2024-05-01,1258.08,Grocery,East,Store A,0
2024-05-01,1512.44,Grocery,West,Store A,0
2024-05-01,1386.98,Electronics,North,Store B,0
2024-05-01,1551.6,Electronics,South,Store B,0
2024-05-01,1508.08,Electronics,East,Store A,0
2024-05-01,1784.18,Electronics,West,Store A,0
2024-05-01,982.31,Fashion,North,Store B,0
2024-05-01,1306.29,Fashion,South,Store B,0
2024-05-01,1142.62,Fashion,East,Store A,0
2024-05-01,1399.64,Fashion,West,Store A,0
2024-05-01,852.52,Home,North,Store C,0
2024-05-01,971.86,Home,South,Store C,0
2024-05-01,942.15,Home,East,Store B,0
2024-05-01,1059.61,Home,West,Store B,0
2024-05-02,1061.05,Grocery,North,Store C,0
2024-05-02,1195.46,Grocery,South,Store C,0
2024-05-02,1252.59,Grocery,East,Store B,0
2024-05-02,1340.57,Grocery,West,Store B,0
2024-05-02,1255.74,Electronics,North,Store C,0
2024-05-02,1416.13,Electronics,South,Store C,0
2024-05-02,1509.15,Electronics,East,Store B,0
2024-05-02,1644.61,Electronics,West,Store B,0
2024-05-02,1010.14,Fashion,North,Store C,0
2024-05-02,1167.99,Fashion,South,Store C,0
2024-05-02,1079.42,Fashion,East,Store B,0
2024-05-02,1211.47,Fashion,West,Store B,0
2024-05-02,1098.13,Home,North,Online,0
2024-05-02,1382.7,Home,South,Online,0
2024-05-02,838.12,Home,East,Store C,0
2024-05-02,1095.69,Home,West,Store C,0
2024-05-03,1447.41,Grocery,North,Online,0
2024-05-03,1661.17,Grocery,South,Online,0
2024-05-03,1140.65,Grocery,East,Store C,0
2024-05-03,1268.11,Grocery,West,Store C,0
2024-05-03,1680.58,Electronics,North,Online,0
2024-05-03,2013.39,Electronics,South,Online,0
2024-05-03,1306.83,Electronics,East,Store C,0
2024-05-03,1436.57,Electronics,West,Store C,0
2024-05-03,1354.67,Fashion,North,Online,0
2024-05-03,1444.41,Fashion,South,Online,0
2024-05-03,1045.94,Fashion,East,Store C,0
2024-05-03,1284.25,Fashion,West,Store C,0
2024-05-03,984.26,Home,North,Store A,0
2024-05-03,1174.09,Home,South,Store A,0
2024-05-03,1230.79,Home,East,Online,0
2024-05-03,1534.15,Home,West,Online,0
2024-05-04,1342.75,Grocery,North,Store A,0
2024-05-04,1594.49,Grocery,South,Store A,0
2024-05-04,1778.73,Grocery,East,Online,0
2024-05-04,2051.14,Grocery,West,Online,0
2024-05-04,1749.52,Electronics,North,Store A,0
2024-05-04,1895.57,Electronics,South,Store A,0
2024-05-04,2209.77,Electronics,East,Online,0
2024-05-04,2597.65,Electronics,West,Online,0
2024-05-04,1297.94,Fashion,North,Store A,0
2024-05-04,1490.17,Fashion,South,Store A,0
2024-05-04,1659.65,Fashion,East,Online,0
2024-05-04,1821.61,Fashion,West,Online,0
2024-05-04,1002.0,Home,North,Store B,0
2024-05-04,1291.82,Home,South,Store B,0
2024-05-04,1203.51,Home,East,Store A,0
2024-05-04,1394.26,Home,West,Store A,0
2024-05-05,1583.93,Grocery,North,Store B,1
2024-05-05,1671.06,Grocery,South,Store B,1
2024-05-05,1741.28,Grocery,East,Store A,1
2024-05-05,2032.1,Grocery,West,Store A,1
2024-05-05,1955.85,Electronics,North,Store B,1
2024-05-05,2223.59,Electronics,South,Store B,1
2024-05-05,2139.77,Electronics,East,Store A,1
2024-05-05,2517.0,Electronics,West,Store A,1
2024-05-05,1366.79,Fashion,North,Store B,1
2024-05-05,1682.04,Fashion,South,Store B,1
2024-05-05,1637.92,Fashion,East,Store A,1
2024-05-05,1966.28,Fashion,West,Store A,1
2024-05-05,1325.76,Home,North,Store C,1
2024-05-05,1283.41,Home,South,Store C,1
2024-05-05,1321.57,Home,East,Store B,1
2024-05-05,1548.78,Home,West,Store B,1
2024-05-06,1076.54,Grocery,North,Store C,0
2024-05-06,1215.36,Grocery,South,Store C,0
2024-05-06,1172.14,Grocery,East,Store B,0
2024-05-06,1459.19,Grocery,West,Store B,0
2024-05-06,1223.5,Electronics,North,Store C,0
2024-05-06,1404.41,Electronics,South,Store C,0
2024-05-06,1369.7,Electronics,East,Store B,0
2024-05-06,1668.14,Electronics,West,Store B,0
2024-05-06,909.05,Fashion,North,Store C,0
2024-05-06,1109.02,Fashion,South,Store C,0
2024-05-06,1075.49,Fashion,East,Store B,0
2024-05-06,1240.54,Fashion,West,Store B,0
2024-05-06,1218.12,Home,North,Online,0
2024-05-06,1328.61,Home,South,Online,0
2024-05-06,963.5,Home,East,Store C,0
2024-05-06,1060.56,Home,West,Store C,0
2024-05-07,1435.82,Grocery,North,Online,0
2024-05-07,1604.95,Grocery,South,Online,0
2024-05-07,1111.26,Grocery,East,Store C,0
2024-05-07,1355.0,Grocery,West,Store C,0
2024-05-07,1706.83,Electronics,North,Online,0
2024-05-07,1997.15,Electronics,South,Online,0
2024-05-07,1293.04,Electronics,East,Store C,0
2024-05-07,1625.2,Electronics,West,Store C,0
2024-05-07,1283.46,Fashion,North,Online,0
2024-05-07,1544.11,Fashion,South,Online,0
2024-05-07,1020.79,Fashion,East,Store C,0
2024-05-07,1287.97,Fashion,West,Store C,0
2024-05-07,917.15,Home,North,Store A,0
2024-05-07,1035.06,Home,South,Store A,0
2024-05-07,1185.07,Home,East,Online,0
2024-05-07,1366.7,Home,West,Online,0
2024-05-08,1128.39,Grocery,North,Store A,0
2024-05-08,1405.2,Grocery,South,Store A,0
2024-05-08,1496.94,Grocery,East,Online,0
2024-05-08,1745.78,Grocery,West,Online,0
2024-05-08,1428.13,Electronics,North,Store A,0
2024-05-08,1617.01,Electronics,South,Store A,0
2024-05-08,1892.45,Electronics,East,Online,0
2024-05-08,2092.15,Electronics,West,Online,0
2024-05-08,1029.65,Fashion,North,Store A,0
2024-05-08,1298.61,Fashion,South,Store A,0
2024-05-08,1358.43,Fashion,East,Online,0
2024-05-08,1734.11,Fashion,West,Online,0
2024-05-08,894.41,Home,North,Store B,0
2024-05-08,1097.58,Home,South,Store B,0
2024-05-08,1081.1,Home,East,Store A,0
2024-05-08,1180.54,Home,West,Store A,0
2024-05-09,1093.2,Grocery,North,Store B,0
2024-05-09,1331.67,Grocery,South,Store B,0
2024-05-09,1286.32,Grocery,East,Store A,0
2024-05-09,1407.58,Grocery,West,Store A,0
2024-05-09,1302.65,Electronics,North,Store B,0
2024-05-09,1413.95,Electronics,South,Store B,0
2024-05-09,1542.65,Electronics,East,Store A,0
2024-05-09,1772.83,Electronics,West,Store A,0
2024-05-09,1029.03,Fashion,North,Store B,0
2024-05-09,1088.47,Fashion,South,Store B,0
2024-05-09,1087.98,Fashion,East,Store A,0
2024-05-09,1333.01,Fashion,West,Store A,0
2024-05-09,829.16,Home,North,Store C,0
2024-05-09,992.4,Home,South,Store C,0
2024-05-09,993.98,Home,East,Store B,0
2024-05-09,1263.39,Home,West,Store B,0
2024-05-10,1062.66,Grocery,North,Store C,0
2024-05-10,1272.23,Grocery,South,Store C,0
2024-05-10,1135.71,Grocery,East,Store B,0
2024-05-10,1306.22,Grocery,West,Store B,0
2024-05-10,1260.74,Electronics,North,Store C,0
2024-05-10,1369.28,Electronics,South,Store C,0
2024-05-10,1422.44,Electronics,East,Store B,0
2024-05-10,1639.82,Electronics,West,Store B,0
2024-05-10,866.13,Fashion,North,Store C,0
2024-05-10,1203.74,Fashion,South,Store C,0
2024-05-10,1051.68,Fashion,East,Store B,0
2024-05-10,1189.77,Fashion,West,Store B,0
2024-05-10,1215.85,Home,North,Online,0
2024-05-10,1287.7,Home,South,Online,0
2024-05-10,962.22,Home,East,Store C,0
2024-05-10,1027.65,Home,West,Store C,0
2024-05-11,1632.02,Grocery,North,Online,0
2024-05-11,1910.56,Grocery,South,Online,0
2024-05-11,1318.02,Grocery,East,Store C,0
2024-05-11,1563.75,Grocery,West,Store C,0
2024-05-11,1994.82,Electronics,North,Online,0
2024-05-11,2305.4,Electronics,South,Online,0
2024-05-11,1587.84,Electronics,East,Store C,0
2024-05-11,1841.97,Electronics,West,Store C,0
2024-05-11,1513.1,Fashion,North,Online,0
2024-05-11,1651.8,Fashion,South,Online,0
2024-05-11,1209.42,Fashion,East,Store C,0
2024-05-11,1394.87,Fashion,West,Store C,0
2024-05-11,1111.15,Home,North,Store A,0
2024-05-11,1360.99,Home,South,Store A,0
2024-05-11,1330.95,Home,East,Online,0
2024-05-11,1758.79,Home,West,Online,0
2024-05-12,1391.31,Grocery,North,Store A,0
2024-05-12,1602.59,Grocery,South,Store A,0
2024-05-12,1709.26,Grocery,East,Online,0
2024-05-12,1957.23,Grocery,West,Online,0
2024-05-12,1668.09,Electronics,North,Store A,0
2024-05-12,1925.93,Electronics,South,Store A,0
2024-05-12,2120.24,Electronics,East,Online,0
2024-05-12,2454.76,Electronics,West,Online,0
2024-05-12,1153.94,Fashion,North,Store A,0
2024-05-12,1366.0,Fashion,South,Store A,0
2024-05-12,1697.15,Fashion,East,Online,0
2024-05-12,1815.2,Fashion,West,Online,0
2024-05-12,1146.04,Home,North,Store B,0
2024-05-12,1163.82,Home,South,Store B,0
2024-05-12,1171.09,Home,East,Store A,0
2024-05-12,1432.45,Home,West,Store A,0
2024-05-13,1085.09,Grocery,North,Store B,0
2024-05-13,1374.07,Grocery,South,Store B,0
2024-05-13,1254.6,Grocery,East,Store A,0
2024-05-13,1505.45,Grocery,West,Store A,0
2024-05-13,1345.35,Electronics,North,Store B,0
2024-05-13,1584.39,Electronics,South,Store B,0
2024-05-13,1591.59,Electronics,East,Store A,0
2024-05-13,1773.92,Electronics,West,Store A,0
2024-05-13,1129.55,Fashion,North,Store B,0
2024-05-13,1143.84,Fashion,South,Store B,0
2024-05-13,1186.49,Fashion,East,Store A,0
2024-05-13,1381.57,Fashion,West,Store A,0
2024-05-13,804.42,Home,North,Store C,0
2024-05-13,994.32,Home,South,Store C,0
2024-05-13,959.01,Home,East,Store B,0
2024-05-13,1087.75,Home,West,Store B,0
2024-05-14,1079.72,Grocery,North,Store C,0
2024-05-14,1214.67,Grocery,South,Store C,0
2024-05-14,1173.22,Grocery,East,Store B,0
2024-05-14,1389.66,Grocery,West,Store B,0
2024-05-14,1270.67,Electronics,North,Store C,0
2024-05-14,1431.82,Electronics,South,Store C,0
2024-05-14,1424.33,Electronics,East,Store B,0
2024-05-14,1641.42,Electronics,West,Store B,0
2024-05-14,1116.32,Fashion,North,Store C,0
2024-05-14,1026.86,Fashion,South,Store C,0
2024-05-14,1045.28,Fashion,East,Store B,0
2024-05-14,1247.53,Fashion,West,Store B,0
2024-05-14,1274.59,Home,North,Online,0
2024-05-14,1250.5,Home,South,Online,0
2024-05-14,922.52,Home,East,Store C,0
2024-05-14,1077.89,Home,West,Store C,0
2024-05-15,1731.21,Grocery,North,Online,1
2024-05-15,2017.74,Grocery,South,Online,1
2024-05-15,1391.78,Grocery,East,Store C,1
2024-05-15,1543.46,Grocery,West,Store C,1
2024-05-15,2071.91,Electronics,North,Online,1
2024-05-15,2243.78,Electronics,South,Online,1
2024-05-15,1599.83,Electronics,East,Store C,1
2024-05-15,1843.56,Electronics,West,Store C,1
2024-05-15,1557.45,Fashion,North,Online,1
2024-05-15,1691.82,Fashion,South,Online,1
2024-05-15,1234.9,Fashion,East,Store C,1
2024-05-15,1342.05,Fashion,West,Store C,1
2024-05-15,1176.91,Home,North,Store A,1
2024-05-15,1262.93,Home,South,Store A,1
2024-05-15,1406.08,Home,East,Online,1
2024-05-15,1783.16,Home,West,Online,1
2024-05-16,1228.34,Grocery,North,Store A,0
2024-05-16,1424.61,Grocery,South,Store A,0
2024-05-16,1572.47,Grocery,East,Online,0
2024-05-16,1717.24,Grocery,West,Online,0
2024-05-16,1521.7,Electronics,North,Store A,0
2024-05-16,1557.7,Electronics,South,Store A,0
2024-05-16,1830.09,Electronics,East,Online,0
2024-05-16,2090.52,Electronics,West,Online,0
2024-05-16,1043.48,Fashion,North,Store A,0
2024-05-16,1279.83,Fashion,South,Store A,0
2024-05-16,1412.66,Fashion,East,Online,0
2024-05-16,1660.95,Fashion,West,Online,0
2024-05-16,928.7,Home,North,Store B,0
2024-05-16,1050.94,Home,South,Store B,0
2024-05-16,1043.4,Home,East,Store A,0
2024-05-16,1217.45,Home,West,Store A,0
2024-05-17,1155.65,Grocery,North,Store B,0
2024-05-17,1292.81,Grocery,South,Store B,0
2024-05-17,1292.01,Grocery,East,Store A,0
2024-05-17,1384.95,Grocery,West,Store A,0
2024-05-17,1347.65,Electronics,North,Store B,0
2024-05-17,1466.14,Electronics,South,Store B,0
2024-05-17,1514.23,Electronics,East,Store A,0
2024-05-17,1864.64,Electronics,West,Store A,0
2024-05-17,1004.39,Fashion,North,Store B,0
2024-05-17,1179.98,Fashion,South,Store B,0
2024-05-17,1181.7,Fashion,East,Store A,0
2024-05-17,1235.77,Fashion,West,Store A,0
2024-05-17,831.17,Home,North,Store C,0
2024-05-17,998.86,Home,South,Store C,0
2024-05-17,795.61,Home,East,Store B,0
2024-05-17,1076.62,Home,West,Store B,0
2024-05-18,1285.36,Grocery,North,Store C,0
2024-05-18,1449.36,Grocery,South,Store C,0
2024-05-18,1380.79,Grocery,East,Store B,0
2024-05-18,1658.56,Grocery,West,Store B,0
2024-05-18,1485.75,Electronics,North,Store C,0
2024-05-18,1708.31,Electronics,South,Store C,0
2024-05-18,1619.5,Electronics,East,Store B,0
2024-05-18,1943.88,Electronics,West,Store B,0
2024-05-18,1086.23,Fashion,North,Store C,0
2024-05-18,1345.54,Fashion,South,Store C,0
2024-05-18,1328.62,Fashion,East,Store B,0
2024-05-18,1549.49,Fashion,West,Store B,0
2024-05-18,1320.6,Home,North,Online,0
2024-05-18,1476.33,Home,South,Online,0
2024-05-18,1109.09,Home,East,Store C,0
2024-05-18,1259.58,Home,West,Store C,0
2024-05-19,1667.18,Grocery,North,Online,0
2024-05-19,1842.33,Grocery,South,Online,0
2024-05-19,1299.01,Grocery,East,Store C,0
2024-05-19,1450.2,Grocery,West,Store C,0
2024-05-19,2019.39,Electronics,North,Online,0
2024-05-19,2334.81,Electronics,South,Online,0
2024-05-19,1624.75,Electronics,East,Store C,0
2024-05-19,1855.96,Electronics,West,Store C,0
2024-05-19,1433.34,Fashion,North,Online,0
2024-05-19,1728.95,Fashion,South,Online,0
2024-05-19,1285.18,Fashion,East,Store C,0
2024-05-19,1334.16,Fashion,West,Store C,0
2024-05-19,1122.0,Home,North,Store A,0
2024-05-19,1358.62,Home,South,Store A,0
2024-05-19,1432.68,Home,East,Online,0
2024-05-19,1792.06,Home,West,Online,0
2024-05-20,1150.77,Grocery,North,Store A,0
2024-05-20,1301.36,Grocery,South,Store A,0
2024-05-20,1547.88,Grocery,East,Online,0
2024-05-20,1686.72,Grocery,West,Online,0
2024-05-20,1422.5,Electronics,North,Store A,0
2024-05-20,1627.94,Electronics,South,Store A,0
2024-05-20,1838.67,Electronics,East,Online,0
2024-05-20,2142.72,Electronics,West,Online,0
2024-05-20,1115.27,Fashion,North,Store A,0
2024-05-20,1218.77,Fashion,South,Store A,0
2024-05-20,1421.91,Fashion,East,Online,0
2024-05-20,1825.4,Fashion,West,Online,0
2024-05-20,951.13,Home,North,Store B,0
2024-05-20,1044.87,Home,South,Store B,0
2024-05-20,938.86,Home,East,Store A,0
2024-05-20,1160.74,Home,West,Store A,0
2024-05-21,1109.38,Grocery,North,Store B,0
2024-05-21,1246.78,Grocery,South,Store B,0
2024-05-21,1239.52,Grocery,East,Store A,0
2024-05-21,1566.02,Grocery,West,Store A,0
2024-05-21,1417.75,Electronics,North,Store B,0
2024-05-21,1527.01,Electronics,South,Store B,0
2024-05-21,1426.23,Electronics,East,Store A,0
2024-05-21,1840.41,Electronics,West,Store A,0
2024-05-21,1023.42,Fashion,North,Store B,0
2024-05-21,1073.08,Fashion,South,Store B,0
2024-05-21,1174.47,Fashion,East,Store A,0
2024-05-21,1400.22,Fashion,West,Store A,0
2024-05-21,722.84,Home,North,Store C,0
2024-05-21,929.33,Home,South,Store C,0
2024-05-21,944.85,Home,East,Store B,0
2024-05-21,1165.98,Home,West,Store B,0
2024-05-22,1022.95,Grocery,North,Store C,0
2024-05-22,1150.95,Grocery,South,Store C,0
2024-05-22,1207.53,Grocery,East,Store B,0
2024-05-22,1356.23,Grocery,West,Store B,0
2024-05-22,1294.96,Electronics,North,Store C,0
2024-05-22,1378.98,Electronics,South,Store C,0
2024-05-22,1330.63,Electronics,East,Store B,0
2024-05-22,1704.6,Electronics,West,Store B,0
2024-05-22,976.11,Fashion,North,Store C,0
2024-05-22,1146.03,Fashion,South,Store C,0
2024-05-22,1039.3,Fashion,East,Store B,0
2024-05-22,1221.14,Fashion,West,Store B,0
2024-05-22,1227.65,Home,North,Online,0
2024-05-22,1228.48,Home,South,Online,0
2024-05-22,960.54,Home,East,Store C,0
2024-05-22,1128.12,Home,West,Store C,0
2024-05-23,1462.69,Grocery,North,Online,0
2024-05-23,1573.3,Grocery,South,Online,0
2024-05-23,1049.9,Grocery,East,Store C,0
2024-05-23,1284.34,Grocery,West,Store C,0
2024-05-23,1632.03,Electronics,North,Online,0
2024-05-23,1885.92,Electronics,South,Online,0
2024-05-23,1352.94,Electronics,East,Store C,0
2024-05-23,1595.18,Electronics,West,Store C,0
2024-05-23,1237.71,Fashion,North,Online,0
2024-05-23,1511.78,Fashion,South,Online,0
2024-05-23,1027.01,Fashion,East,Store C,0
2024-05-23,1269.12,Fashion,West,Store C,0
2024-05-23,997.07,Home,North,Store A,0
2024-05-23,1157.56,Home,South,Store A,0
2024-05-23,1226.74,Home,East,Online,0
2024-05-23,1474.89,Home,West,Online,0
2024-05-24,1114.93,Grocery,North,Store A,0
2024-05-24,1343.0,Grocery,South,Store A,0
2024-05-24,1471.75,Grocery,East,Online,0
2024-05-24,1731.21,Grocery,West,Online,0
2024-05-24,1451.29,Electronics,North,Store A,0
2024-05-24,1659.11,Electronics,South,Store A,0
2024-05-24,1795.25,Electronics,East,Online,0
2024-05-24,2089.72,Electronics,West,Online,0
2024-05-24,1044.77,Fashion,North,Store A,0
2024-05-24,1295.66,Fashion,South,Store A,0
2024-05-24,1368.23,Fashion,East,Online,0
2024-05-24,1540.74,Fashion,West,Online,0
2024-05-24,898.35,Home,North,Store B,0
2024-05-24,938.83,Home,South,Store B,0
2024-05-24,1007.65,Home,East,Store A,0
2024-05-24,1179.51,Home,West,Store A,0
2024-05-25,1521.86,Grocery,North,Store B,1
2024-05-25,1855.45,Grocery,South,Store B,1
2024-05-25,1655.13,Grocery,East,Store A,1
2024-05-25,2073.25,Grocery,West,Store A,1
2024-05-25,1989.68,Electronics,North,Store B,1
2024-05-25,2187.2,Electronics,South,Store B,1
2024-05-25,2066.55,Electronics,East,Store A,1
2024-05-25,2385.8,Electronics,West,Store A,1
2024-05-25,1346.89,Fashion,North,Store B,1
2024-05-25,1595.8,Fashion,South,Store B,1
2024-05-25,1535.28,Fashion,East,Store A,1
2024-05-25,1822.42,Fashion,West,Store A,1
2024-05-25,1168.5,Home,North,Store C,1
2024-05-25,1344.91,Home,South,Store C,1
2024-05-25,1344.29,Home,East,Store B,1
2024-05-25,1491.54,Home,West,Store B,1
2024-05-26,1176.3,Grocery,North,Store C,0
2024-05-26,1372.91,Grocery,South,Store C,0
2024-05-26,1337.26,Grocery,East,Store B,0
2024-05-26,1696.6,Grocery,West,Store B,0
2024-05-26,1473.48,Electronics,North,Store C,0
2024-05-26,1573.97,Electronics,South,Store C,0
2024-05-26,1645.18,Electronics,East,Store B,0
2024-05-26,1950.14,Electronics,West,Store B,0
2024-05-26,1104.08,Fashion,North,Store C,0
2024-05-26,1197.86,Fashion,South,Store C,0
2024-05-26,1330.46,Fashion,East,Store B,0
2024-05-26,1401.54,Fashion,West,Store B,0
2024-05-26,1367.34,Home,North,Online,0
2024-05-26,1526.08,Home,South,Online,0
2024-05-26,1062.58,Home,East,Store C,0
2024-05-26,1312.52,Home,West,Store C,0
2024-05-27,1439.52,Grocery,North,Online,0
2024-05-27,1572.72,Grocery,South,Online,0
2024-05-27,1150.42,Grocery,East,Store C,0
2024-05-27,1255.01,Grocery,West,Store C,0
2024-05-27,1704.13,Electronics,North,Online,0
2024-05-27,1858.45,Electronics,South,Online,0
2024-05-27,1254.37,Electronics,East,Store C,0
2024-05-27,1554.86,Electronics,West,Store C,0
2024-05-27,1309.5,Fashion,North,Online,0
2024-05-27,1373.93,Fashion,South,Online,0
2024-05-27,1024.6,Fashion,East,Store C,0
2024-05-27,1135.35,Fashion,West,Store C,0
2024-05-27,1031.55,Home,North,Store A,0
2024-05-27,1074.74,Home,South,Store A,0
2024-05-27,1132.97,Home,East,Online,0
2024-05-27,1418.39,Home,West,Online,0
2024-05-28,1129.57,Grocery,North,Store A,0
2024-05-28,1412.94,Grocery,South,Store A,0
2024-05-28,1466.77,Grocery,East,Online,0
2024-05-28,1727.8,Grocery,West,Online,0
2024-05-28,1452.5,Electronics,North,Store A,0
2024-05-28,1561.06,Electronics,South,Store A,0
2024-05-28,1694.16,Electronics,East,Online,0
2024-05-28,2111.72,Electronics,West,Online,0
2024-05-28,1019.48,Fashion,North,Store A,0
2024-05-28,1168.82,Fashion,South,Store A,0
2024-05-28,1388.46,Fashion,East,Online,0
2024-05-28,1617.89,Fashion,West,Online,0
2024-05-28,835.62,Home,North,Store B,0
2024-05-28,995.63,Home,South,Store B,0
2024-05-28,951.11,Home,East,Store A,0
2024-05-28,1282.34,Home,West,Store A,0
2024-05-29,1160.3,Grocery,North,Store B,0
2024-05-29,1240.9,Grocery,South,Store B,0
2024-05-29,1260.3,Grocery,East,Store A,0
2024-05-29,1379.68,Grocery,West,Store A,0
2024-05-29,1299.34,Electronics,North,Store B,0
2024-05-29,1526.91,Electronics,South,Store B,0
2024-05-29,1503.37,Electronics,East,Store A,0
2024-05-29,1744.7,Electronics,West,Store A,0
2024-05-29,1030.01,Fashion,North,Store B,0
2024-05-29,1161.24,Fashion,South,Store B,0
2024-05-29,1115.49,Fashion,East,Store A,0
2024-05-29,1314.74,Fashion,West,Store A,0
2024-05-29,824.68,Home,North,Store C,0
2024-05-29,978.17,Home,South,Store C,0
2024-05-29,964.48,Home,East,Store B,0
2024-05-29,1125.79,Home,West,Store B,0
2024-05-30,976.32,Grocery,North,Store C,0
2024-05-30,1130.19,Grocery,South,Store C,0
2024-05-30,1178.17,Grocery,East,Store B,0
2024-05-30,1449.55,Grocery,West,Store B,0
2024-05-30,1261.28,Electronics,North,Store C,0
2024-05-30,1403.53,Electronics,South,Store C,0
2024-05-30,1403.74,Electronics,East,Store B,0
2024-05-30,1584.44,Electronics,West,Store B,0
2024-05-30,1024.9,Fashion,North,Store C,0
2024-05-30,1094.96,Fashion,South,Store C,0
2024-05-30,1021.43,Fashion,East,Store B,0
2024-05-30,1243.45,Fashion,West,Store B,0
2024-05-30,1112.66,Home,North,Online,0
2024-05-30,1371.68,Home,South,Online,0
2024-05-30,871.95,Home,East,Store C,0
2024-05-30,1053.82,Home,West,Store C,0
2024-05-31,1432.99,Grocery,North,Online,0
2024-05-31,1554.51,Grocery,South,Online,0
2024-05-31,1094.68,Grocery,East,Store C,0
2024-05-31,1298.22,Grocery,West,Store C,0
2024-05-31,1601.0,Electronics,North,Online,0
2024-05-31,1933.61,Electronics,South,Online,0
2024-05-31,1301.99,Electronics,East,Store C,0
2024-05-31,1551.25,Electronics,West,Store C,0
2024-05-31,1284.63,Fashion,North,Online,0
2024-05-31,1474.32,Fashion,South,Online,0
2024-05-31,1065.71,Fashion,East,Store C,0
2024-05-31,1109.52,Fashion,West,Store C,0
2024-05-31,937.44,Home,North,Store A,0
2024-05-31,1125.17,Home,South,Store A,0
2024-05-31,1215.12,Home,East,Online,0
2024-05-31,1432.27,Home,West,Online,0
2024-06-01,1434.54,Grocery,North,Store B,0
2024-06-01,1494.32,Grocery,South,Store B,0
2024-06-01,1481.8,Grocery,East,Store A,0
2024-06-01,1663.45,Grocery,West,Store A,0
2024-06-01,1489.45,Electronics,North,Store B,0
2024-06-01,1740.32,Electronics,South,Store B,0
2024-06-01,1747.48,Electronics,East,Store A,0
2024-06-01,2044.47,Electronics,West,Store A,0
2024-06-01,1196.54,Fashion,North,Store B,0
2024-06-01,1324.98,Fashion,South,Store B,0
2024-06-01,1278.73,Fashion,East,Store A,0
2024-06-01,1528.04,Fashion,West,Store A,0
2024-06-01,1019.81,Home,North,Store C,0
2024-06-01,1161.73,Home,South,Store C,0
2024-06-01,1032.95,Home,East,Store B,0
2024-06-01,1330.11,Home,West,Store B,0
2024-06-02,1167.12,Grocery,North,Store C,0
2024-06-02,1395.06,Grocery,South,Store C,0
2024-06-02,1325.33,Grocery,East,Store B,0
2024-06-02,1667.38,Grocery,West,Store B,0
2024-06-02,1424.58,Electronics,North,Store C,0
2024-06-02,1657.59,Electronics,South,Store C,0
2024-06-02,1640.96,Electronics,East,Store B,0
2024-06-02,1854.8,Electronics,West,Store B,0
2024-06-02,1096.96,Fashion,North,Store C,0
2024-06-02,1238.57,Fashion,South,Store C,0
2024-06-02,1194.42,Fashion,East,Store B,0
2024-06-02,1423.07,Fashion,West,Store B,0
2024-06-02,1380.2,Home,North,Online,0
2024-06-02,1468.54,Home,South,Online,0
2024-06-02,1051.44,Home,East,Store C,0
2024-06-02,1224.99,Home,West,Store C,0
2024-06-03,1318.94,Grocery,North,Online,0
2024-06-03,1617.36,Grocery,South,Online,0
2024-06-03,1001.9,Grocery,East,Store C,0
2024-06-03,1312.49,Grocery,West,Store C,0
2024-06-03,1651.77,Electronics,North,Online,0
2024-06-03,1912.42,Electronics,South,Online,0
2024-06-03,1228.05,Electronics,East,Store C,0
2024-06-03,1544.6,Electronics,West,Store C,0
2024-06-03,1328.47,Fashion,North,Online,0
2024-06-03,1409.78,Fashion,South,Online,0
2024-06-03,954.75,Fashion,East,Store C,0
2024-06-03,1194.65,Fashion,West,Store C,0
2024-06-03,978.77,Home,North,Store A,0
2024-06-03,950.23,Home,South,Store A,0
2024-06-03,1294.71,Home,East,Online,0
2024-06-03,1430.38,Home,West,Online,0
2024-06-04,1207.36,Grocery,North,Store A,0
2024-06-04,1322.81,Grocery,South,Store A,0
2024-06-04,1351.11,Grocery,East,Online,0
2024-06-04,1757.17,Grocery,West,Online,0
2024-06-04,1375.71,Electronics,North,Store A,0
2024-06-04,1631.27,Electronics,South,Store A,0
2024-06-04,1736.67,Electronics,East,Online,0
2024-06-04,2082.99,Electronics,West,Online,0
2024-06-04,1027.33,Fashion,North,Store A,0
2024-06-04,1265.47,Fashion,South,Store A,0
2024-06-04,1264.64,Fashion,East,Online,0
2024-06-04,1697.8,Fashion,West,Online,0
2024-06-04,1019.29,Home,North,Store B,0
2024-06-04,1109.94,Home,South,Store B,0
2024-06-04,1061.7,Home,East,Store A,0
2024-06-04,1169.01,Home,West,Store A,0
2024-06-05,1384.2,Grocery,North,Store B,1
2024-06-05,1497.31,Grocery,South,Store B,1
2024-06-05,1375.03,Grocery,East,Store A,1
2024-06-05,1811.4,Grocery,West,Store A,1
2024-06-05,1650.61,Electronics,North,Store B,1
2024-06-05,1806.49,Electronics,South,Store B,1
2024-06-05,1690.13,Electronics,East,Store A,1
2024-06-05,2048.09,Electronics,West,Store A,1
2024-06-05,1108.01,Fashion,North,Store B,1
2024-06-05,1427.24,Fashion,South,Store B,1
2024-06-05,1248.52,Fashion,East,Store A,1
2024-06-05,1598.0,Fashion,West,Store A,1
2024-06-05,961.78,Home,North,Store C,1
2024-06-05,1069.14,Home,South,Store C,1
2024-06-05,1132.74,Home,East,Store B,1
2024-06-05,1306.92,Home,West,Store B,1
2024-06-06,1077.32,Grocery,North,Store C,0
2024-06-06,1104.11,Grocery,South,Store C,0
2024-06-06,1103.56,Grocery,East,Store B,0
2024-06-06,1224.24,Grocery,West,Store B,0
2024-06-06,1120.82,Electronics,North,Store C,0
2024-06-06,1511.48,Electronics,South,Store C,0
2024-06-06,1492.74,Electronics,East,Store B,0
2024-06-06,1636.37,Electronics,West,Store B,0
2024-06-06,898.52,Fashion,North,Store C,0
2024-06-06,1057.94,Fashion,South,Store C,0
2024-06-06,1096.21,Fashion,East,Store B,0
2024-06-06,1212.39,Fashion,West,Store B,0
2024-06-06,1143.84,Home,North,Online,0
2024-06-06,1286.45,Home,South,Online,0
2024-06-06,843.37,Home,East,Store C,0
2024-06-06,1006.37,Home,West,Store C,0
2024-06-07,1404.03,Grocery,North,Online,0
2024-06-07,1526.12,Grocery,South,Online,0
2024-06-07,1098.4,Grocery,East,Store C,0
2024-06-07,1244.8,Grocery,West,Store C,0
2024-06-07,1677.19,Electronics,North,Online,0
2024-06-07,1977.29,Electronics,South,Online,0
2024-06-07,1282.65,Electronics,East,Store C,0
2024-06-07,1579.78,Electronics,West,Store C,0
2024-06-07,1171.72,Fashion,North,Online,0
2024-06-07,1420.09,Fashion,South,Online,0
2024-06-07,984.1,Fashion,East,Store C,0
2024-06-07,1268.83,Fashion,West,Store C,0
2024-06-07,839.22,Home,North,Store A,0
2024-06-07,1072.7,Home,South,Store A,0
2024-06-07,1257.31,Home,East,Online,0
2024-06-07,1350.23,Home,West,Online,0
2024-06-08,1336.62,Grocery,North,Store A,0
2024-06-08,1553.04,Grocery,South,Store A,0
2024-06-08,1686.18,Grocery,East,Online,0
2024-06-08,2069.99,Grocery,West,Online,0
2024-06-08,1647.23,Electronics,North,Store A,0
2024-06-08,1919.99,Electronics,South,Store A,0
2024-06-08,1997.12,Electronics,East,Online,0
2024-06-08,2346.64,Electronics,West,Online,0
2024-06-08,1221.65,Fashion,North,Store A,0
2024-06-08,1340.98,Fashion,South,Store A,0
2024-06-08,1560.59,Fashion,East,Online,0
2024-06-08,1794.52,Fashion,West,Online,0
2024-06-08,996.71,Home,North,Store B,0
2024-06-08,1204.04,Home,South,Store B,0
2024-06-08,1080.72,Home,East,Store A,0
2024-06-08,1396.05,Home,West,Store A,0
2024-06-09,1242.36,Grocery,North,Store B,0
2024-06-09,1507.87,Grocery,South,Store B,0
2024-06-09,1382.03,Grocery,East,Store A,0
2024-06-09,1696.2,Grocery,West,Store A,0
2024-06-09,1536.58,Electronics,North,Store B,0
2024-06-09,1778.76,Electronics,South,Store B,0
2024-06-09,1695.16,Electronics,East,Store A,0
2024-06-09,1907.88,Electronics,West,Store A,0
2024-06-09,1216.64,Fashion,North,Store B,0
2024-06-09,1316.92,Fashion,South,Store B,0
2024-06-09,1328.1,Fashion,East,Store A,0
2024-06-09,1558.61,Fashion,West,Store A,0
2024-06-09,926.41,Home,North,Store C,0
2024-06-09,1052.63,Home,South,Store C,0
2024-06-09,1112.1,Home,East,Store B,0
2024-06-09,1257.02,Home,West,Store B,0
2024-06-10,1076.69,Grocery,North,Store C,0
2024-06-10,1157.17,Grocery,South,Store C,0
2024-06-10,1194.81,Grocery,East,Store B,0
2024-06-10,1370.92,Grocery,West,Store B,0
2024-06-10,1249.54,Electronics,North,Store C,0
2024-06-10,1383.75,Electronics,South,Store C,0
2024-06-10,1382.87,Electronics,East,Store B,0
2024-06-10,1687.34,Electronics,West,Store B,0
2024-06-10,935.33,Fashion,North,Store C,0
2024-06-10,1097.29,Fashion,South,Store C,0
2024-06-10,1044.59,Fashion,East,Store B,0
2024-06-10,1240.28,Fashion,West,Store B,0
2024-06-10,1218.95,Home,North,Online,0
2024-06-10,1345.72,Home,South,Online,0
2024-06-10,873.91,Home,East,Store C,0
2024-06-10,1041.05,Home,West,Store C,0
2024-06-11,1341.1,Grocery,North,Online,0
2024-06-11,1561.0,Grocery,South,Online,0
2024-06-11,1084.23,Grocery,East,Store C,0
2024-06-11,1310.01,Grocery,West,Store C,0
2024-06-11,1701.53,Electronics,North,Online,0
2024-06-11,1828.93,Electronics,South,Online,0
2024-06-11,1338.0,Electronics,East,Store C,0
2024-06-11,1515.27,Electronics,West,Store C,0
2024-06-11,1208.49,Fashion,North,Online,0
2024-06-11,1510.92,Fashion,South,Online,0
2024-06-11,1057.25,Fashion,East,Store C,0
2024-06-11,1170.68,Fashion,West,Store C,0
2024-06-11,980.41,Home,North,Store A,0
2024-06-11,1113.83,Home,South,Store A,0
2024-06-11,1247.0,Home,East,Online,0
2024-06-11,1425.22,Home,West,Online,0
2024-06-12,1082.39,Grocery,North,Store A,0
2024-06-12,1425.74,Grocery,South,Store A,0
2024-06-12,1494.84,Grocery,East,Online,0
2024-06-12,1672.0,Grocery,West,Online,0
2024-06-12,1333.78,Electronics,North,Store A,0
2024-06-12,1610.47,Electronics,South,Store A,0
2024-06-12,1713.04,Electronics,East,Online,0
2024-06-12,2063.94,Electronics,West,Online,0
2024-06-12,1098.38,Fashion,North,Store A,0
2024-06-12,1172.59,Fashion,South,Store A,0
2024-06-12,1253.13,Fashion,East,Online,0
2024-06-12,1577.17,Fashion,West,Online,0
2024-06-12,856.43,Home,North,Store B,0
2024-06-12,1016.3,Home,South,Store B,0
2024-06-12,906.11,Home,East,Store A,0
2024-06-12,1146.12,Home,West,Store A,0
2024-06-13,1126.41,Grocery,North,Store B,0
2024-06-13,1270.75,Grocery,South,Store B,0
2024-06-13,1159.37,Grocery,East,Store A,0
2024-06-13,1359.39,Grocery,West,Store A,0
2024-06-13,1309.05,Electronics,North,Store B,0
2024-06-13,1519.96,Electronics,South,Store B,0
2024-06-13,1469.64,Electronics,East,Store A,0
2024-06-13,1685.03,Electronics,West,Store A,0
2024-06-13,1011.34,Fashion,North,Store B,0
2024-06-13,1215.19,Fashion,South,Store B,0
2024-06-13,1112.09,Fashion,East,Store A,0
2024-06-13,1213.17,Fashion,West,Store A,0
2024-06-13,841.44,Home,North,Store C,0
2024-06-13,1057.5,Home,South,Store C,0
2024-06-13,851.24,Home,East,Store B,0
2024-06-13,1093.03,Home,West,Store B,0
2024-06-14,1006.5,Grocery,North,Store C,0
2024-06-14,1165.14,Grocery,South,Store C,0
2024-06-14,1142.27,Grocery,East,Store B,0
2024-06-14,1402.13,Grocery,West,Store B,0
2024-06-14,1230.86,Electronics,North,Store C,0
2024-06-14,1466.02,Electronics,South,Store C,0
2024-06-14,1355.27,Electronics,East,Store B,0
2024-06-14,1592.6,Electronics,West,Store B,0
2024-06-14,895.79,Fashion,North,Store C,0
2024-06-14,961.63,Fashion,South,Store C,0
2024-06-14,1050.86,Fashion,East,Store B,0
2024-06-14,1338.89,Fashion,West,Store B,0
2024-06-14,1142.52,Home,North,Online,0
2024-06-14,1309.61,Home,South,Online,0
2024-06-14,841.53,Home,East,Store C,0
2024-06-14,1009.55,Home,West,Store C,0
2024-06-15,1962.9,Grocery,North,Online,1
2024-06-15,2283.2,Grocery,South,Online,1
2024-06-15,1558.26,Grocery,East,Store C,1
2024-06-15,1791.89,Grocery,West,Store C,1
2024-06-15,2298.89,Electronics,North,Online,1
2024-06-15,2626.16,Electronics,South,Online,1
2024-06-15,1735.27,Electronics,East,Store C,1
2024-06-15,2023.4,Electronics,West,Store C,1
2024-06-15,1685.01,Fashion,North,Online,1
2024-06-15,1991.33,Fashion,South,Online,1
2024-06-15,1335.25,Fashion,East,Store C,1
2024-06-15,1518.68,Fashion,West,Store C,1
2024-06-15,1300.36,Home,North,Store A,1
2024-06-15,1465.02,Home,South,Store A,1
2024-06-15,1554.45,Home,East,Online,1
2024-06-15,1895.95,Home,West,Online,1
2024-06-16,1314.32,Grocery,North,Store A,0
2024-06-16,1482.26,Grocery,South,Store A,0
2024-06-16,1706.66,Grocery,East,Online,0
2024-06-16,1855.14,Grocery,West,Online,0
2024-06-16,1493.66,Electronics,North,Store A,0
2024-06-16,1824.73,Electronics,South,Store A,0
2024-06-16,1997.73,Electronics,East,Online,0
2024-06-16,2380.64,Electronics,West,Online,0
2024-06-16,1189.45,Fashion,North,Store A,0
2024-06-16,1337.2,Fashion,South,Store A,0
2024-06-16,1514.98,Fashion,East,Online,0
2024-06-16,1769.43,Fashion,West,Online,0
2024-06-16,1106.43,Home,North,Store B,0
2024-06-16,1144.5,Home,South,Store B,0
2024-06-16,1126.82,Home,East,Store A,0
2024-06-16,1473.4,Home,West,Store A,0
2024-06-17,1069.58,Grocery,North,Store B,0
2024-06-17,1260.28,Grocery,South,Store B,0
2024-06-17,1230.76,Grocery,East,Store A,0
2024-06-17,1454.97,Grocery,West,Store A,0
2024-06-17,1315.93,Electronics,North,Store B,0
2024-06-17,1490.46,Electronics,South,Store B,0
2024-06-17,1443.82,Electronics,East,Store A,0
2024-06-17,1670.8,Electronics,West,Store A,0
2024-06-17,1006.64,Fashion,North,Store B,0
2024-06-17,1237.05,Fashion,South,Store B,0
2024-06-17,1160.51,Fashion,East,Store A,0
2024-06-17,1311.56,Fashion,West,Store A,0
2024-06-17,872.14,Home,North,Store C,0
2024-06-17,891.37,Home,South,Store C,0
2024-06-17,901.95,Home,East,Store B,0
2024-06-17,1136.7,Home,West,Store B,0
2024-06-18,1094.32,Grocery,North,Store C,0
2024-06-18,1110.16,Grocery,South,Store C,0
2024-06-18,1097.86,Grocery,East,Store B,0
2024-06-18,1450.97,Grocery,West,Store B,0
2024-06-18,1223.76,Electronics,North,Store C,0
2024-06-18,1487.26,Electronics,South,Store C,0
2024-06-18,1364.54,Electronics,East,Store B,0
2024-06-18,1615.24,Electronics,West,Store B,0
2024-06-18,909.92,Fashion,North,Store C,0
2024-06-18,1106.72,Fashion,South,Store C,0
2024-06-18,1103.84,Fashion,East,Store B,0
2024-06-18,1161.27,Fashion,West,Store B,0
2024-06-18,1090.89,Home,North,Online,0
2024-06-18,1314.15,Home,South,Online,0
2024-06-18,851.68,Home,East,Store C,0
2024-06-18,989.41,Home,West,Store C,0
2024-06-19,1418.04,Grocery,North,Online,0
2024-06-19,1611.64,Grocery,South,Online,0
2024-06-19,1029.18,Grocery,East,Store C,0
2024-06-19,1259.17,Grocery,West,Store C,0
2024-06-19,1573.17,Electronics,North,Online,0
2024-06-19,1817.14,Electronics,South,Online,0
2024-06-19,1275.1,Electronics,East,Store C,0
2024-06-19,1502.94,Electronics,West,Store C,0
2024-06-19,1193.87,Fashion,North,Online,0
2024-06-19,1380.13,Fashion,South,Online,0
2024-06-19,906.02,Fashion,East,Store C,0
2024-06-19,1166.8,Fashion,West,Store C,0
2024-06-19,821.48,Home,North,Store A,0
2024-06-19,1002.64,Home,South,Store A,0
2024-06-19,1053.19,Home,East,Online,0
2024-06-19,1390.97,Home,West,Online,0
2024-06-20,1041.75,Grocery,North,Store A,0
2024-06-20,1300.43,Grocery,South,Store A,0
2024-06-20,1508.37,Grocery,East,Online,0
2024-06-20,1770.72,Grocery,West,Online,0
2024-06-20,1273.63,Electronics,North,Store A,0
2024-06-20,1579.24,Electronics,South,Store A,0
2024-06-20,1652.24,Electronics,East,Online,0
2024-06-20,1954.48,Electronics,West,Online,0
2024-06-20,1037.98,Fashion,North,Store A,0
2024-06-20,1256.18,Fashion,South,Store A,0
2024-06-20,1330.99,Fashion,East,Online,0
2024-06-20,1497.08,Fashion,West,Online,0
2024-06-20,913.42,Home,North,Store B,0
2024-06-20,872.2,Home,South,Store B,0
2024-06-20,926.28,Home,East,Store A,0
2024-06-20,1100.11,Home,West,Store A,0
2024-06-21,1077.64,Grocery,North,Store B,0
2024-06-21,1210.61,Grocery,South,Store B,0
2024-06-21,1179.73,Grocery,East,Store A,0
2024-06-21,1396.02,Grocery,West,Store A,0
2024-06-21,1292.86,Electronics,North,Store B,0
2024-06-21,1499.97,Electronics,South,Store B,0
2024-06-21,1437.25,Electronics,East,Store A,0
2024-06-21,1675.88,Electronics,West,Store A,0
2024-06-21,1004.46,Fashion,North,Store B,0
2024-06-21,1163.66,Fashion,South,Store B,0
2024-06-21,1056.29,Fashion,East,Store A,0
2024-06-21,1283.24,Fashion,West,Store A,0
2024-06-21,883.66,Home,North,Store C,0
2024-06-21,872.47,Home,South,Store C,0
2024-06-21,1009.63,Home,East,Store B,0
2024-06-21,1003.93,Home,West,Store B,0
2024-06-22,1147.92,Grocery,North,Store C,0
2024-06-22,1276.04,Grocery,South,Store C,0
2024-06-22,1416.25,Grocery,East,Store B,0
2024-06-22,1506.25,Grocery,West,Store B,0
2024-06-22,1376.71,Electronics,North,Store C,0
2024-06-22,1578.07,Electronics,South,Store C,0
2024-06-22,1564.75,Electronics,East,Store B,0
2024-06-22,1827.86,Electronics,West,Store B,0
2024-06-22,1060.72,Fashion,North,Store C,0
2024-06-22,1021.62,Fashion,South,Store C,0
2024-06-22,1189.23,Fashion,East,Store B,0
2024-06-22,1404.92,Fashion,West,Store B,0
2024-06-22,1336.69,Home,North,Online,0
2024-06-22,1528.53,Home,South,Online,0
2024-06-22,979.43,Home,East,Store C,0
2024-06-22,1216.44,Home,West,Store C,0
2024-06-23,1509.62,Grocery,North,Online,0
2024-06-23,1829.57,Grocery,South,Online,0
2024-06-23,1183.08,Grocery,East,Store C,0
2024-06-23,1372.49,Grocery,West,Store C,0
2024-06-23,1879.36,Electronics,North,Online,0
2024-06-23,2227.92,Electronics,South,Online,0
2024-06-23,1471.55,Electronics,East,Store C,0
2024-06-23,1812.36,Electronics,West,Store C,0
2024-06-23,1395.96,Fashion,North,Online,0
2024-06-23,1693.52,Fashion,South,Online,0
2024-06-23,1075.77,Fashion,East,Store C,0
2024-06-23,1328.21,Fashion,West,Store C,0
2024-06-23,1083.33,Home,North,Store A,0
2024-06-23,1255.97,Home,South,Store A,0
2024-06-23,1345.61,Home,East,Online,0
2024-06-23,1535.78,Home,West,Online,0
2024-06-24,1181.83,Grocery,North,Store A,0
2024-06-24,1385.41,Grocery,South,Store A,0
2024-06-24,1376.78,Grocery,East,Online,0
2024-06-24,1566.72,Grocery,West,Online,0
2024-06-24,1391.4,Electronics,North,Store A,0
2024-06-24,1534.36,Electronics,South,Store A,0
2024-06-24,1688.23,Electronics,East,Online,0
2024-06-24,2037.44,Electronics,West,Online,0
2024-06-24,1012.26,Fashion,North,Store A,0
2024-06-24,1166.04,Fashion,South,Store A,0
2024-06-24,1283.98,Fashion,East,Online,0
2024-06-24,1607.17,Fashion,West,Online,0
2024-06-24,870.56,Home,North,Store B,0
2024-06-24,921.11,Home,South,Store B,0
2024-06-24,895.57,Home,East,Store A,0
2024-06-24,1145.57,Home,West,Store A,0
2024-06-25,1217.38,Grocery,North,Store B,1
2024-06-25,1370.52,Grocery,South,Store B,1
2024-06-25,1450.57,Grocery,East,Store A,1
2024-06-25,1713.27,Grocery,West,Store A,1
2024-06-25,1519.49,Electronics,North,Store B,1
2024-06-25,1768.83,Electronics,South,Store B,1
2024-06-25,1713.88,Electronics,East,Store A,1
2024-06-25,2049.56,Electronics,West,Store A,1
2024-06-25,1204.33,Fashion,North,Store B,1
2024-06-25,1189.7,Fashion,South,Store B,1
2024-06-25,1282.42,Fashion,East,Store A,1
2024-06-25,1562.11,Fashion,West,Store A,1
2024-06-25,954.64,Home,North,Store C,1
2024-06-25,1114.35,Home,South,Store C,1
2024-06-25,1126.53,Home,East,Store B,1
2024-06-25,1289.02,Home,West,Store B,1
2024-06-26,1082.23,Grocery,North,Store C,0
2024-06-26,1199.48,Grocery,South,Store C,0
2024-06-26,1103.24,Grocery,East,Store B,0
2024-06-26,1302.7,Grocery,West,Store B,0
2024-06-26,1045.77,Electronics,North,Store C,0
2024-06-26,1350.89,Electronics,South,Store C,0
2024-06-26,1261.04,Electronics,East,Store B,0
2024-06-26,1592.93,Electronics,West,Store B,0
2024-06-26,923.01,Fashion,North,Store C,0
2024-06-26,1079.37,Fashion,South,Store C,0
2024-06-26,1092.53,Fashion,East,Store B,0
2024-06-26,1200.83,Fashion,West,Store B,0
2024-06-26,1221.18,Home,North,Online,0
2024-06-26,1260.09,Home,South,Online,0
2024-06-26,775.52,Home,East,Store C,0
2024-06-26,972.34,Home,West,Store C,0
2024-06-27,1324.11,Grocery,North,Online,0
2024-06-27,1563.13,Grocery,South,Online,0
2024-06-27,987.96,Grocery,East,Store C,0
2024-06-27,1214.71,Grocery,West,Store C,0
2024-06-27,1609.23,Electronics,North,Online,0
2024-06-27,1817.22,Electronics,South,Online,0
2024-06-27,1296.23,Electronics,East,Store C,0
2024-06-27,1516.76,Electronics,West,Store C,0
2024-06-27,1294.82,Fashion,North,Online,0
2024-06-27,1382.65,Fashion,South,Online,0
2024-06-27,1018.06,Fashion,East,Store C,0
2024-06-27,1051.75,Fashion,West,Store C,0
2024-06-27,841.12,Home,North,Store A,0
2024-06-27,977.61,Home,South,Store A,0
2024-06-27,1140.97,Home,East,Online,0
2024-06-27,1416.07,Home,West,Online,0
2024-06-28,1092.71,Grocery,North,Store A,0
2024-06-28,1255.31,Grocery,South,Store A,0
2024-06-28,1387.58,Grocery,East,Online,0
2024-06-28,1688.01,Grocery,West,Online,0
2024-06-28,1328.55,Electronics,North,Store A,0
2024-06-28,1512.85,Electronics,South,Store A,0
2024-06-28,1610.1,Electronics,East,Online,0
2024-06-28,1961.97,Electronics,West,Online,0
2024-06-28,1095.18,Fashion,North,Store A,0
2024-06-28,1177.93,Fashion,South,Store A,0
2024-06-28,1240.17,Fashion,East,Online,0
2024-06-28,1584.11,Fashion,West,Online,0
2024-06-28,830.9,Home,North,Store B,0
2024-06-28,1060.55,Home,South,Store B,0
2024-06-28,1032.11,Home,East,Store A,0
2024-06-28,1133.38,Home,West,Store A,0
2024-06-29,1146.12,Grocery,North,Store B,0
2024-06-29,1524.36,Grocery,South,Store B,0
2024-06-29,1380.53,Grocery,East,Store A,0
2024-06-29,1591.07,Grocery,West,Store A,0
2024-06-29,1531.0,Electronics,North,Store B,0
2024-06-29,1721.5,Electronics,South,Store B,0
2024-06-29,1707.79,Electronics,East,Store A,0
2024-06-29,1899.69,Electronics,West,Store A,0
2024-06-29,1141.94,Fashion,North,Store B,0
2024-06-29,1214.71,Fashion,South,Store B,0
2024-06-29,1280.69,Fashion,East,Store A,0
2024-06-29,1471.28,Fashion,West,Store A,0
2024-06-29,953.75,Home,North,Store C,0
2024-06-29,1060.01,Home,South,Store C,0
2024-06-29,1028.22,Home,East,Store B,0
2024-06-29,1185.66,Home,West,Store B,0
2024-06-30,1194.84,Grocery,North,Store C,0
2024-06-30,1392.53,Grocery,South,Store C,0
2024-06-30,1248.02,Grocery,East,Store B,0
2024-06-30,1543.94,Grocery,West,Store B,0
2024-06-30,1409.31,Electronics,North,Store C,0
2024-06-30,1577.6,Electronics,South,Store C,0
2024-06-30,1454.74,Electronics,East,Store B,0
2024-06-30,1749.73,Electronics,West,Store B,0
2024-06-30,1010.84,Fashion,North,Store C,0
2024-06-30,1081.88,Fashion,South,Store C,0
2024-06-30,1247.72,Fashion,East,Store B,0
2024-06-30,1405.45,Fashion,West,Store B,0
2024-06-30,1260.86,Home,North,Online,0
2024-06-30,1316.65,Home,South,Online,0
2024-06-30,876.25,Home,East,Store C,0
2024-06-30,1155.8,Home,West,Store C,0
2024-07-01,1163.86,Grocery,North,Store B,0
2024-07-01,1163.03,Grocery,South,Store B,0
2024-07-01,1215.28,Grocery,East,Store A,0
2024-07-01,1355.86,Grocery,West,Store A,0
2024-07-01,1273.2,Electronics,North,Store B,0
2024-07-01,1512.63,Electronics,South,Store B,0
2024-07-01,1386.26,Electronics,East,Store A,0
2024-07-01,1625.44,Electronics,West,Store A,0
2024-07-01,1044.03,Fashion,North,Store B,0
2024-07-01,1102.14,Fashion,South,Store B,0
2024-07-01,1128.82,Fashion,East,Store A,0
2024-07-01,1227.43,Fashion,West,Store A,0
2024-07-01,883.49,Home,North,Store C,0
2024-07-01,932.66,Home,South,Store C,0
2024-07-01,919.15,Home,East,Store B,0
2024-07-01,1066.91,Home,West,Store B,0
2024-07-02,961.37,Grocery,North,Store C,0
2024-07-02,1125.88,Grocery,South,Store C,0
2024-07-02,1074.18,Grocery,East,Store B,0
2024-07-02,1353.06,Grocery,West,Store B,0
2024-07-02,1179.19,Electronics,North,Store C,0
2024-07-02,1272.68,Electronics,South,Store C,0
2024-07-02,1229.58,Electronics,East,Store B,0
2024-07-02,1469.79,Electronics,West,Store B,0
2024-07-02,939.33,Fashion,North,Store C,0
2024-07-02,967.22,Fashion,South,Store C,0
2024-07-02,1021.93,Fashion,East,Store B,0
2024-07-02,1197.61,Fashion,West,Store B,0
2024-07-02,1081.1,Home,North,Online,0
2024-07-02,1258.78,Home,South,Online,0
2024-07-02,847.7,Home,East,Store C,0
2024-07-02,844.06,Home,West,Store C,0
2024-07-03,1313.15,Grocery,North,Online,0
2024-07-03,1538.4,Grocery,South,Online,0
2024-07-03,1119.72,Grocery,East,Store C,0
2024-07-03,1311.35,Grocery,West,Store C,0
2024-07-03,1526.68,Electronics,North,Online,0
2024-07-03,1803.92,Electronics,South,Online,0
2024-07-03,1152.75,Electronics,East,Store C,0
2024-07-03,1550.04,Electronics,West,Store C,0
2024-07-03,1273.87,Fashion,North,Online,0
2024-07-03,1405.91,Fashion,South,Online,0
2024-07-03,951.39,Fashion,East,Store C,0
2024-07-03,1191.26,Fashion,West,Store C,0
2024-07-03,974.78,Home,North,Store A,0
2024-07-03,1097.45,Home,South,Store A,0
2024-07-03,1154.0,Home,East,Online,0
2024-07-03,1317.02,Home,West,Online,0
2024-07-04,1156.56,Grocery,North,Store A,0
2024-07-04,1313.37,Grocery,South,Store A,0
2024-07-04,1374.72,Grocery,East,Online,0
2024-07-04,1620.32,Grocery,West,Online,0
2024-07-04,1403.35,Electronics,North,Store A,0
2024-07-04,1618.01,Electronics,South,Store A,0
2024-07-04,1625.73,Electronics,East,Online,0
2024-07-04,1958.64,Electronics,West,Online,0
2024-07-04,1039.23,Fashion,North,Store A,0
2024-07-04,1187.75,Fashion,South,Store A,0
2024-07-04,1239.09,Fashion,East,Online,0
2024-07-04,1604.28,Fashion,West,Online,0
2024-07-04,877.52,Home,North,Store B,0
2024-07-04,1001.68,Home,South,Store B,0
2024-07-04,1041.92,Home,East,Store A,0
2024-07-04,1094.09,Home,West,Store A,0
2024-07-05,1253.07,Grocery,North,Store B,1
2024-07-05,1362.97,Grocery,South,Store B,1
2024-07-05,1382.28,Grocery,East,Store A,1
2024-07-05,1565.49,Grocery,West,Store A,1
2024-07-05,1554.91,Electronics,North,Store B,1
2024-07-05,1746.24,Electronics,South,Store B,1
2024-07-05,1659.58,Electronics,East,Store A,1
2024-07-05,1976.92,Electronics,West,Store A,1
2024-07-05,1193.21,Fashion,North,Store B,1
2024-07-05,1248.08,Fashion,South,Store B,1
2024-07-05,1285.04,Fashion,East,Store A,1
2024-07-05,1546.25,Fashion,West,Store A,1
2024-07-05,862.72,Home,North,Store C,1
2024-07-05,1131.29,Home,South,Store C,1
2024-07-05,974.88,Home,East,Store B,1
2024-07-05,1256.45,Home,West,Store B,1
2024-07-06,1075.6,Grocery,North,Store C,0
2024-07-06,1375.91,Grocery,South,Store C,0
2024-07-06,1201.93,Grocery,East,Store B,0
2024-07-06,1407.26,Grocery,West,Store B,0
2024-07-06,1378.71,Electronics,North,Store C,0
2024-07-06,1538.28,Electronics,South,Store C,0
2024-07-06,1440.22,Electronics,East,Store B,0
2024-07-06,1831.62,Electronics,West,Store B,0
2024-07-06,933.48,Fashion,North,Store C,0
2024-07-06,1130.27,Fashion,South,Store C,0
2024-07-06,1126.68,Fashion,East,Store B,0
2024-07-06,1415.19,Fashion,West,Store B,0
2024-07-06,1320.85,Home,North,Online,0
2024-07-06,1483.07,Home,South,Online,0
2024-07-06,958.15,Home,East,Store C,0
2024-07-06,1010.61,Home,West,Store C,0
2024-07-07,1554.83,Grocery,North,Online,0
2024-07-07,1826.27,Grocery,South,Online,0
2024-07-07,1253.9,Grocery,East,Store C,0
2024-07-07,1429.35,Grocery,West,Store C,0
2024-07-07,1779.77,Electronics,North,Online,0
2024-07-07,2071.49,Electronics,South,Online,0
2024-07-07,1533.63,Electronics,East,Store C,0
2024-07-07,1611.5,Electronics,West,Store C,0
2024-07-07,1340.26,Fashion,North,Online,0
2024-07-07,1649.31,Fashion,South,Online,0
2024-07-07,1061.82,Fashion,East,Store C,0
2024-07-07,1219.92,Fashion,West,Store C,0
2024-07-07,1130.29,Home,North,Store A,0
2024-07-07,1216.31,Home,South,Store A,0
2024-07-07,1279.54,Home,East,Online,0
2024-07-07,1476.4,Home,West,Online,0
2024-07-08,1219.34,Grocery,North,Store A,0
2024-07-08,1258.45,Grocery,South,Store A,0
2024-07-08,1452.57,Grocery,East,Online,0
2024-07-08,1677.55,Grocery,West,Online,0
2024-07-08,1303.18,Electronics,North,Store A,0
2024-07-08,1487.81,Electronics,South,Store A,0
2024-07-08,1735.07,Electronics,East,Online,0
2024-07-08,2040.04,Electronics,West,Online,0
2024-07-08,909.71,Fashion,North,Store A,0
2024-07-08,1183.27,Fashion,South,Store A,0
2024-07-08,1252.46,Fashion,East,Online,0
2024-07-08,1433.57,Fashion,West,Online,0
2024-07-08,862.84,Home,North,Store B,0
2024-07-08,891.56,Home,South,Store B,0
2024-07-08,913.05,Home,East,Store A,0
2024-07-08,1067.21,Home,West,Store A,0
2024-07-09,1013.6,Grocery,North,Store B,0
2024-07-09,1181.14,Grocery,South,Store B,0
2024-07-09,1095.99,Grocery,East,Store A,0
2024-07-09,1449.93,Grocery,West,Store A,0
2024-07-09,1279.97,Electronics,North,Store B,0
2024-07-09,1524.8,Electronics,South,Store B,0
2024-07-09,1377.31,Electronics,East,Store A,0
2024-07-09,1610.53,Electronics,West,Store A,0
2024-07-09,1049.57,Fashion,North,Store B,0
2024-07-09,1052.85,Fashion,South,Store B,0
2024-07-09,1044.42,Fashion,East,Store A,0
2024-07-09,1287.47,Fashion,West,Store A,0
2024-07-09,727.06,Home,North,Store C,0
2024-07-09,944.22,Home,South,Store C,0
2024-07-09,915.11,Home,East,Store B,0
2024-07-09,1115.03,Home,West,Store B,0
2024-07-10,1024.62,Grocery,North,Store C,0
2024-07-10,1182.1,Grocery,South,Store C,0
2024-07-10,1077.45,Grocery,East,Store B,0
2024-07-10,1235.09,Grocery,West,Store B,0
2024-07-10,1290.16,Electronics,North,Store C,0
2024-07-10,1252.52,Electronics,South,Store C,0
2024-07-10,1225.45,Electronics,East,Store B,0
2024-07-10,1574.48,Electronics,West,Store B,0
2024-07-10,982.36,Fashion,North,Store C,0
2024-07-10,1026.91,Fashion,South,Store C,0
2024-07-10,1046.66,Fashion,East,Store B,0
2024-07-10,1064.08,Fashion,West,Store B,0
2024-07-10,1042.38,Home,North,Online,0
2024-07-10,1114.75,Home,South,Online,0
2024-07-10,870.47,Home,East,Store C,0
2024-07-10,894.44,Home,West,Store C,0
2024-07-11,1242.5,Grocery,North,Online,0
2024-07-11,1522.6,Grocery,South,Online,0
2024-07-11,1073.84,Grocery,East,Store C,0
2024-07-11,1193.21,Grocery,West,Store C,0
2024-07-11,1611.14,Electronics,North,Online,0
2024-07-11,1827.84,Electronics,South,Online,0
2024-07-11,1210.12,Electronics,East,Store C,0
2024-07-11,1386.21,Electronics,West,Store C,0
2024-07-11,1232.59,Fashion,North,Online,0
2024-07-11,1401.41,Fashion,South,Online,0
2024-07-11,978.56,Fashion,East,Store C,0
2024-07-11,1117.26,Fashion,West,Store C,0
2024-07-11,831.49,Home,North,Store A,0
2024-07-11,1057.61,Home,South,Store A,0
2024-07-11,1113.39,Home,East,Online,0
2024-07-11,1291.43,Home,West,Online,0
2024-07-12,1082.95,Grocery,North,Store A,0
2024-07-12,1213.2,Grocery,South,Store A,0
2024-07-12,1415.18,Grocery,East,Online,0
2024-07-12,1539.25,Grocery,West,Online,0
2024-07-12,1268.07,Electronics,North,Store A,0
2024-07-12,1487.55,Electronics,South,Store A,0
2024-07-12,1732.94,Electronics,East,Online,0
2024-07-12,2004.16,Electronics,West,Online,0
2024-07-12,915.76,Fashion,North,Store A,0
2024-07-12,1219.45,Fashion,South,Store A,0
2024-07-12,1324.72,Fashion,East,Online,0
2024-07-12,1415.62,Fashion,West,Online,0
2024-07-12,703.95,Home,North,Store B,0
2024-07-12,955.2,Home,South,Store B,0
2024-07-12,994.01,Home,East,Store A,0
2024-07-12,1191.03,Home,West,Store A,0
2024-07-13,1151.5,Grocery,North,Store B,0
2024-07-13,1461.63,Grocery,South,Store B,0
2024-07-13,1204.46,Grocery,East,Store A,0
2024-07-13,1550.49,Grocery,West,Store A,0
2024-07-13,1420.4,Electronics,North,Store B,0
2024-07-13,1706.34,Electronics,South,Store B,0
2024-07-13,1668.3,Electronics,East,Store A,0
2024-07-13,1942.68,Electronics,West,Store A,0
2024-07-13,1023.48,Fashion,North,Store B,0
2024-07-13,1297.02,Fashion,South,Store B,0
2024-07-13,1242.54,Fashion,East,Store A,0
2024-07-13,1345.7,Fashion,West,Store A,0
2024-07-13,802.36,Home,North,Store C,0
2024-07-13,1099.82,Home,South,Store C,0
2024-07-13,1007.4,Home,East,Store B,0
2024-07-13,1133.47,Home,West,Store B,0
2024-07-14,1112.59,Grocery,North,Store C,0
2024-07-14,1299.52,Grocery,South,Store C,0
2024-07-14,1243.75,Grocery,East,Store B,0
2024-07-14,1392.22,Grocery,West,Store B,0
2024-07-14,1456.37,Electronics,North,Store C,0
2024-07-14,1594.97,Electronics,South,Store C,0
2024-07-14,1483.75,Electronics,East,Store B,0
2024-07-14,1761.88,Electronics,West,Store B,0
2024-07-14,1048.56,Fashion,North,Store C,0
2024-07-14,1108.94,Fashion,South,Store C,0
2024-07-14,1160.26,Fashion,East,Store B,0
2024-07-14,1279.17,Fashion,West,Store B,0
2024-07-14,1228.68,Home,North,Online,0
2024-07-14,1338.74,Home,South,Online,0
2024-07-14,891.9,Home,East,Store C,0
2024-07-14,1219.02,Home,West,Store C,0
2024-07-15,1567.84,Grocery,North,Online,1
2024-07-15,1792.37,Grocery,South,Online,1
2024-07-15,1099.59,Grocery,East,Store C,1
2024-07-15,1399.67,Grocery,West,Store C,1
2024-07-15,1908.17,Electronics,North,Online,1
2024-07-15,2153.87,Electronics,South,Online,1
2024-07-15,1337.89,Electronics,East,Store C,1
2024-07-15,1735.25,Electronics,West,Store C,1
2024-07-15,1452.15,Fashion,North,Online,1
2024-07-15,1700.64,Fashion,South,Online,1
2024-07-15,1071.62,Fashion,East,Store C,1
2024-07-15,1187.79,Fashion,West,Store C,1
2024-07-15,1012.76,Home,North,Store A,1
2024-07-15,1154.89,Home,South,Store A,1
2024-07-15,1367.57,Home,East,Online,1
2024-07-15,1421.37,Home,West,Online,1
2024-07-16,1067.01,Grocery,North,Store A,0
2024-07-16,1321.06,Grocery,South,Store A,0
2024-07-16,1357.39,Grocery,East,Online,0
2024-07-16,1655.53,Grocery,West,Online,0
2024-07-16,1223.4,Electronics,North,Store A,0
2024-07-16,1407.28,Electronics,South,Store A,0
2024-07-16,1712.04,Electronics,East,Online,0
2024-07-16,1938.5,Electronics,West,Online,0
2024-07-16,1004.84,Fashion,North,Store A,0
2024-07-16,1075.84,Fashion,South,Store A,0
2024-07-16,1247.54,Fashion,East,Online,0
2024-07-16,1407.09,Fashion,West,Online,0
2024-07-16,902.18,Home,North,Store B,0
2024-07-16,1102.67,Home,South,Store B,0
2024-07-16,952.55,Home,East,Store A,0
2024-07-16,1061.08,Home,West,Store A,0
2024-07-17,887.59,Grocery,North,Store B,0
2024-07-17,1076.32,Grocery,South,Store B,0
2024-07-17,1221.71,Grocery,East,Store A,0
2024-07-17,1288.28,Grocery,West,Store A,0
2024-07-17,1215.42,Electronics,North,Store B,0
2024-07-17,1442.77,Electronics,South,Store B,0
2024-07-17,1448.81,Electronics,East,Store A,0
2024-07-17,1607.44,Electronics,West,Store A,0
2024-07-17,917.66,Fashion,North,Store B,0
2024-07-17,1073.84,Fashion,South,Store B,0
2024-07-17,1005.39,Fashion,East,Store A,0
2024-07-17,1199.35,Fashion,West,Store A,0
2024-07-17,806.98,Home,North,Store C,0
2024-07-17,902.99,Home,South,Store C,0
2024-07-17,988.27,Home,East,Store B,0
2024-07-17,1055.16,Home,West,Store B,0
2024-07-18,1025.76,Grocery,North,Store C,0
2024-07-18,1036.63,Grocery,South,Store C,0
2024-07-18,1097.72,Grocery,East,Store B,0
2024-07-18,1225.39,Grocery,West,Store B,0
2024-07-18,1179.94,Electronics,North,Store C,0
2024-07-18,1356.24,Electronics,South,Store C,0
2024-07-18,1288.97,Electronics,East,Store B,0
2024-07-18,1654.88,Electronics,West,Store B,0
2024-07-18,959.42,Fashion,North,Store C,0
2024-07-18,1067.45,Fashion,South,Store C,0
2024-07-18,1020.29,Fashion,East,Store B,0
2024-07-18,1254.92,Fashion,West,Store B,0
2024-07-18,976.32,Home,North,Online,0
2024-07-18,1276.67,Home,South,Online,0
2024-07-18,761.81,Home,East,Store C,0
2024-07-18,935.22,Home,West,Store C,0
2024-07-19,1325.9,Grocery,North,Online,0
2024-07-19,1541.95,Grocery,South,Online,0
2024-07-19,938.26,Grocery,East,Store C,0
2024-07-19,1157.51,Grocery,West,Store C,0
2024-07-19,1563.78,Electronics,North,Online,0
2024-07-19,1763.7,Electronics,South,Online,0
2024-07-19,1252.42,Electronics,East,Store C,0
2024-07-19,1615.83,Electronics,West,Store C,0
2024-07-19,1208.34,Fashion,North,Online,0
2024-07-19,1308.76,Fashion,South,Online,0
2024-07-19,845.51,Fashion,East,Store C,0
2024-07-19,1067.33,Fashion,West,Store C,0
2024-07-19,831.93,Home,North,Store A,0
2024-07-19,1031.57,Home,South,Store A,0
2024-07-19,1123.27,Home,East,Online,0
2024-07-19,1274.69,Home,West,Online,0
2024-07-20,1367.0,Grocery,North,Store A,0
2024-07-20,1391.33,Grocery,South,Store A,0
2024-07-20,1556.96,Grocery,East,Online,0
2024-07-20,1885.86,Grocery,West,Online,0
2024-07-20,1562.72,Electronics,North,Store A,0
2024-07-20,1793.25,Electronics,South,Store A,0
2024-07-20,1905.1,Electronics,East,Online,0
2024-07-20,2284.93,Electronics,West,Online,0
2024-07-20,1114.65,Fashion,North,Store A,0
2024-07-20,1360.94,Fashion,South,Store A,0
2024-07-20,1480.79,Fashion,East,Online,0
2024-07-20,1777.08,Fashion,West,Online,0
2024-07-20,872.51,Home,North,Store B,0
2024-07-20,1047.74,Home,South,Store B,0
2024-07-20,1112.13,Home,East,Store A,0
2024-07-20,1116.99,Home,West,Store A,0
2024-07-21,1210.34,Grocery,North,Store B,0
2024-07-21,1405.22,Grocery,South,Store B,0
2024-07-21,1277.46,Grocery,East,Store A,0
2024-07-21,1525.96,Grocery,West,Store A,0
2024-07-21,1364.87,Electronics,North,Store B,0
2024-07-21,1592.19,Electronics,South,Store B,0
2024-07-21,1548.34,Electronics,East,Store A,0
2024-07-21,1827.24,Electronics,West,Store A,0
2024-07-21,1042.43,Fashion,North,Store B,0
2024-07-21,1217.88,Fashion,South,Store B,0
2024-07-21,1182.65,Fashion,East,Store A,0
2024-07-21,1521.38,Fashion,West,Store A,0
2024-07-21,882.05,Home,North,Store C,0
2024-07-21,1047.64,Home,South,Store C,0
2024-07-21,971.91,Home,East,Store B,0
2024-07-21,1155.55,Home,West,Store B,0
2024-07-22,862.29,Grocery,North,Store C,0
2024-07-22,1001.82,Grocery,South,Store C,0
2024-07-22,995.33,Grocery,East,Store B,0
2024-07-22,1266.83,Grocery,West,Store B,0
2024-07-22,1209.67,Electronics,North,Store C,0
2024-07-22,1211.32,Electronics,South,Store C,0
2024-07-22,1247.46,Electronics,East,Store B,0
2024-07-22,1437.15,Electronics,West,Store B,0
2024-07-22,860.48,Fashion,North,Store C,0
2024-07-22,1055.19,Fashion,South,Store C,0
2024-07-22,947.16,Fashion,East,Store B,0
2024-07-22,1147.61,Fashion,West,Store B,0
2024-07-22,1128.36,Home,North,Online,0
2024-07-22,1218.49,Home,South,Online,0
2024-07-22,769.08,Home,East,Store C,0
2024-07-22,968.56,Home,West,Store C,0
2024-07-23,1240.92,Grocery,North,Online,0
2024-07-23,1487.48,Grocery,South,Online,0
2024-07-23,1023.41,Grocery,East,Store C,0
2024-07-23,1102.64,Grocery,West,Store C,0
2024-07-23,1557.72,Electronics,North,Online,0
2024-07-23,1755.72,Electronics,South,Online,0
2024-07-23,1227.41,Electronics,East,Store C,0
2024-07-23,1463.12,Electronics,West,Store C,0
2024-07-23,1203.68,Fashion,North,Online,0
2024-07-23,1323.58,Fashion,South,Online,0
2024-07-23,962.07,Fashion,East,Store C,0
2024-07-23,1030.0,Fashion,West,Store C,0
2024-07-23,805.16,Home,North,Store A,0
2024-07-23,823.44,Home,South,Store A,0
2024-07-23,1087.27,Home,East,Online,0
2024-07-23,1246.36,Home,West,Online,0
2024-07-24,1099.06,Grocery,North,Store A,0
2024-07-24,1117.73,Grocery,South,Store A,0
2024-07-24,1303.39,Grocery,East,Online,0
2024-07-24,1610.78,Grocery,West,Online,0
2024-07-24,1239.63,Electronics,North,Store A,0
2024-07-24,1498.05,Electronics,South,Store A,0
2024-07-24,1580.68,Electronics,East,Online,0
2024-07-24,1905.47,Electronics,West,Online,0
2024-07-24,1018.63,Fashion,North,Store A,0
2024-07-24,1174.64,Fashion,South,Store A,0
2024-07-24,1230.6,Fashion,East,Online,0
2024-07-24,1405.83,Fashion,West,Online,0
2024-07-24,800.6,Home,North,Store B,0
2024-07-24,975.03,Home,South,Store B,0
2024-07-24,857.47,Home,East,Store A,0
2024-07-24,1071.66,Home,West,Store A,0
2024-07-25,1194.83,Grocery,North,Store B,1
2024-07-25,1378.55,Grocery,South,Store B,1
2024-07-25,1289.92,Grocery,East,Store A,1
2024-07-25,1490.69,Grocery,West,Store A,1
2024-07-25,1492.03,Electronics,North,Store B,1
2024-07-25,1718.8,Electronics,South,Store B,1
2024-07-25,1520.5,Electronics,East,Store A,1
2024-07-25,1936.74,Electronics,West,Store A,1
2024-07-25,1172.58,Fashion,North,Store B,1
2024-07-25,1299.7,Fashion,South,Store B,1
2024-07-25,1208.49,Fashion,East,Store A,1
2024-07-25,1405.69,Fashion,West,Store A,1
2024-07-25,933.22,Home,North,Store C,1
2024-07-25,1070.84,Home,South,Store C,1
2024-07-25,1036.7,Home,East,Store B,1
2024-07-25,1210.97,Home,West,Store B,1
2024-07-26,890.25,Grocery,North,Store C,0
2024-07-26,1104.4,Grocery,South,Store C,0
2024-07-26,1080.69,Grocery,East,Store B,0
2024-07-26,1259.58,Grocery,West,Store B,0
2024-07-26,1149.08,Electronics,North,Store C,0
2024-07-26,1393.41,Electronics,South,Store C,0
2024-07-26,1234.99,Electronics,East,Store B,0
2024-07-26,1572.95,Electronics,West,Store B,0
2024-07-26,828.94,Fashion,North,Store C,0
2024-07-26,1050.52,Fashion,South,Store C,0
2024-07-26,1033.24,Fashion,East,Store B,0
2024-07-26,1126.61,Fashion,West,Store B,0
2024-07-26,1132.84,Home,North,Online,0
2024-07-26,1211.32,Home,South,Online,0
2024-07-26,757.35,Home,East,Store C,0
2024-07-26,932.99,Home,West,Store C,0
2024-07-27,1544.91,Grocery,North,Online,0
2024-07-27,1738.42,Grocery,South,Online,0
2024-07-27,1088.62,Grocery,East,Store C,0
2024-07-27,1349.79,Grocery,West,Store C,0
2024-07-27,1795.35,Electronics,North,Online,0
2024-07-27,2002.98,Electronics,South,Online,0
2024-07-27,1509.74,Electronics,East,Store C,0
2024-07-27,1646.39,Electronics,West,Store C,0
2024-07-27,1353.56,Fashion,North,Online,0
2024-07-27,1610.12,Fashion,South,Online,0
2024-07-27,1029.53,Fashion,East,Store C,0
2024-07-27,1297.82,Fashion,West,Store C,0
2024-07-27,919.92,Home,North,Store A,0
2024-07-27,1126.6,Home,South,Store A,0
2024-07-27,1315.22,Home,East,Online,0
2024-07-27,1574.85,Home,West,Online,0
2024-07-28,1198.97,Grocery,North,Store A,0
2024-07-28,1364.25,Grocery,South,Store A,0
2024-07-28,1574.44,Grocery,East,Online,0
2024-07-28,1792.42,Grocery,West,Online,0
2024-07-28,1479.23,Electronics,North,Store A,0
2024-07-28,1748.82,Electronics,South,Store A,0
2024-07-28,1827.19,Electronics,East,Online,0
2024-07-28,2090.12,Electronics,West,Online,0
2024-07-28,1064.73,Fashion,North,Store A,0
2024-07-28,1293.98,Fashion,South,Store A,0
2024-07-28,1309.96,Fashion,East,Online,0
2024-07-28,1655.54,Fashion,West,Online,0
2024-07-28,875.19,Home,North,Store B,0
2024-07-28,1173.58,Home,South,Store B,0
2024-07-28,1172.09,Home,East,Store A,0
2024-07-28,1188.22,Home,West,Store A,0
2024-07-29,1021.04,Grocery,North,Store B,0
2024-07-29,1093.35,Grocery,South,Store B,0
2024-07-29,1097.02,Grocery,East,Store A,0
2024-07-29,1417.85,Grocery,West,Store A,0
2024-07-29,1186.05,Electronics,North,Store B,0
2024-07-29,1363.56,Electronics,South,Store B,0
2024-07-29,1288.78,Electronics,East,Store A,0
2024-07-29,1649.9,Electronics,West,Store A,0
2024-07-29,742.11,Fashion,North,Store B,0
2024-07-29,1024.69,Fashion,South,Store B,0
2024-07-29,1017.1,Fashion,East,Store A,0
2024-07-29,1170.55,Fashion,West,Store A,0
2024-07-29,816.53,Home,North,Store C,0
2024-07-29,941.5,Home,South,Store C,0
2024-07-29,776.38,Home,East,Store B,0
2024-07-29,1126.05,Home,West,Store B,0
2024-07-30,865.51,Grocery,North,Store C,0
2024-07-30,1145.19,Grocery,South,Store C,0
2024-07-30,1056.36,Grocery,East,Store B,0
2024-07-30,1212.93,Grocery,West,Store B,0
2024-07-30,1113.23,Electronics,North,Store C,0
2024-07-30,1290.98,Electronics,South,Store C,0
2024-07-30,1272.76,Electronics,East,Store B,0
2024-07-30,1442.36,Electronics,West,Store B,0
2024-07-30,850.94,Fashion,North,Store C,0
2024-07-30,940.88,Fashion,South,Store C,0
2024-07-30,892.47,Fashion,East,Store B,0
2024-07-30,1090.54,Fashion,West,Store B,0
2024-07-30,971.65,Home,North,Online,0
2024-07-30,1154.92,Home,South,Online,0
2024-07-30,824.29,Home,East,Store C,0
2024-07-30,954.17,Home,West,Store C,0
2024-07-31,1378.68,Grocery,North,Online,0
2024-07-31,1324.17,Grocery,South,Online,0
2024-07-31,1008.24,Grocery,East,Store C,0
2024-07-31,1163.22,Grocery,West,Store C,0
2024-07-31,1573.28,Electronics,North,Online,0
2024-07-31,1779.2,Electronics,South,Online,0
2024-07-31,1173.17,Electronics,East,Store C,0
2024-07-31,1408.88,Electronics,West,Store C,0
2024-07-31,1121.53,Fashion,North,Online,0
2024-07-31,1356.97,Fashion,South,Online,0
2024-07-31,795.83,Fashion,East,Store C,0
2024-07-31,1107.05,Fashion,West,Store C,0
2024-07-31,865.36,Home,North,Store A,0
2024-07-31,959.7,Home,South,Store A,0
2024-07-31,1064.48,Home,East,Online,0
2024-07-31,1266.37,Home,West,Online,0
2024-08-01,1073.59,Grocery,North,Store B,0
2024-08-01,1318.69,Grocery,South,Store B,0
2024-08-01,1175.95,Grocery,East,Store A,0
2024-08-01,1281.44,Grocery,West,Store A,0
2024-08-01,1240.72,Electronics,North,Store B,0
2024-08-01,1409.92,Electronics,South,Store B,0
2024-08-01,1283.51,Electronics,East,Store A,0
2024-08-01,1510.14,Electronics,West,Store A,0
2024-08-01,913.82,Fashion,North,Store B,0
2024-08-01,1088.59,Fashion,South,Store B,0
2024-08-01,926.24,Fashion,East,Store A,0
2024-08-01,1161.65,Fashion,West,Store A,0
2024-08-01,796.96,Home,North,Store C,0
2024-08-01,873.62,Home,South,Store C,0
2024-08-01,927.97,Home,East,Store B,0
2024-08-01,928.59,Home,West,Store B,0
2024-08-02,1068.82,Grocery,North,Store C,0
2024-08-02,984.78,Grocery,South,Store C,0
2024-08-02,931.7,Grocery,East,Store B,0
2024-08-02,1231.69,Grocery,West,Store B,0
2024-08-02,1068.13,Electronics,North,Store C,0
2024-08-02,1284.74,Electronics,South,Store C,0
2024-08-02,1251.44,Electronics,East,Store B,0
2024-08-02,1475.33,Electronics,West,Store B,0
2024-08-02,813.5,Fashion,North,Store C,0
2024-08-02,1002.54,Fashion,South,Store C,0
2024-08-02,937.43,Fashion,East,Store B,0
2024-08-02,1190.97,Fashion,West,Store B,0
2024-08-02,1020.22,Home,North,Online,0
2024-08-02,1119.55,Home,South,Online,0
2024-08-02,704.0,Home,East,Store C,0
2024-08-02,933.71,Home,West,Store C,0
2024-08-03,1396.79,Grocery,North,Online,0
2024-08-03,1595.18,Grocery,South,Online,0
2024-08-03,1163.44,Grocery,East,Store C,0
2024-08-03,1245.02,Grocery,West,Store C,0
2024-08-03,1842.56,Electronics,North,Online,0
2024-08-03,2017.76,Electronics,South,Online,0
2024-08-03,1362.74,Electronics,East,Store C,0
2024-08-03,1558.99,Electronics,West,Store C,0
2024-08-03,1384.35,Fashion,North,Online,0
2024-08-03,1527.79,Fashion,South,Online,0
2024-08-03,1000.55,Fashion,East,Store C,0
2024-08-03,1239.98,Fashion,West,Store C,0
2024-08-03,908.17,Home,North,Store A,0
2024-08-03,1049.17,Home,South,Store A,0
2024-08-03,1182.33,Home,East,Online,0
2024-08-03,1491.64,Home,West,Online,0
2024-08-04,1228.04,Grocery,North,Store A,0
2024-08-04,1455.78,Grocery,South,Store A,0
2024-08-04,1476.14,Grocery,East,Online,0
2024-08-04,1838.76,Grocery,West,Online,0
2024-08-04,1471.77,Electronics,North,Store A,0
2024-08-04,1630.57,Electronics,South,Store A,0
2024-08-04,1858.45,Electronics,East,Online,0
2024-08-04,2171.08,Electronics,West,Online,0
2024-08-04,1089.53,Fashion,North,Store A,0
2024-08-04,1281.91,Fashion,South,Store A,0
2024-08-04,1390.23,Fashion,East,Online,0
2024-08-04,1645.55,Fashion,West,Online,0
2024-08-04,918.89,Home,North,Store B,0
2024-08-04,1000.03,Home,South,Store B,0
2024-08-04,1045.87,Home,East,Store A,0
2024-08-04,1188.95,Home,West,Store A,0
2024-08-05,1139.4,Grocery,North,Store B,1
2024-08-05,1347.61,Grocery,South,Store B,1
2024-08-05,1363.07,Grocery,East,Store A,1
2024-08-05,1575.85,Grocery,West,Store A,1
2024-08-05,1409.46,Electronics,North,Store B,1
2024-08-05,1606.21,Electronics,South,Store B,1
2024-08-05,1626.69,Electronics,East,Store A,1
2024-08-05,1752.26,Electronics,West,Store A,1
2024-08-05,1138.06,Fashion,North,Store B,1
2024-08-05,1142.46,Fashion,South,Store B,1
2024-08-05,1132.76,Fashion,East,Store A,1
2024-08-05,1404.68,Fashion,West,Store A,1
2024-08-05,1032.43,Home,North,Store C,1
2024-08-05,1131.61,Home,South,Store C,1
2024-08-05,1052.87,Home,East,Store B,1
2024-08-05,1219.87,Home,West,Store B,1
2024-08-06,831.49,Grocery,North,Store C,0
2024-08-06,1071.69,Grocery,South,Store C,0
2024-08-06,1006.94,Grocery,East,Store B,0
2024-08-06,1182.73,Grocery,West,Store B,0
2024-08-06,1132.37,Electronics,North,Store C,0
2024-08-06,1253.38,Electronics,South,Store C,0
2024-08-06,1295.91,Electronics,East,Store B,0
2024-08-06,1370.86,Electronics,West,Store B,0
2024-08-06,858.89,Fashion,North,Store C,0
2024-08-06,924.63,Fashion,South,Store C,0
2024-08-06,926.73,Fashion,East,Store B,0
2024-08-06,1140.36,Fashion,West,Store B,0
2024-08-06,962.62,Home,North,Online,0
2024-08-06,1174.73,Home,South,Online,0
2024-08-06,780.44,Home,East,Store C,0
2024-08-06,901.28,Home,West,Store C,0
2024-08-07,1231.07,Grocery,North,Online,0
2024-08-07,1422.28,Grocery,South,Online,0
2024-08-07,930.03,Grocery,East,Store C,0
2024-08-07,1151.23,Grocery,West,Store C,0
2024-08-07,1497.3,Electronics,North,Online,0
2024-08-07,1688.17,Electronics,South,Online,0
2024-08-07,1257.45,Electronics,East,Store C,0
2024-08-07,1407.74,Electronics,West,Store C,0
2024-08-07,1129.38,Fashion,North,Online,0
2024-08-07,1317.55,Fashion,South,Online,0
2024-08-07,833.39,Fashion,East,Store C,0
2024-08-07,1029.29,Fashion,West,Store C,0
2024-08-07,840.06,Home,North,Store A,0
2024-08-07,907.71,Home,South,Store A,0
2024-08-07,1087.42,Home,East,Online,0
2024-08-07,1234.13,Home,West,Online,0
2024-08-08,1033.18,Grocery,North,Store A,0
2024-08-08,1167.04,Grocery,South,Store A,0
2024-08-08,1471.34,Grocery,East,Online,0
2024-08-08,1512.5,Grocery,West,Online,0
2024-08-08,1153.06,Electronics,North,Store A,0
2024-08-08,1354.05,Electronics,South,Store A,0
2024-08-08,1616.5,Electronics,East,Online,0
2024-08-08,1937.48,Electronics,West,Online,0
2024-08-08,926.01,Fashion,North,Store A,0
2024-08-08,1167.11,Fashion,South,Store A,0
2024-08-08,1238.48,Fashion,East,Online,0
2024-08-08,1407.25,Fashion,West,Online,0
2024-08-08,792.72,Home,North,Store B,0
2024-08-08,928.61,Home,South,Store B,0
2024-08-08,941.16,Home,East,Store A,0
2024-08-08,1078.75,Home,West,Store A,0
2024-08-09,953.39,Grocery,North,Store B,0
2024-08-09,1118.03,Grocery,South,Store B,0
2024-08-09,1204.97,Grocery,East,Store A,0
2024-08-09,1311.12,Grocery,West,Store A,0
2024-08-09,1239.91,Electronics,North,Store B,0
2024-08-09,1386.65,Electronics,South,Store B,0
2024-08-09,1333.95,Electronics,East,Store A,0
2024-08-09,1567.14,Electronics,West,Store A,0
2024-08-09,956.02,Fashion,North,Store B,0
2024-08-09,1071.58,Fashion,South,Store B,0
2024-08-09,1017.63,Fashion,East,Store A,0
2024-08-09,1149.21,Fashion,West,Store A,0
2024-08-09,777.79,Home,North,Store C,0
2024-08-09,857.53,Home,South,Store C,0
2024-08-09,823.26,Home,East,Store B,0
2024-08-09,1141.88,Home,West,Store B,0
2024-08-10,992.63,Grocery,North,Store C,0
2024-08-10,1278.98,Grocery,South,Store C,0
2024-08-10,1148.92,Grocery,East,Store B,0
2024-08-10,1423.33,Grocery,West,Store B,0
2024-08-10,1437.66,Electronics,North,Store C,0
2024-08-10,1422.75,Electronics,South,Store C,0
2024-08-10,1399.89,Electronics,East,Store B,0
2024-08-10,1703.17,Electronics,West,Store B,0
2024-08-10,939.39,Fashion,North,Store C,0
2024-08-10,1170.97,Fashion,South,Store C,0
2024-08-10,1065.58,Fashion,East,Store B,0
2024-08-10,1332.07,Fashion,West,Store B,0
2024-08-10,1108.17,Home,North,Online,0
2024-08-10,1245.27,Home,South,Online,0
2024-08-10,901.13,Home,East,Store C,0
2024-08-10,995.29,Home,West,Store C,0
2024-08-11,1533.53,Grocery,North,Online,0
2024-08-11,1566.43,Grocery,South,Online,0
2024-08-11,1064.54,Grocery,East,Store C,0
2024-08-11,1350.37,Grocery,West,Store C,0
2024-08-11,1712.7,Electronics,North,Online,0
2024-08-11,1902.76,Electronics,South,Online,0
2024-08-11,1461.93,Electronics,East,Store C,0
2024-08-11,1542.55,Electronics,West,Store C,0
2024-08-11,1316.35,Fashion,North,Online,0
2024-08-11,1499.18,Fashion,South,Online,0
2024-08-11,1065.62,Fashion,East,Store C,0
2024-08-11,1240.54,Fashion,West,Store C,0
2024-08-11,943.94,Home,North,Store A,0
2024-08-11,1108.33,Home,South,Store A,0
2024-08-11,1217.4,Home,East,Online,0
2024-08-11,1496.97,Home,West,Online,0
2024-08-12,982.76,Grocery,North,Store A,0
2024-08-12,1302.81,Grocery,South,Store A,0
2024-08-12,1259.73,Grocery,East,Online,0
2024-08-12,1540.06,Grocery,West,Online,0
2024-08-12,1196.17,Electronics,North,Store A,0
2024-08-12,1362.82,Electronics,South,Store A,0
2024-08-12,1518.11,Electronics,East,Online,0
2024-08-12,1800.49,Electronics,West,Online,0
2024-08-12,935.5,Fashion,North,Store A,0
2024-08-12,1036.97,Fashion,South,Store A,0
2024-08-12,1229.45,Fashion,East,Online,0
2024-08-12,1366.92,Fashion,West,Online,0
2024-08-12,753.51,Home,North,Store B,0
2024-08-12,892.06,Home,South,Store B,0
2024-08-12,942.66,Home,East,Store A,0
2024-08-12,1062.99,Home,West,Store A,0
2024-08-13,979.84,Grocery,North,Store B,0
2024-08-13,1042.78,Grocery,South,Store B,0
2024-08-13,1027.3,Grocery,East,Store A,0
2024-08-13,1220.07,Grocery,West,Store A,0
2024-08-13,1257.61,Electronics,North,Store B,0
2024-08-13,1378.9,Electronics,South,Store B,0
2024-08-13,1264.49,Electronics,East,Store A,0
2024-08-13,1521.79,Electronics,West,Store A,0
2024-08-13,856.43,Fashion,North,Store B,0
2024-08-13,977.82,Fashion,South,Store B,0
2024-08-13,1023.08,Fashion,East,Store A,0
2024-08-13,1165.21,Fashion,West,Store A,0
2024-08-13,867.01,Home,North,Store C,0
2024-08-13,925.39,Home,South,Store C,0
2024-08-13,907.76,Home,East,Store B,0
2024-08-13,1026.16,Home,West,Store B,0
2024-08-14,900.57,Grocery,North,Store C,0
2024-08-14,1084.46,Grocery,South,Store C,0
2024-08-14,1006.76,Grocery,East,Store B,0
2024-08-14,1304.05,Grocery,West,Store B,0
2024-08-14,1133.95,Electronics,North,Store C,0
2024-08-14,1279.89,Electronics,South,Store C,0
2024-08-14,1241.6,Electronics,East,Store B,0
2024-08-14,1557.09,Electronics,West,Store B,0
2024-08-14,766.67,Fashion,North,Store C,0
2024-08-14,1063.57,Fashion,South,Store C,0
2024-08-14,928.76,Fashion,East,Store B,0
2024-08-14,1034.13,Fashion,West,Store B,0
2024-08-14,971.63,Home,North,Online,0
2024-08-14,1062.3,Home,South,Online,0
2024-08-14,819.51,Home,East,Store C,0
2024-08-14,870.38,Home,West,Store C,0
2024-08-15,1501.58,Grocery,North,Online,1
2024-08-15,1761.06,Grocery,South,Online,1
2024-08-15,1117.34,Grocery,East,Store C,1
2024-08-15,1351.57,Grocery,West,Store C,1
2024-08-15,1724.13,Electronics,North,Online,1
2024-08-15,2022.82,Electronics,South,Online,1
2024-08-15,1530.65,Electronics,East,Store C,1
2024-08-15,1687.0,Electronics,West,Store C,1
2024-08-15,1351.27,Fashion,North,Online,1
2024-08-15,1521.08,Fashion,South,Online,1
2024-08-15,1054.14,Fashion,East,Store C,1
2024-08-15,1257.68,Fashion,West,Store C,1
2024-08-15,995.21,Home,North,Store A,1
2024-08-15,1188.23,Home,South,Store A,1
2024-08-15,1213.3,Home,East,Online,1
2024-08-15,1445.51,Home,West,Online,1
2024-08-16,1062.08,Grocery,North,Store A,0
2024-08-16,1121.51,Grocery,South,Store A,0
2024-08-16,1335.0,Grocery,East,Online,0
2024-08-16,1531.96,Grocery,West,Online,0
2024-08-16,1153.06,Electronics,North,Store A,0
2024-08-16,1432.99,Electronics,South,Store A,0
2024-08-16,1465.59,Electronics,East,Online,0
2024-08-16,1882.63,Electronics,West,Online,0
2024-08-16,939.76,Fashion,North,Store A,0
2024-08-16,1187.11,Fashion,South,Store A,0
2024-08-16,1244.09,Fashion,East,Online,0
2024-08-16,1344.51,Fashion,West,Online,0
2024-08-16,687.47,Home,North,Store B,0
2024-08-16,867.52,Home,South,Store B,0
2024-08-16,816.4,Home,East,Store A,0
2024-08-16,1146.27,Home,West,Store A,0
2024-08-17,1136.74,Grocery,North,Store B,0
2024-08-17,1345.93,Grocery,South,Store B,0
2024-08-17,1242.62,Grocery,East,Store A,0
2024-08-17,1479.53,Grocery,West,Store A,0
2024-08-17,1366.83,Electronics,North,Store B,0
2024-08-17,1618.76,Electronics,South,Store B,0
2024-08-17,1531.36,Electronics,East,Store A,0
2024-08-17,1734.19,Electronics,West,Store A,0
2024-08-17,1130.17,Fashion,North,Store B,0
2024-08-17,1168.78,Fashion,South,Store B,0
2024-08-17,1126.61,Fashion,East,Store A,0
2024-08-17,1207.57,Fashion,West,Store A,0
2024-08-17,903.51,Home,North,Store C,0
2024-08-17,994.3,Home,South,Store C,0
2024-08-17,970.14,Home,East,Store B,0
2024-08-17,1119.67,Home,West,Store B,0
2024-08-18,1034.78,Grocery,North,Store C,0
2024-08-18,1193.58,Grocery,South,Store C,0
2024-08-18,1209.78,Grocery,East,Store B,0
2024-08-18,1436.98,Grocery,West,Store B,0
2024-08-18,1270.61,Electronics,North,Store C,0
2024-08-18,1512.99,Electronics,South,Store C,0
2024-08-18,1420.84,Electronics,East,Store B,0
2024-08-18,1659.22,Electronics,West,Store B,0
2024-08-18,986.96,Fashion,North,Store C,0
2024-08-18,1036.26,Fashion,South,Store C,0
2024-08-18,1096.74,Fashion,East,Store B,0
2024-08-18,1198.21,Fashion,West,Store B,0
2024-08-18,1112.84,Home,North,Online,0
2024-08-18,1220.06,Home,South,Online,0
2024-08-18,894.88,Home,East,Store C,0
2024-08-18,1159.18,Home,West,Store C,0
2024-08-19,1231.22,Grocery,North,Online,0
2024-08-19,1444.23,Grocery,South,Online,0
2024-08-19,1086.72,Grocery,East,Store C,0
2024-08-19,1155.4,Grocery,West,Store C,0
2024-08-19,1447.3,Electronics,North,Online,0
2024-08-19,1660.85,Electronics,South,Online,0
2024-08-19,1152.09,Electronics,East,Store C,0
2024-08-19,1328.85,Electronics,West,Store C,0
2024-08-19,1102.08,Fashion,North,Online,0
2024-08-19,1343.63,Fashion,South,Online,0
2024-08-19,932.65,Fashion,East,Store C,0
2024-08-19,946.57,Fashion,West,Store C,0
2024-08-19,799.51,Home,North,Store A,0
2024-08-19,935.78,Home,South,Store A,0
2024-08-19,1082.71,Home,East,Online,0
2024-08-19,1305.44,Home,West,Online,0
2024-08-20,1185.48,Grocery,North,Store A,0
2024-08-20,1154.66,Grocery,South,Store A,0
2024-08-20,1266.01,Grocery,East,Online,0
2024-08-20,1557.98,Grocery,West,Online,0
2024-08-20,1210.24,Electronics,North,Store A,0
2024-08-20,1412.57,Electronics,South,Store A,0
2024-08-20,1528.19,Electronics,East,Online,0
2024-08-20,1691.71,Electronics,West,Online,0
2024-08-20,955.78,Fashion,North,Store A,0
2024-08-20,1070.22,Fashion,South,Store A,0
2024-08-20,1249.57,Fashion,East,Online,0
2024-08-20,1396.62,Fashion,West,Online,0
2024-08-20,725.88,Home,North,Store B,0
2024-08-20,890.63,Home,South,Store B,0
2024-08-20,764.44,Home,East,Store A,0
2024-08-20,974.38,Home,West,Store A,0
2024-08-21,1010.93,Grocery,North,Store B,0
2024-08-21,1097.35,Grocery,South,Store B,0
2024-08-21,1130.54,Grocery,East,Store A,0
2024-08-21,1169.96,Grocery,West,Store A,0
2024-08-21,1161.15,Electronics,North,Store B,0
2024-08-21,1310.76,Electronics,South,Store B,0
2024-08-21,1352.0,Electronics,East,Store A,0
2024-08-21,1575.1,Electronics,West,Store A,0
2024-08-21,928.59,Fashion,North,Store B,0
2024-08-21,1101.58,Fashion,South,Store B,0
2024-08-21,968.05,Fashion,East,Store A,0
2024-08-21,1243.25,Fashion,West,Store A,0
2024-08-21,687.97,Home,North,Store C,0
2024-08-21,789.04,Home,South,Store C,0
2024-08-21,869.21,Home,East,Store B,0
2024-08-21,897.09,Home,West,Store B,0
2024-08-22,946.75,Grocery,North,Store C,0
2024-08-22,1047.39,Grocery,South,Store C,0
2024-08-22,1075.37,Grocery,East,Store B,0
2024-08-22,1199.84,Grocery,West,Store B,0
2024-08-22,1104.48,Electronics,North,Store C,0
2024-08-22,1281.73,Electronics,South,Store C,0
2024-08-22,1186.7,Electronics,East,Store B,0
2024-08-22,1408.97,Electronics,West,Store B,0
2024-08-22,863.77,Fashion,North,Store C,0
2024-08-22,951.92,Fashion,South,Store C,0
2024-08-22,907.88,Fashion,East,Store B,0
2024-08-22,1096.6,Fashion,West,Store B,0
2024-08-22,1091.3,Home,North,Online,0
2024-08-22,1118.03,Home,South,Online,0
2024-08-22,750.33,Home,East,Store C,0
2024-08-22,824.97,Home,West,Store C,0
2024-08-23,1229.98,Grocery,North,Online,0
2024-08-23,1438.86,Grocery,South,Online,0
2024-08-23,999.19,Grocery,East,Store C,0
2024-08-23,1134.23,Grocery,West,Store C,0
2024-08-23,1535.51,Electronics,North,Online,0
2024-08-23,1728.25,Electronics,South,Online,0
2024-08-23,1208.28,Electronics,East,Store C,0
2024-08-23,1411.89,Electronics,West,Store C,0
2024-08-23,1214.22,Fashion,North,Online,0
2024-08-23,1274.52,Fashion,South,Online,0
2024-08-23,799.43,Fashion,East,Store C,0
2024-08-23,1069.16,Fashion,West,Store C,0
2024-08-23,883.78,Home,North,Store A,0
2024-08-23,1043.49,Home,South,Store A,0
2024-08-23,1115.69,Home,East,Online,0
2024-08-23,1344.19,Home,West,Online,0
2024-08-24,1231.79,Grocery,North,Store A,0
2024-08-24,1375.92,Grocery,South,Store A,0
2024-08-24,1412.62,Grocery,East,Online,0
2024-08-24,1779.19,Grocery,West,Online,0
2024-08-24,1410.91,Electronics,North,Store A,0
2024-08-24,1652.26,Electronics,South,Store A,0
2024-08-24,1794.6,Electronics,East,Online,0
2024-08-24,2146.61,Electronics,West,Online,0
2024-08-24,1090.85,Fashion,North,Store A,0
2024-08-24,1299.23,Fashion,South,Store A,0
2024-08-24,1212.85,Fashion,East,Online,0
2024-08-24,1623.35,Fashion,West,Online,0
2024-08-24,984.32,Home,North,Store B,0
2024-08-24,1148.02,Home,South,Store B,0
2024-08-24,1056.12,Home,East,Store A,0
2024-08-24,1295.12,Home,West,Store A,0
2024-08-25,1362.28,Grocery,North,Store B,1
2024-08-25,1540.26,Grocery,South,Store B,1
2024-08-25,1526.04,Grocery,East,Store A,1
2024-08-25,1771.7,Grocery,West,Store A,1
2024-08-25,1585.15,Electronics,North,Store B,1
2024-08-25,1825.01,Electronics,South,Store B,1
2024-08-25,1740.22,Electronics,East,Store A,1
2024-08-25,2161.31,Electronics,West,Store A,1
2024-08-25,1238.96,Fashion,North,Store B,1
2024-08-25,1389.77,Fashion,South,Store B,1
2024-08-25,1338.9,Fashion,East,Store A,1
2024-08-25,1649.49,Fashion,West,Store A,1
2024-08-25,1076.27,Home,North,Store C,1
2024-08-25,1114.08,Home,South,Store C,1
2024-08-25,1076.76,Home,East,Store B,1
2024-08-25,1410.86,Home,West,Store B,1
2024-08-26,835.97,Grocery,North,Store C,0
2024-08-26,1067.78,Grocery,South,Store C,0
2024-08-26,1101.3,Grocery,East,Store B,0
2024-08-26,1287.38,Grocery,West,Store B,0
2024-08-26,1137.59,Electronics,North,Store C,0
2024-08-26,1287.71,Electronics,South,Store C,0
2024-08-26,1342.13,Electronics,East,Store B,0
2024-08-26,1313.65,Electronics,West,Store B,0
2024-08-26,808.81,Fashion,North,Store C,0
2024-08-26,996.4,Fashion,South,Store C,0
2024-08-26,908.03,Fashion,East,Store B,0
2024-08-26,1164.95,Fashion,West,Store B,0
2024-08-26,997.44,Home,North,Online,0
2024-08-26,1145.09,Home,South,Online,0
2024-08-26,758.09,Home,East,Store C,0
2024-08-26,886.48,Home,West,Store C,0
2024-08-27,1197.45,Grocery,North,Online,0
2024-08-27,1412.23,Grocery,South,Online,0
2024-08-27,906.91,Grocery,East,Store C,0
2024-08-27,1176.34,Grocery,West,Store C,0
2024-08-27,1513.14,Electronics,North,Online,0
2024-08-27,1741.98,Electronics,South,Online,0
2024-08-27,1080.55,Electronics,East,Store C,0
2024-08-27,1259.04,Electronics,West,Store C,0
2024-08-27,1123.29,Fashion,North,Online,0
2024-08-27,1438.33,Fashion,South,Online,0
2024-08-27,938.69,Fashion,East,Store C,0
2024-08-27,998.17,Fashion,West,Store C,0
2024-08-27,860.95,Home,North,Store A,0
2024-08-27,993.46,Home,South,Store A,0
2024-08-27,965.92,Home,East,Online,0
2024-08-27,1307.74,Home,West,Online,0
2024-08-28,1019.43,Grocery,North,Store A,0
2024-08-28,1165.91,Grocery,South,Store A,0
2024-08-28,1279.95,Grocery,East,Online,0
2024-08-28,1576.44,Grocery,West,Online,0
2024-08-28,1196.32,Electronics,North,Store A,0
2024-08-28,1315.16,Electronics,South,Store A,0
2024-08-28,1556.47,Electronics,East,Online,0
2024-08-28,1708.92,Electronics,West,Online,0
2024-08-28,924.9,Fashion,North,Store A,0
2024-08-28,1136.95,Fashion,South,Store A,0
2024-08-28,1202.13,Fashion,East,Online,0
2024-08-28,1442.56,Fashion,West,Online,0
2024-08-28,822.7,Home,North,Store B,0
2024-08-28,1030.2,Home,South,Store B,0
2024-08-28,840.12,Home,East,Store A,0
2024-08-28,1054.61,Home,West,Store A,0
2024-08-29,944.36,Grocery,North,Store B,0
2024-08-29,1155.02,Grocery,South,Store B,0
2024-08-29,1068.1,Grocery,East,Store A,0
2024-08-29,1362.83,Grocery,West,Store A,0
2024-08-29,1136.24,Electronics,North,Store B,0
2024-08-29,1404.01,Electronics,South,Store B,0
2024-08-29,1322.04,Electronics,East,Store A,0
2024-08-29,1524.46,Electronics,West,Store A,0
2024-08-29,916.22,Fashion,North,Store B,0
2024-08-29,1023.34,Fashion,South,Store B,0
2024-08-29,1000.26,Fashion,East,Store A,0
2024-08-29,1149.43,Fashion,West,Store A,0
2024-08-29,701.07,Home,North,Store C,0
2024-08-29,823.53,Home,South,Store C,0
2024-08-29,728.85,Home,East,Store B,0
2024-08-29,1018.61,Home,West,Store B,0
2024-08-30,840.48,Grocery,North,Store C,0
2024-08-30,1022.08,Grocery,South,Store C,0
2024-08-30,1044.48,Grocery,East,Store B,0
2024-08-30,1240.3,Grocery,West,Store B,0
2024-08-30,995.57,Electronics,North,Store C,0
2024-08-30,1239.31,Electronics,South,Store C,0
2024-08-30,1239.31,Electronics,East,Store B,0
2024-08-30,1439.87,Electronics,West,Store B,0
2024-08-30,905.36,Fashion,North,Store C,0
2024-08-30,901.22,Fashion,South,Store C,0
2024-08-30,810.65,Fashion,East,Store B,0
2024-08-30,1137.5,Fashion,West,Store B,0
2024-08-30,966.57,Home,North,Online,0
2024-08-30,1037.15,Home,South,Online,0
2024-08-30,761.78,Home,East,Store C,0
2024-08-30,979.7,Home,West,Store C,0
2024-08-31,1349.68,Grocery,North,Online,0
2024-08-31,1743.91,Grocery,South,Online,0
2024-08-31,1051.65,Grocery,East,Store C,0
2024-08-31,1304.14,Grocery,West,Store C,0
2024-08-31,1640.75,Electronics,North,Online,0
2024-08-31,1946.28,Electronics,South,Online,0
2024-08-31,1313.64,Electronics,East,Store C,0
2024-08-31,1481.71,Electronics,West,Store C,0
2024-08-31,1454.31,Fashion,North,Online,0
2024-08-31,1451.28,Fashion,South,Online,0
2024-08-31,977.51,Fashion,East,Store C,0
2024-08-31,1242.54,Fashion,West,Store C,0
2024-08-31,1068.14,Home,North,Store A,0
2024-08-31,1164.23,Home,South,Store A,0
2024-08-31,1137.64,Home,East,Online,0
2024-08-31,1436.56,Home,West,Online,0
2024-09-01,1017.27,Grocery,North,Store B,0
2024-09-01,1325.33,Grocery,South,Store B,0
2024-09-01,1150.04,Grocery,East,Store A,0
2024-09-01,1423.54,Grocery,West,Store A,0
2024-09-01,1348.51,Electronics,North,Store B,0
2024-09-01,1559.69,Electronics,South,Store B,0
2024-09-01,1477.82,Electronics,East,Store A,0
2024-09-01,1849.79,Electronics,West,Store A,0
2024-09-01,1065.54,Fashion,North,Store B,0
2024-09-01,1203.09,Fashion,South,Store B,0
2024-09-01,1067.27,Fashion,East,Store A,0
2024-09-01,1436.8,Fashion,West,Store A,0
2024-09-01,811.8,Home,North,Store C,0
2024-09-01,1069.91,Home,South,Store C,0
2024-09-01,1061.81,Home,East,Store B,0
2024-09-01,1153.39,Home,West,Store B,0
2024-09-02,963.11,Grocery,North,Store C,0
2024-09-02,862.13,Grocery,South,Store C,0
2024-09-02,995.81,Grocery,East,Store B,0
2024-09-02,1252.03,Grocery,West,Store B,0
2024-09-02,1141.54,Electronics,North,Store C,0
2024-09-02,1174.44,Electronics,South,Store C,0
2024-09-02,1195.1,Electronics,East,Store B,0
2024-09-02,1294.23,Electronics,West,Store B,0
2024-09-02,852.25,Fashion,North,Store C,0
2024-09-02,840.68,Fashion,South,Store C,0
2024-09-02,983.42,Fashion,East,Store B,0
2024-09-02,1155.5,Fashion,West,Store B,0
2024-09-02,967.75,Home,North,Online,0
2024-09-02,1159.96,Home,South,Online,0
2024-09-02,756.8,Home,East,Store C,0
2024-09-02,923.25,Home,West,Store C,0
2024-09-03,1157.65,Grocery,North,Online,0
2024-09-03,1423.82,Grocery,South,Online,0
2024-09-03,853.99,Grocery,East,Store C,0
2024-09-03,1017.05,Grocery,West,Store C,0
2024-09-03,1462.33,Electronics,North,Online,0
2024-09-03,1660.59,Electronics,South,Online,0
2024-09-03,1151.29,Electronics,East,Store C,0
2024-09-03,1309.3,Electronics,West,Store C,0
2024-09-03,1221.01,Fashion,North,Online,0
2024-09-03,1280.65,Fashion,South,Online,0
2024-09-03,877.05,Fashion,East,Store C,0
2024-09-03,1033.82,Fashion,West,Store C,0
2024-09-03,888.13,Home,North,Store A,0
2024-09-03,979.85,Home,South,Store A,0
2024-09-03,1059.73,Home,East,Online,0
2024-09-03,1266.07,Home,West,Online,0
2024-09-04,922.83,Grocery,North,Store A,0
2024-09-04,1066.41,Grocery,South,Store A,0
2024-09-04,1267.68,Grocery,East,Online,0
2024-09-04,1494.6,Grocery,West,Online,0
2024-09-04,1263.18,Electronics,North,Store A,0
2024-09-04,1402.67,Electronics,South,Store A,0
2024-09-04,1562.55,Electronics,East,Online,0
2024-09-04,1743.16,Electronics,West,Online,0
2024-09-04,935.88,Fashion,North,Store A,0
2024-09-04,992.23,Fashion,South,Store A,0
2024-09-04,1185.35,Fashion,East,Online,0
2024-09-04,1274.58,Fashion,West,Online,0
2024-09-04,803.55,Home,North,Store B,0
2024-09-04,812.08,Home,South,Store B,0
2024-09-04,846.75,Home,East,Store A,0
2024-09-04,1076.46,Home,West,Store A,0
2024-09-05,1168.77,Grocery,North,Store B,1
2024-09-05,1225.66,Grocery,South,Store B,1
2024-09-05,1242.29,Grocery,East,Store A,1
2024-09-05,1431.66,Grocery,West,Store A,1
2024-09-05,1298.22,Electronics,North,Store B,1
2024-09-05,1590.34,Electronics,South,Store B,1
2024-09-05,1570.28,Electronics,East,Store A,1
2024-09-05,1846.45,Electronics,West,Store A,1
2024-09-05,1091.42,Fashion,North,Store B,1
2024-09-05,1203.98,Fashion,South,Store B,1
2024-09-05,1155.82,Fashion,East,Store A,1
2024-09-05,1326.89,Fashion,West,Store A,1
2024-09-05,858.89,Home,North,Store C,1
2024-09-05,932.55,Home,South,Store C,1
2024-09-05,934.23,Home,East,Store B,1
2024-09-05,1165.74,Home,West,Store B,1
2024-09-06,897.55,Grocery,North,Store C,0
2024-09-06,1197.61,Grocery,South,Store C,0
2024-09-06,929.94,Grocery,East,Store B,0
2024-09-06,1181.48,Grocery,West,Store B,0
2024-09-06,1009.59,Electronics,North,Store C,0
2024-09-06,1217.02,Electronics,South,Store C,0
2024-09-06,1189.07,Electronics,East,Store B,0
2024-09-06,1476.53,Electronics,West,Store B,0
2024-09-06,802.68,Fashion,North,Store C,0
2024-09-06,931.32,Fashion,South,Store C,0
2024-09-06,895.21,Fashion,East,Store B,0
2024-09-06,1010.6,Fashion,West,Store B,0
2024-09-06,955.43,Home,North,Online,0
2024-09-06,1107.39,Home,South,Online,0
2024-09-06,770.84,Home,East,Store C,0
2024-09-06,938.36,Home,West,Store C,0
2024-09-07,1399.74,Grocery,North,Online,0
2024-09-07,1594.14,Grocery,South,Online,0
2024-09-07,998.05,Grocery,East,Store C,0
2024-09-07,1323.08,Grocery,West,Store C,0
2024-09-07,1661.69,Electronics,North,Online,0
2024-09-07,1976.16,Electronics,South,Online,0
2024-09-07,1387.34,Electronics,East,Store C,0
2024-09-07,1546.12,Electronics,West,Store C,0
2024-09-07,1236.65,Fashion,North,Online,0
2024-09-07,1470.82,Fashion,South,Online,0
2024-09-07,1019.27,Fashion,East,Store C,0
2024-09-07,1166.43,Fashion,West,Store C,0
2024-09-07,932.88,Home,North,Store A,0
2024-09-07,1128.21,Home,South,Store A,0
2024-09-07,1225.54,Home,East,Online,0
2024-09-07,1399.2,Home,West,Online,0
2024-09-08,1093.21,Grocery,North,Store A,0
2024-09-08,1373.06,Grocery,South,Store A,0
2024-09-08,1429.8,Grocery,East,Online,0
2024-09-08,1754.15,Grocery,West,Online,0
2024-09-08,1433.35,Electronics,North,Store A,0
2024-09-08,1518.23,Electronics,South,Store A,0
2024-09-08,1775.85,Electronics,East,Online,0
2024-09-08,2125.04,Electronics,West,Online,0
2024-09-08,1118.88,Fashion,North,Store A,0
2024-09-08,1240.18,Fashion,South,Store A,0
2024-09-08,1238.51,Fashion,East,Online,0
2024-09-08,1664.95,Fashion,West,Online,0
2024-09-08,930.43,Home,North,Store B,0
2024-09-08,967.19,Home,South,Store B,0
2024-09-08,961.08,Home,East,Store A,0
2024-09-08,1201.6,Home,West,Store A,0
2024-09-09,998.88,Grocery,North,Store B,0
2024-09-09,1067.63,Grocery,South,Store B,0
2024-09-09,1109.19,Grocery,East,Store A,0
2024-09-09,1160.57,Grocery,West,Store A,0
2024-09-09,1099.72,Electronics,North,Store B,0
2024-09-09,1203.53,Electronics,South,Store B,0
2024-09-09,1230.79,Electronics,East,Store A,0
2024-09-09,1598.22,Electronics,West,Store A,0
2024-09-09,993.19,Fashion,North,Store B,0
2024-09-09,1014.62,Fashion,South,Store B,0
2024-09-09,938.52,Fashion,East,Store A,0
2024-09-09,1140.27,Fashion,West,Store A,0
2024-09-09,760.38,Home,North,Store C,0
2024-09-09,749.94,Home,South,Store C,0
2024-09-09,784.03,Home,East,Store B,0
2024-09-09,1044.23,Home,West,Store B,0
2024-09-10,844.71,Grocery,North,Store C,0
2024-09-10,985.81,Grocery,South,Store C,0
2024-09-10,1002.69,Grocery,East,Store B,0
2024-09-10,1201.57,Grocery,West,Store B,0
2024-09-10,1051.36,Electronics,North,Store C,0
2024-09-10,1240.12,Electronics,South,Store C,0
2024-09-10,1239.19,Electronics,East,Store B,0
2024-09-10,1535.1,Electronics,West,Store B,0
2024-09-10,818.82,Fashion,North,Store C,0
2024-09-10,937.7,Fashion,South,Store C,0
2024-09-10,1001.06,Fashion,East,Store B,0
2024-09-10,1055.29,Fashion,West,Store B,0
2024-09-10,916.49,Home,North,Online,0
2024-09-10,1139.91,Home,South,Online,0
2024-09-10,824.44,Home,East,Store C,0
2024-09-10,925.66,Home,West,Store C,0
2024-09-11,1210.22,Grocery,North,Online,0
2024-09-11,1304.0,Grocery,South,Online,0
2024-09-11,937.03,Grocery,East,Store C,0
2024-09-11,1180.76,Grocery,West,Store C,0
2024-09-11,1394.91,Electronics,North,Online,0
2024-09-11,1651.62,Electronics,South,Online,0
2024-09-11,1110.16,Electronics,East,Store C,0
2024-09-11,1300.92,Electronics,West,Store C,0
2024-09-11,1126.18,Fashion,North,Online,0
2024-09-11,1290.78,Fashion,South,Online,0
2024-09-11,884.36,Fashion,East,Store C,0
2024-09-11,964.89,Fashion,West,Store C,0
2024-09-11,738.89,Home,North,Store A,0
2024-09-11,958.56,Home,South,Store A,0
2024-09-11,1003.18,Home,East,Online,0
2024-09-11,1321.48,Home,West,Online,0
2024-09-12,1122.77,Grocery,North,Store A,0
2024-09-12,1269.55,Grocery,South,Store A,0
2024-09-12,1215.11,Grocery,East,Online,0
2024-09-12,1530.81,Grocery,West,Online,0
2024-09-12,1274.3,Electronics,North,Store A,0
2024-09-12,1437.72,Electronics,South,Store A,0
2024-09-12,1504.98,Electronics,East,Online,0
2024-09-12,1874.83,Electronics,West,Online,0
2024-09-12,932.78,Fashion,North,Store A,0
2024-09-12,1068.8,Fashion,South,Store A,0
2024-09-12,1074.87,Fashion,East,Online,0
2024-09-12,1407.88,Fashion,West,Online,0
2024-09-12,766.96,Home,North,Store B,0
2024-09-12,914.89,Home,South,Store B,0
2024-09-12,877.33,Home,East,Store A,0
2024-09-12,1033.11,Home,West,Store A,0
2024-09-13,957.49,Grocery,North,Store B,0
2024-09-13,1136.04,Grocery,South,Store B,0
2024-09-13,1051.2,Grocery,East,Store A,0
2024-09-13,1177.19,Grocery,West,Store A,0
2024-09-13,1186.56,Electronics,North,Store B,0
2024-09-13,1270.54,Electronics,South,Store B,0
2024-09-13,1205.33,Electronics,East,Store A,0
2024-09-13,1456.7,Electronics,West,Store A,0
2024-09-13,894.23,Fashion,North,Store B,0
2024-09-13,994.86,Fashion,South,Store B,0
2024-09-13,854.83,Fashion,East,Store A,0
2024-09-13,1129.58,Fashion,West,Store A,0
2024-09-13,797.51,Home,North,Store C,0
2024-09-13,809.78,Home,South,Store C,0
2024-09-13,805.16,Home,East,Store B,0
2024-09-13,1021.18,Home,West,Store B,0
2024-09-14,1088.87,Grocery,North,Store C,0
2024-09-14,1245.86,Grocery,South,Store C,0
2024-09-14,1008.17,Grocery,East,Store B,0
2024-09-14,1469.18,Grocery,West,Store B,0
2024-09-14,1292.69,Electronics,North,Store C,0
2024-09-14,1567.01,Electronics,South,Store C,0
2024-09-14,1353.69,Electronics,East,Store B,0
2024-09-14,1556.27,Electronics,West,Store B,0
2024-09-14,956.95,Fashion,North,Store C,0
2024-09-14,1073.7,Fashion,South,Store C,0
2024-09-14,1098.25,Fashion,East,Store B,0
2024-09-14,1316.53,Fashion,West,Store B,0
2024-09-14,1141.21,Home,North,Online,0
2024-09-14,1291.27,Home,South,Online,0
2024-09-14,915.2,Home,East,Store C,0
2024-09-14,1035.17,Home,West,Store C,0
2024-09-15,1671.24,Grocery,North,Online,1
2024-09-15,1980.7,Grocery,South,Online,1
2024-09-15,1376.47,Grocery,East,Store C,1
2024-09-15,1606.89,Grocery,West,Store C,1
2024-09-15,2024.4,Electronics,North,Online,1
2024-09-15,2197.22,Electronics,South,Online,1
2024-09-15,1564.9,Electronics,East,Store C,1
2024-09-15,1820.29,Electronics,West,Store C,1
2024-09-15,1539.59,Fashion,North,Online,1
2024-09-15,1723.72,Fashion,South,Online,1
2024-09-15,1195.26,Fashion,East,Store C,1
2024-09-15,1358.99,Fashion,West,Store C,1
2024-09-15,1082.67,Home,North,Store A,1
2024-09-15,1379.84,Home,South,Store A,1
2024-09-15,1380.04,Home,East,Online,1
2024-09-15,1696.66,Home,West,Online,1
2024-09-16,1070.5,Grocery,North,Store A,0
2024-09-16,1209.08,Grocery,South,Store A,0
2024-09-16,1309.14,Grocery,East,Online,0
2024-09-16,1514.51,Grocery,West,Online,0
2024-09-16,1264.88,Electronics,North,Store A,0
2024-09-16,1470.0,Electronics,South,Store A,0
2024-09-16,1546.18,Electronics,East,Online,0
2024-09-16,1701.45,Electronics,West,Online,0
2024-09-16,902.66,Fashion,North,Store A,0
2024-09-16,1098.89,Fashion,South,Store A,0
2024-09-16,1123.7,Fashion,East,Online,0
2024-09-16,1460.02,Fashion,West,Online,0
2024-09-16,776.95,Home,North,Store B,0
2024-09-16,893.05,Home,South,Store B,0
2024-09-16,925.31,Home,East,Store A,0
2024-09-16,1011.99,Home,West,Store A,0
2024-09-17,968.8,Grocery,North,Store B,0
2024-09-17,1141.2,Grocery,South,Store B,0
2024-09-17,980.16,Grocery,East,Store A,0
2024-09-17,1240.35,Grocery,West,Store A,0
2024-09-17,1199.78,Electronics,North,Store B,0
2024-09-17,1317.4,Electronics,South,Store B,0
2024-09-17,1357.66,Electronics,East,Store A,0
2024-09-17,1424.83,Electronics,West,Store A,0
2024-09-17,784.87,Fashion,North,Store B,0
2024-09-17,1041.56,Fashion,South,Store B,0
2024-09-17,1018.83,Fashion,East,Store A,0
2024-09-17,1138.97,Fashion,West,Store A,0
2024-09-17,754.54,Home,North,Store C,0
2024-09-17,874.81,Home,South,Store C,0
2024-09-17,768.73,Home,East,Store B,0
2024-09-17,924.03,Home,West,Store B,0
2024-09-18,910.69,Grocery,North,Store C,0
2024-09-18,1074.49,Grocery,South,Store C,0
2024-09-18,935.65,Grocery,East,Store B,0
2024-09-18,1172.52,Grocery,West,Store B,0
2024-09-18,1069.93,Electronics,North,Store C,0
2024-09-18,1256.18,Electronics,South,Store C,0
2024-09-18,1202.64,Electronics,East,Store B,0
2024-09-18,1394.08,Electronics,West,Store B,0
2024-09-18,892.64,Fashion,North,Store C,0
2024-09-18,908.26,Fashion,South,Store C,0
2024-09-18,898.99,Fashion,East,Store B,0
2024-09-18,995.59,Fashion,West,Store B,0
2024-09-18,947.92,Home,North,Online,0
2024-09-18,1152.07,Home,South,Online,0
2024-09-18,781.21,Home,East,Store C,0
2024-09-18,936.8,Home,West,Store C,0
2024-09-19,1243.57,Grocery,North,Online,0
2024-09-19,1495.89,Grocery,South,Online,0
2024-09-19,897.34,Grocery,East,Store C,0
2024-09-19,1021.78,Grocery,West,Store C,0
2024-09-19,1402.26,Electronics,North,Online,0
2024-09-19,1623.26,Electronics,South,Online,0
2024-09-19,1075.76,Electronics,East,Store C,0
2024-09-19,1341.93,Electronics,West,Store C,0
2024-09-19,1179.35,Fashion,North,Online,0
2024-09-19,1348.71,Fashion,South,Online,0
2024-09-19,886.68,Fashion,East,Store C,0
2024-09-19,1134.48,Fashion,West,Store C,0
2024-09-19,808.26,Home,North,Store A,0
2024-09-19,852.57,Home,South,Store A,0
2024-09-19,1087.0,Home,East,Online,0
2024-09-19,1116.96,Home,West,Online,0
2024-09-20,976.0,Grocery,North,Store A,0
2024-09-20,1186.85,Grocery,South,Store A,0
2024-09-20,1259.19,Grocery,East,Online,0
2024-09-20,1486.63,Grocery,West,Online,0
2024-09-20,1159.53,Electronics,North,Store A,0
2024-09-20,1393.22,Electronics,South,Store A,0
2024-09-20,1577.28,Electronics,East,Online,0
2024-09-20,1802.74,Electronics,West,Online,0
2024-09-20,885.63,Fashion,North,Store A,0
2024-09-20,991.47,Fashion,South,Store A,0
2024-09-20,1113.11,Fashion,East,Online,0
2024-09-20,1391.84,Fashion,West,Online,0
2024-09-20,798.95,Home,North,Store B,0
2024-09-20,843.91,Home,South,Store B,0
2024-09-20,741.45,Home,East,Store A,0
2024-09-20,1044.66,Home,West,Store A,0
2024-09-21,1062.83,Grocery,North,Store B,0
2024-09-21,1303.92,Grocery,South,Store B,0
2024-09-21,1188.94,Grocery,East,Store A,0
2024-09-21,1402.2,Grocery,West,Store A,0
2024-09-21,1346.84,Electronics,North,Store B,0
2024-09-21,1653.19,Electronics,South,Store B,0
2024-09-21,1522.0,Electronics,East,Store A,0
2024-09-21,1760.28,Electronics,West,Store A,0
2024-09-21,1037.69,Fashion,North,Store B,0
2024-09-21,1062.42,Fashion,South,Store B,0
2024-09-21,1064.51,Fashion,East,Store A,0
2024-09-21,1195.0,Fashion,West,Store A,0
2024-09-21,944.59,Home,North,Store C,0
2024-09-21,1050.93,Home,South,Store C,0
2024-09-21,964.95,Home,East,Store B,0
2024-09-21,1124.05,Home,West,Store B,0
2024-09-22,958.79,Grocery,North,Store C,0
2024-09-22,1176.47,Grocery,South,Store C,0
2024-09-22,1258.14,Grocery,East,Store B,0
2024-09-22,1379.76,Grocery,West,Store B,0
2024-09-22,1225.44,Electronics,North,Store C,0
2024-09-22,1333.57,Electronics,South,Store C,0
2024-09-22,1471.31,Electronics,East,Store B,0
2024-09-22,1647.84,Electronics,West,Store B,0
2024-09-22,859.02,Fashion,North,Store C,0
2024-09-22,1036.97,Fashion,South,Store C,0
2024-09-22,991.02,Fashion,East,Store B,0
2024-09-22,1248.97,Fashion,West,Store B,0
2024-09-22,1156.33,Home,North,Online,0
2024-09-22,1275.59,Home,South,Online,0
2024-09-22,928.35,Home,East,Store C,0
2024-09-22,1052.61,Home,West,Store C,0
2024-09-23,1271.69,Grocery,North,Online,0
2024-09-23,1361.41,Grocery,South,Online,0
2024-09-23,1105.96,Grocery,East,Store C,0
2024-09-23,1079.8,Grocery,West,Store C,0
2024-09-23,1410.35,Electronics,North,Online,0
2024-09-23,1605.5,Electronics,South,Online,0
2024-09-23,1117.74,Electronics,East,Store C,0
2024-09-23,1242.2,Electronics,West,Store C,0
2024-09-23,1126.65,Fashion,North,Online,0
2024-09-23,1159.23,Fashion,South,Online,0
2024-09-23,867.83,Fashion,East,Store C,0
2024-09-23,942.38,Fashion,West,Store C,0
2024-09-23,806.89,Home,North,Store A,0
2024-09-23,975.6,Home,South,Store A,0
2024-09-23,1155.79,Home,East,Online,0
2024-09-23,1158.79,Home,West,Online,0
2024-09-24,1009.41,Grocery,North,Store A,0
2024-09-24,1118.61,Grocery,South,Store A,0
2024-09-24,1217.18,Grocery,East,Online,0
2024-09-24,1458.05,Grocery,West,Online,0
2024-09-24,1269.99,Electronics,North,Store A,0
2024-09-24,1367.19,Electronics,South,Store A,0
2024-09-24,1646.02,Electronics,East,Online,0
2024-09-24,1824.8,Electronics,West,Online,0
2024-09-24,875.88,Fashion,North,Store A,0
2024-09-24,1040.08,Fashion,South,Store A,0
2024-09-24,1113.71,Fashion,East,Online,0
2024-09-24,1414.48,Fashion,West,Online,0
2024-09-24,690.04,Home,North,Store B,0
2024-09-24,814.32,Home,South,Store B,0
2024-09-24,830.64,Home,East,Store A,0
2024-09-24,1059.28,Home,West,Store A,0
2024-09-25,1218.74,Grocery,North,Store B,1
2024-09-25,1386.02,Grocery,South,Store B,1
2024-09-25,1302.5,Grocery,East,Store A,1
2024-09-25,1502.68,Grocery,West,Store A,1
2024-09-25,1428.71,Electronics,North,Store B,1
2024-09-25,1513.6,Electronics,South,Store B,1
2024-09-25,1430.89,Electronics,East,Store A,1
2024-09-25,1837.81,Electronics,West,Store A,1
2024-09-25,998.07,Fashion,North,Store B,1
2024-09-25,1195.47,Fashion,South,Store B,1
2024-09-25,1172.02,Fashion,East,Store A,1
2024-09-25,1393.15,Fashion,West,Store A,1
2024-09-25,930.59,Home,North,Store C,1
2024-09-25,1046.34,Home,South,Store C,1
2024-09-25,986.91,Home,East,Store B,1
2024-09-25,1131.17,Home,West,Store B,1
2024-09-26,906.47,Grocery,North,Store C,0
2024-09-26,992.29,Grocery,South,Store C,0
2024-09-26,989.29,Grocery,East,Store B,0
2024-09-26,1327.78,Grocery,West,Store B,0
2024-09-26,1093.72,Electronics,North,Store C,0
2024-09-26,1258.34,Electronics,South,Store C,0
2024-09-26,1164.7,Electronics,East,Store B,0
2024-09-26,1480.65,Electronics,West,Store B,0
2024-09-26,866.04,Fashion,North,Store C,0
2024-09-26,980.42,Fashion,South,Store C,0
2024-09-26,927.16,Fashion,East,Store B,0
2024-09-26,1140.34,Fashion,West,Store B,0
2024-09-26,1057.42,Home,North,Online,0
2024-09-26,1139.61,Home,South,Online,0
2024-09-26,757.51,Home,East,Store C,0
2024-09-26,953.31,Home,West,Store C,0
2024-09-27,1164.31,Grocery,North,Online,0
2024-09-27,1342.45,Grocery,South,Online,0
2024-09-27,936.13,Grocery,East,Store C,0
2024-09-27,1015.77,Grocery,West,Store C,0
2024-09-27,1506.48,Electronics,North,Online,0
2024-09-27,1610.05,Electronics,South,Online,0
2024-09-27,1104.13,Electronics,East,Store C,0
2024-09-27,1325.89,Electronics,West,Store C,0
2024-09-27,1113.31,Fashion,North,Online,0
2024-09-27,1245.92,Fashion,South,Online,0
2024-09-27,855.78,Fashion,East,Store C,0
2024-09-27,1014.07,Fashion,West,Store C,0
2024-09-27,803.8,Home,North,Store A,0
2024-09-27,900.42,Home,South,Store A,0
2024-09-27,1089.2,Home,East,Online,0
2024-09-27,1103.11,Home,West,Online,0
2024-09-28,1170.13,Grocery,North,Store A,0
2024-09-28,1319.05,Grocery,South,Store A,0
2024-09-28,1491.62,Grocery,East,Online,0
2024-09-28,1658.34,Grocery,West,Online,0
2024-09-28,1394.25,Electronics,North,Store A,0
2024-09-28,1612.73,Electronics,South,Store A,0
2024-09-28,1826.14,Electronics,East,Online,0
2024-09-28,2110.16,Electronics,West,Online,0
2024-09-28,1016.23,Fashion,North,Store A,0
2024-09-28,1204.06,Fashion,South,Store A,0
2024-09-28,1392.87,Fashion,East,Online,0
2024-09-28,1524.97,Fashion,West,Online,0
2024-09-28,901.4,Home,North,Store B,0
2024-09-28,1030.48,Home,South,Store B,0
2024-09-28,980.86,Home,East,Store A,0
2024-09-28,1334.4,Home,West,Store A,0
2024-09-29,1090.92,Grocery,North,Store B,0
2024-09-29,1292.37,Grocery,South,Store B,0
2024-09-29,1189.94,Grocery,East,Store A,0
2024-09-29,1487.42,Grocery,West,Store A,0
2024-09-29,1388.01,Electronics,North,Store B,0
2024-09-29,1493.11,Electronics,South,Store B,0
2024-09-29,1479.67,Electronics,East,Store A,0
2024-09-29,1705.77,Electronics,West,Store A,0
2024-09-29,956.3,Fashion,North,Store B,0
2024-09-29,1217.23,Fashion,South,Store B,0
2024-09-29,1097.2,Fashion,East,Store A,0
2024-09-29,1202.05,Fashion,West,Store A,0
2024-09-29,947.62,Home,North,Store C,0
2024-09-29,924.04,Home,South,Store C,0
2024-09-29,931.0,Home,East,Store B,0
2024-09-29,1208.29,Home,West,Store B,0
2024-09-30,893.75,Grocery,North,Store C,0
2024-09-30,1017.24,Grocery,South,Store C,0
2024-09-30,933.66,Grocery,East,Store B,0
2024-09-30,1095.19,Grocery,West,Store B,0
2024-09-30,1075.76,Electronics,North,Store C,0
2024-09-30,1254.91,Electronics,South,Store C,0
2024-09-30,1221.65,Electronics,East,Store B,0
2024-09-30,1399.67,Electronics,West,Store B,0
2024-09-30,826.26,Fashion,North,Store C,0
2024-09-30,838.21,Fashion,South,Store C,0
2024-09-30,941.67,Fashion,East,Store B,0
2024-09-30,1093.55,Fashion,West,Store B,0
2024-09-30,1097.13,Home,North,Online,0
2024-09-30,1125.71,Home,South,Online,0
2024-09-30,712.83,Home,East,Store C,0
2024-09-30,902.33,Home,West,Store C,0
2024-10-01,942.68,Grocery,North,Store B,0
2024-10-01,1117.48,Grocery,South,Store B,0
2024-10-01,1064.39,Grocery,East,Store A,0
2024-10-01,1188.84,Grocery,West,Store A,0
2024-10-01,1066.14,Electronics,North,Store B,0
2024-10-01,1330.45,Electronics,South,Store B,0
2024-10-01,1355.17,Electronics,East,Store A,0
2024-10-01,1518.4,Electronics,West,Store A,0
2024-10-01,924.02,Fashion,North,Store B,0
2024-10-01,1056.6,Fashion,South,Store B,0
2024-10-01,987.51,Fashion,East,Store A,0
2024-10-01,1106.72,Fashion,West,Store A,0
2024-10-01,744.48,Home,North,Store C,0
2024-10-01,901.6,Home,South,Store C,0
2024-10-01,844.0,Home,East,Store B,0
2024-10-01,1005.67,Home,West,Store B,0
2024-10-02,876.83,Grocery,North,Store C,0
2024-10-02,1015.92,Grocery,South,Store C,0
2024-10-02,995.48,Grocery,East,Store B,0
2024-10-02,1183.23,Grocery,West,Store B,0
2024-10-02,1150.02,Electronics,North,Store C,0
2024-10-02,1106.85,Electronics,South,Store C,0
2024-10-02,1207.49,Electronics,East,Store B,0
2024-10-02,1422.91,Electronics,West,Store B,0
2024-10-02,750.37,Fashion,North,Store C,0
2024-10-02,976.96,Fashion,South,Store C,0
2024-10-02,877.25,Fashion,East,Store B,0
2024-10-02,1065.9,Fashion,West,Store B,0
2024-10-02,1091.05,Home,North,Online,0
2024-10-02,1181.75,Home,South,Online,0
2024-10-02,796.88,Home,East,Store C,0
2024-10-02,926.79,Home,West,Store C,0
2024-10-03,1207.6,Grocery,North,Online,0
2024-10-03,1494.89,Grocery,South,Online,0
2024-10-03,985.21,Grocery,East,Store C,0
2024-10-03,1072.72,Grocery,West,Store C,0
2024-10-03,1387.11,Electronics,North,Online,0
2024-10-03,1697.78,Electronics,South,Online,0
2024-10-03,1129.43,Electronics,East,Store C,0
2024-10-03,1261.92,Electronics,West,Store C,0
2024-10-03,1137.12,Fashion,North,Online,0
2024-10-03,1252.76,Fashion,South,Online,0
2024-10-03,890.53,Fashion,East,Store C,0
2024-10-03,1043.84,Fashion,West,Store C,0
2024-10-03,796.72,Home,North,Store A,0
2024-10-03,979.79,Home,South,Store A,0
2024-10-03,1004.56,Home,East,Online,0
2024-10-03,1197.68,Home,West,Online,0
2024-10-04,991.66,Grocery,North,Store A,0
2024-10-04,1224.33,Grocery,South,Store A,0
2024-10-04,1253.64,Grocery,East,Online,0
2024-10-04,1577.65,Grocery,West,Online,0
2024-10-04,1326.67,Electronics,North,Store A,0
2024-10-04,1357.86,Electronics,South,Store A,0
2024-10-04,1366.53,Electronics,East,Online,0
2024-10-04,1865.13,Electronics,West,Online,0
2024-10-04,915.61,Fashion,North,Store A,0
2024-10-04,1016.0,Fashion,South,Store A,0
2024-10-04,1129.14,Fashion,East,Online,0
2024-10-04,1352.04,Fashion,West,Online,0
2024-10-04,854.02,Home,North,Store B,0
2024-10-04,899.71,Home,South,Store B,0
2024-10-04,936.53,Home,East,Store A,0
2024-10-04,1052.17,Home,West,Store A,0
2024-10-05,1322.87,Grocery,North,Store B,1
2024-10-05,1503.71,Grocery,South,Store B,1
2024-10-05,1513.31,Grocery,East,Store A,1
2024-10-05,1799.82,Grocery,West,Store A,1
2024-10-05,1667.22,Electronics,North,Store B,1
2024-10-05,1821.0,Electronics,South,Store B,1
2024-10-05,1793.56,Electronics,East,Store A,1
2024-10-05,2143.71,Electronics,West,Store A,1
2024-10-05,1205.21,Fashion,North,Store B,1
2024-10-05,1333.5,Fashion,South,Store B,1
2024-10-05,1312.44,Fashion,East,Store A,1
2024-10-05,1592.74,Fashion,West,Store A,1
2024-10-05,1059.75,Home,North,Store C,1
2024-10-05,1234.1,Home,South,Store C,1
2024-10-05,1061.87,Home,East,Store B,1
2024-10-05,1312.34,Home,West,Store B,1
2024-10-06,1029.13,Grocery,North,Store C,0
2024-10-06,1237.57,Grocery,South,Store C,0
2024-10-06,1135.71,Grocery,East,Store B,0
2024-10-06,1355.05,Grocery,West,Store B,0
2024-10-06,1184.47,Electronics,North,Store C,0
2024-10-06,1463.27,Electronics,South,Store C,0
2024-10-06,1392.78,Electronics,East,Store B,0
2024-10-06,1623.13,Electronics,West,Store B,0
2024-10-06,945.66,Fashion,North,Store C,0
2024-10-06,1154.67,Fashion,South,Store C,0
2024-10-06,1010.78,Fashion,East,Store B,0
2024-10-06,1215.56,Fashion,West,Store B,0
2024-10-06,1218.93,Home,North,Online,0
2024-10-06,1313.28,Home,South,Online,0
2024-10-06,926.42,Home,East,Store C,0
2024-10-06,1075.07,Home,West,Store C,0
2024-10-07,1217.45,Grocery,North,Online,0
2024-10-07,1368.87,Grocery,South,Online,0
2024-10-07,988.94,Grocery,East,Store C,0
2024-10-07,1180.38,Grocery,West,Store C,0
2024-10-07,1527.03,Electronics,North,Online,0
2024-10-07,1605.14,Electronics,South,Online,0
2024-10-07,1206.82,Electronics,East,Store C,0
2024-10-07,1323.84,Electronics,West,Store C,0
2024-10-07,1074.53,Fashion,North,Online,0
2024-10-07,1261.09,Fashion,South,Online,0
2024-10-07,908.99,Fashion,East,Store C,0
2024-10-07,1051.56,Fashion,West,Store C,0
2024-10-07,817.99,Home,North,Store A,0
2024-10-07,993.18,Home,South,Store A,0
2024-10-07,1041.95,Home,East,Online,0
2024-10-07,1192.71,Home,West,Online,0
2024-10-08,984.45,Grocery,North,Store A,0
2024-10-08,1187.49,Grocery,South,Store A,0
2024-10-08,1267.58,Grocery,East,Online,0
2024-10-08,1430.12,Grocery,West,Online,0
2024-10-08,1278.13,Electronics,North,Store A,0
2024-10-08,1375.44,Electronics,South,Store A,0
2024-10-08,1618.42,Electronics,East,Online,0
2024-10-08,1734.87,Electronics,West,Online,0
2024-10-08,926.72,Fashion,North,Store A,0
2024-10-08,1027.7,Fashion,South,Store A,0
2024-10-08,1110.67,Fashion,East,Online,0
2024-10-08,1351.39,Fashion,West,Online,0
2024-10-08,881.94,Home,North,Store B,0
2024-10-08,900.94,Home,South,Store B,0
2024-10-08,824.47,Home,East,Store A,0
2024-10-08,926.88,Home,West,Store A,0
2024-10-09,870.35,Grocery,North,Store B,0
2024-10-09,1068.98,Grocery,South,Store B,0
2024-10-09,1032.83,Grocery,East,Store A,0
2024-10-09,1251.47,Grocery,West,Store A,0
2024-10-09,1036.33,Electronics,North,Store B,0
2024-10-09,1316.86,Electronics,South,Store B,0
2024-10-09,1341.37,Electronics,East,Store A,0
2024-10-09,1610.09,Electronics,West,Store A,0
2024-10-09,779.05,Fashion,North,Store B,0
2024-10-09,961.32,Fashion,South,Store B,0
2024-10-09,930.22,Fashion,East,Store A,0
2024-10-09,1164.71,Fashion,West,Store A,0
2024-10-09,669.95,Home,North,Store C,0
2024-10-09,931.49,Home,South,Store C,0
2024-10-09,820.91,Home,East,Store B,0
2024-10-09,962.08,Home,West,Store B,0
2024-10-10,994.21,Grocery,North,Store C,0
2024-10-10,1031.11,Grocery,South,Store C,0
2024-10-10,1028.85,Grocery,East,Store B,0
2024-10-10,1150.47,Grocery,West,Store B,0
2024-10-10,1015.63,Electronics,North,Store C,0
2024-10-10,1208.32,Electronics,South,Store C,0
2024-10-10,1331.9,Electronics,East,Store B,0
2024-10-10,1468.97,Electronics,West,Store B,0
2024-10-10,844.88,Fashion,North,Store C,0
2024-10-10,890.84,Fashion,South,Store C,0
2024-10-10,971.63,Fashion,East,Store B,0
2024-10-10,1016.09,Fashion,West,Store B,0
2024-10-10,907.95,Home,North,Online,0
2024-10-10,1100.88,Home,South,Online,0
2024-10-10,876.47,Home,East,Store C,0
2024-10-10,1014.59,Home,West,Store C,0
2024-10-11,1198.09,Grocery,North,Online,0
2024-10-11,1354.95,Grocery,South,Online,0
2024-10-11,855.71,Grocery,East,Store C,0
2024-10-11,1123.96,Grocery,West,Store C,0
2024-10-11,1480.55,Electronics,North,Online,0
2024-10-11,1718.58,Electronics,South,Online,0
2024-10-11,1188.41,Electronics,East,Store C,0
2024-10-11,1336.54,Electronics,West,Store C,0
2024-10-11,1149.85,Fashion,North,Online,0
2024-10-11,1235.53,Fashion,South,Online,0
2024-10-11,895.3,Fashion,East,Store C,0
2024-10-11,996.89,Fashion,West,Store C,0
2024-10-11,859.71,Home,North,Store A,0
2024-10-11,970.66,Home,South,Store A,0
2024-10-11,1041.03,Home,East,Online,0
2024-10-11,1271.46,Home,West,Online,0
2024-10-12,1104.37,Grocery,North,Store A,0
2024-10-12,1296.85,Grocery,South,Store A,0
2024-10-12,1465.3,Grocery,East,Online,0
2024-10-12,1672.63,Grocery,West,Online,0
2024-10-12,1410.55,Electronics,North,Store A,0
2024-10-12,1610.5,Electronics,South,Store A,0
2024-10-12,1853.23,Electronics,East,Online,0
2024-10-12,2116.19,Electronics,West,Online,0
2024-10-12,1146.45,Fashion,North,Store A,0
2024-10-12,1257.15,Fashion,South,Store A,0
2024-10-12,1325.25,Fashion,East,Online,0
2024-10-12,1610.89,Fashion,West,Online,0
2024-10-12,952.97,Home,North,Store B,0
2024-10-12,1104.74,Home,South,Store B,0
2024-10-12,1002.69,Home,East,Store A,0
2024-10-12,1104.86,Home,West,Store A,0
2024-10-13,1028.53,Grocery,North,Store B,0
2024-10-13,1260.37,Grocery,South,Store B,0
2024-10-13,1113.9,Grocery,East,Store A,0
2024-10-13,1569.42,Grocery,West,Store A,0
2024-10-13,1384.25,Electronics,North,Store B,0
2024-10-13,1503.36,Electronics,South,Store B,0
2024-10-13,1434.16,Electronics,East,Store A,0
2024-10-13,1826.36,Electronics,West,Store A,0
2024-10-13,966.59,Fashion,North,Store B,0
2024-10-13,1113.99,Fashion,South,Store B,0
2024-10-13,1095.06,Fashion,East,Store A,0
2024-10-13,1352.33,Fashion,West,Store A,0
2024-10-13,891.84,Home,North,Store C,0
2024-10-13,1041.91,Home,South,Store C,0
2024-10-13,1009.99,Home,East,Store B,0
2024-10-13,1127.51,Home,West,Store B,0
2024-10-14,965.78,Grocery,North,Store C,0
2024-10-14,998.55,Grocery,South,Store C,0
2024-10-14,910.07,Grocery,East,Store B,0
2024-10-14,1158.85,Grocery,West,Store B,0
2024-10-14,1050.33,Electronics,North,Store C,0
2024-10-14,1211.3,Electronics,South,Store C,0
2024-10-14,1162.92,Electronics,East,Store B,0
2024-10-14,1413.61,Electronics,West,Store B,0
2024-10-14,866.67,Fashion,North,Store C,0
2024-10-14,1042.05,Fashion,South,Store C,0
2024-10-14,829.71,Fashion,East,Store B,0
2024-10-14,1023.6,Fashion,West,Store B,0
2024-10-14,953.94,Home,North,Online,0
2024-10-14,1177.53,Home,South,Online,0
2024-10-14,760.28,Home,East,Store C,0
2024-10-14,873.44,Home,West,Store C,0
2024-10-15,1512.07,Grocery,North,Online,1
2024-10-15,1728.91,Grocery,South,Online,1
2024-10-15,1138.07,Grocery,East,Store C,1
2024-10-15,1303.43,Grocery,West,Store C,1
2024-10-15,1787.03,Electronics,North,Online,1
2024-10-15,2004.42,Electronics,South,Online,1
2024-10-15,1357.53,Electronics,East,Store C,1
2024-10-15,1594.38,Electronics,West,Store C,1
2024-10-15,1398.72,Fashion,North,Online,1
2024-10-15,1547.99,Fashion,South,Online,1
2024-10-15,1099.53,Fashion,East,Store C,1
2024-10-15,1307.56,Fashion,West,Store C,1
2024-10-15,1030.09,Home,North,Store A,1
2024-10-15,1115.96,Home,South,Store A,1
2024-10-15,1306.28,Home,East,Online,1
2024-10-15,1504.1,Home,West,Online,1
2024-10-16,1173.46,Grocery,North,Store A,0
2024-10-16,1189.81,Grocery,South,Store A,0
2024-10-16,1319.04,Grocery,East,Online,0
2024-10-16,1531.87,Grocery,West,Online,0
2024-10-16,1234.37,Electronics,North,Store A,0
2024-10-16,1397.05,Electronics,South,Store A,0
2024-10-16,1557.33,Electronics,East,Online,0
2024-10-16,1852.88,Electronics,West,Online,0
2024-10-16,1006.45,Fashion,North,Store A,0
2024-10-16,1090.36,Fashion,South,Store A,0
2024-10-16,1146.68,Fashion,East,Online,0
2024-10-16,1369.45,Fashion,West,Online,0
2024-10-16,717.07,Home,North,Store B,0
2024-10-16,990.43,Home,South,Store B,0
2024-10-16,844.09,Home,East,Store A,0
2024-10-16,1087.57,Home,West,Store A,0
2024-10-17,987.02,Grocery,North,Store B,0
2024-10-17,1122.92,Grocery,South,Store B,0
2024-10-17,1068.74,Grocery,East,Store A,0
2024-10-17,1229.36,Grocery,West,Store A,0
2024-10-17,1116.2,Electronics,North,Store B,0
2024-10-17,1426.27,Electronics,South,Store B,0
2024-10-17,1300.15,Electronics,East,Store A,0
2024-10-17,1593.43,Electronics,West,Store A,0
2024-10-17,965.63,Fashion,North,Store B,0
2024-10-17,989.87,Fashion,South,Store B,0
2024-10-17,1007.37,Fashion,East,Store A,0
2024-10-17,1167.31,Fashion,West,Store A,0
2024-10-17,678.58,Home,North,Store C,0
2024-10-17,834.67,Home,South,Store C,0
2024-10-17,856.59,Home,East,Store B,0
2024-10-17,948.22,Home,West,Store B,0
2024-10-18,895.41,Grocery,North,Store C,0
2024-10-18,1030.04,Grocery,South,Store C,0
2024-10-18,1130.37,Grocery,East,Store B,0
2024-10-18,1099.65,Grocery,West,Store B,0
2024-10-18,1126.61,Electronics,North,Store C,0
2024-10-18,1237.08,Electronics,South,Store C,0
2024-10-18,1185.28,Electronics,East,Store B,0
2024-10-18,1429.41,Electronics,West,Store B,0
2024-10-18,872.58,Fashion,North,Store C,0
2024-10-18,991.33,Fashion,South,Store C,0
2024-10-18,938.51,Fashion,East,Store B,0
2024-10-18,1158.88,Fashion,West,Store B,0
2024-10-18,1071.22,Home,North,Online,0
2024-10-18,1184.83,Home,South,Online,0
2024-10-18,744.58,Home,East,Store C,0
2024-10-18,944.09,Home,West,Store C,0
2024-10-19,1456.89,Grocery,North,Online,0
2024-10-19,1582.26,Grocery,South,Online,0
2024-10-19,1019.36,Grocery,East,Store C,0
2024-10-19,1197.51,Grocery,West,Store C,0
2024-10-19,1724.01,Electronics,North,Online,0
2024-10-19,1974.46,Electronics,South,Online,0
2024-10-19,1265.56,Electronics,East,Store C,0
2024-10-19,1632.48,Electronics,West,Store C,0
2024-10-19,1316.67,Fashion,North,Online,0
2024-10-19,1563.45,Fashion,South,Online,0
2024-10-19,1032.36,Fashion,East,Store C,0
2024-10-19,1139.2,Fashion,West,Store C,0
2024-10-19,1000.57,Home,North,Store A,0
2024-10-19,1147.11,Home,South,Store A,0
2024-10-19,1182.3,Home,East,Online,0
2024-10-19,1355.79,Home,West,Online,0
2024-10-20,1205.75,Grocery,North,Store A,0
2024-10-20,1311.17,Grocery,South,Store A,0
2024-10-20,1553.59,Grocery,East,Online,0
2024-10-20,1743.57,Grocery,West,Online,0
2024-10-20,1539.2,Electronics,North,Store A,0
2024-10-20,1527.26,Electronics,South,Store A,0
2024-10-20,1802.8,Electronics,East,Online,0
2024-10-20,2203.76,Electronics,West,Online,0
2024-10-20,1049.55,Fashion,North,Store A,0
2024-10-20,1241.68,Fashion,South,Store A,0
2024-10-20,1343.34,Fashion,East,Online,0
2024-10-20,1578.7,Fashion,West,Online,0
2024-10-20,933.58,Home,North,Store B,0
2024-10-20,976.13,Home,South,Store B,0
2024-10-20,1011.91,Home,East,Store A,0
2024-10-20,1233.37,Home,West,Store A,0
2024-10-21,964.29,Grocery,North,Store B,0
2024-10-21,1056.1,Grocery,South,Store B,0
2024-10-21,1136.62,Grocery,East,Store A,0
2024-10-21,1318.49,Grocery,West,Store A,0
2024-10-21,1117.39,Electronics,North,Store B,0
2024-10-21,1265.93,Electronics,South,Store B,0
2024-10-21,1247.26,Electronics,East,Store A,0
2024-10-21,1568.31,Electronics,West,Store A,0
2024-10-21,908.55,Fashion,North,Store B,0
2024-10-21,1060.41,Fashion,South,Store B,0
2024-10-21,970.5,Fashion,East,Store A,0
2024-10-21,1119.13,Fashion,West,Store A,0
2024-10-21,796.05,Home,North,Store C,0
2024-10-21,818.17,Home,South,Store C,0
2024-10-21,838.18,Home,East,Store B,0
2024-10-21,894.75,Home,West,Store B,0
2024-10-22,886.12,Grocery,North,Store C,0
2024-10-22,1099.85,Grocery,South,Store C,0
2024-10-22,979.48,Grocery,East,Store B,0
2024-10-22,1250.81,Grocery,West,Store B,0
2024-10-22,975.85,Electronics,North,Store C,0
2024-10-22,1225.98,Electronics,South,Store C,0
2024-10-22,1216.68,Electronics,East,Store B,0
2024-10-22,1547.15,Electronics,West,Store B,0
2024-10-22,775.41,Fashion,North,Store C,0
2024-10-22,992.74,Fashion,South,Store C,0
2024-10-22,990.66,Fashion,East,Store B,0
2024-10-22,1064.13,Fashion,West,Store B,0
2024-10-22,985.48,Home,North,Online,0
2024-10-22,1152.94,Home,South,Online,0
2024-10-22,696.68,Home,East,Store C,0
2024-10-22,896.06,Home,West,Store C,0
2024-10-23,1308.28,Grocery,North,Online,0
2024-10-23,1438.07,Grocery,South,Online,0
2024-10-23,949.06,Grocery,East,Store C,0
2024-10-23,1139.8,Grocery,West,Store C,0
2024-10-23,1521.86,Electronics,North,Online,0
2024-10-23,1738.45,Electronics,South,Online,0
2024-10-23,1121.86,Electronics,East,Store C,0
2024-10-23,1448.54,Electronics,West,Store C,0
2024-10-23,1205.57,Fashion,North,Online,0
2024-10-23,1327.14,Fashion,South,Online,0
2024-10-23,830.16,Fashion,East,Store C,0
2024-10-23,981.4,Fashion,West,Store C,0
2024-10-23,826.84,Home,North,Store A,0
2024-10-23,964.98,Home,South,Store A,0
2024-10-23,952.86,Home,East,Online,0
2024-10-23,1270.22,Home,West,Online,0
2024-10-24,1110.53,Grocery,North,Store A,0
2024-10-24,1215.22,Grocery,South,Store A,0
2024-10-24,1255.24,Grocery,East,Online,0
2024-10-24,1486.11,Grocery,West,Online,0
2024-10-24,1267.68,Electronics,North,Store A,0
2024-10-24,1415.8,Electronics,South,Store A,0
2024-10-24,1579.65,Electronics,East,Online,0
2024-10-24,1874.05,Electronics,West,Online,0
2024-10-24,1011.66,Fashion,North,Store A,0
2024-10-24,1020.95,Fashion,South,Store A,0
2024-10-24,1195.08,Fashion,East,Online,0
2024-10-24,1380.17,Fashion,West,Online,0
2024-10-24,791.65,Home,North,Store B,0
2024-10-24,954.85,Home,South,Store B,0
2024-10-24,935.39,Home,East,Store A,0
2024-10-24,1120.76,Home,West,Store A,0
2024-10-25,1200.63,Grocery,North,Store B,1
2024-10-25,1333.98,Grocery,South,Store B,1
2024-10-25,1288.55,Grocery,East,Store A,1
2024-10-25,1446.27,Grocery,West,Store A,1
2024-10-25,1490.34,Electronics,North,Store B,1
2024-10-25,1594.87,Electronics,South,Store B,1
2024-10-25,1595.19,Electronics,East,Store A,1
2024-10-25,1892.59,Electronics,West,Store A,1
2024-10-25,1008.97,Fashion,North,Store B,1
2024-10-25,1175.68,Fashion,South,Store B,1
2024-10-25,1277.17,Fashion,East,Store A,1
2024-10-25,1427.01,Fashion,West,Store A,1
2024-10-25,867.17,Home,North,Store C,1
2024-10-25,1016.5,Home,South,Store C,1
2024-10-25,1058.24,Home,East,Store B,1
2024-10-25,1233.28,Home,West,Store B,1
2024-10-26,989.11,Grocery,North,Store C,0
2024-10-26,1307.57,Grocery,South,Store C,0
2024-10-26,1241.14,Grocery,East,Store B,0
2024-10-26,1397.81,Grocery,West,Store B,0
2024-10-26,1221.77,Electronics,North,Store C,0
2024-10-26,1523.32,Electronics,South,Store C,0
2024-10-26,1455.83,Electronics,East,Store B,0
2024-10-26,1612.03,Electronics,West,Store B,0
2024-10-26,966.32,Fashion,North,Store C,0
2024-10-26,1286.43,Fashion,South,Store C,0
2024-10-26,1088.23,Fashion,East,Store B,0
2024-10-26,1246.22,Fashion,West,Store B,0
2024-10-26,1117.54,Home,North,Online,0
2024-10-26,1432.7,Home,South,Online,0
2024-10-26,953.96,Home,East,Store C,0
2024-10-26,1151.39,Home,West,Store C,0
2024-10-27,1457.46,Grocery,North,Online,0
2024-10-27,1712.46,Grocery,South,Online,0
2024-10-27,1070.14,Grocery,East,Store C,0
2024-10-27,1330.87,Grocery,West,Store C,0
2024-10-27,1753.25,Electronics,North,Online,0
2024-10-27,2053.79,Electronics,South,Online,0
2024-10-27,1361.48,Electronics,East,Store C,0
2024-10-27,1556.39,Electronics,West,Store C,0
2024-10-27,1324.98,Fashion,North,Online,0
2024-10-27,1412.0,Fashion,South,Online,0
2024-10-27,894.5,Fashion,East,Store C,0
2024-10-27,1255.62,Fashion,West,Store C,0
2024-10-27,964.56,Home,North,Store A,0
2024-10-27,1107.04,Home,South,Store A,0
2024-10-27,1270.31,Home,East,Online,0
2024-10-27,1526.37,Home,West,Online,0
2024-10-28,1074.78,Grocery,North,Store A,0
2024-10-28,1296.0,Grocery,South,Store A,0
2024-10-28,1327.11,Grocery,East,Online,0
2024-10-28,1554.76,Grocery,West,Online,0
2024-10-28,1271.23,Electronics,North,Store A,0
2024-10-28,1361.28,Electronics,South,Store A,0
2024-10-28,1616.33,Electronics,East,Online,0
2024-10-28,1716.47,Electronics,West,Online,0
2024-10-28,924.55,Fashion,North,Store A,0
2024-10-28,1090.38,Fashion,South,Store A,0
2024-10-28,1145.9,Fashion,East,Online,0
2024-10-28,1382.94,Fashion,West,Online,0
2024-10-28,902.58,Home,North,Store B,0
2024-10-28,972.97,Home,South,Store B,0
2024-10-28,848.95,Home,East,Store A,0
2024-10-28,1023.7,Home,West,Store A,0
2024-10-29,916.26,Grocery,North,Store B,0
2024-10-29,1161.7,Grocery,South,Store B,0
2024-10-29,1077.71,Grocery,East,Store A,0
2024-10-29,1183.76,Grocery,West,Store A,0
2024-10-29,1192.68,Electronics,North,Store B,0
2024-10-29,1375.46,Electronics,South,Store B,0
2024-10-29,1366.4,Electronics,East,Store A,0
2024-10-29,1550.64,Electronics,West,Store A,0
2024-10-29,882.4,Fashion,North,Store B,0
2024-10-29,1137.01,Fashion,South,Store B,0
2024-10-29,999.31,Fashion,East,Store A,0
2024-10-29,1222.0,Fashion,West,Store A,0
2024-10-29,723.76,Home,North,Store C,0
2024-10-29,895.58,Home,South,Store C,0
2024-10-29,756.67,Home,East,Store B,0
2024-10-29,965.0,Home,West,Store B,0
2024-10-30,861.01,Grocery,North,Store C,0
2024-10-30,1022.46,Grocery,South,Store C,0
2024-10-30,1098.77,Grocery,East,Store B,0
2024-10-30,1185.5,Grocery,West,Store B,0
2024-10-30,1155.61,Electronics,North,Store C,0
2024-10-30,1353.91,Electronics,South,Store C,0
2024-10-30,1237.97,Electronics,East,Store B,0
2024-10-30,1521.8,Electronics,West,Store B,0
2024-10-30,878.08,Fashion,North,Store C,0
2024-10-30,972.67,Fashion,South,Store C,0
2024-10-30,983.97,Fashion,East,Store B,0
2024-10-30,1217.05,Fashion,West,Store B,0
2024-10-30,981.95,Home,North,Online,0
2024-10-30,1104.89,Home,South,Online,0
2024-10-30,730.67,Home,East,Store C,0
2024-10-30,985.84,Home,West,Store C,0
2024-10-31,1314.07,Grocery,North,Online,0
2024-10-31,1395.56,Grocery,South,Online,0
2024-10-31,850.91,Grocery,East,Store C,0
2024-10-31,1109.15,Grocery,West,Store C,0
2024-10-31,1536.72,Electronics,North,Online,0
2024-10-31,1711.27,Electronics,South,Online,0
2024-10-31,1175.27,Electronics,East,Store C,0
2024-10-31,1350.62,Electronics,West,Store C,0
2024-10-31,1201.63,Fashion,North,Online,0
2024-10-31,1323.2,Fashion,South,Online,0
2024-10-31,918.58,Fashion,East,Store C,0
2024-10-31,1057.87,Fashion,West,Store C,0
2024-10-31,883.1,Home,North,Store A,0
2024-10-31,997.62,Home,South,Store A,0
2024-10-31,1010.83,Home,East,Online,0
2024-10-31,1277.44,Home,West,Online,0
2024-11-01,1034.51,Grocery,North,Store B,0
2024-11-01,1191.55,Grocery,South,Store B,0
2024-11-01,1119.28,Grocery,East,Store A,0
2024-11-01,1244.69,Grocery,West,Store A,0
2024-11-01,1147.9,Electronics,North,Store B,0
2024-11-01,1333.52,Electronics,South,Store B,0
2024-11-01,1329.81,Electronics,East,Store A,0
2024-11-01,1555.01,Electronics,West,Store A,0
2024-11-01,845.19,Fashion,North,Store B,0
2024-11-01,970.29,Fashion,South,Store B,0
2024-11-01,888.06,Fashion,East,Store A,0
2024-11-01,1016.22,Fashion,West,Store A,0
2024-11-01,749.61,Home,North,Store C,0
2024-11-01,989.14,Home,South,Store C,0
2024-11-01,939.34,Home,East,Store B,0
2024-11-01,941.1,Home,West,Store B,0
2024-11-02,1089.09,Grocery,North,Store C,0
2024-11-02,1149.78,Grocery,South,Store C,0
2024-11-02,1128.17,Grocery,East,Store B,0
2024-11-02,1354.94,Grocery,West,Store B,0
2024-11-02,1288.28,Electronics,North,Store C,0
2024-11-02,1470.53,Electronics,South,Store C,0
2024-11-02,1458.37,Electronics,East,Store B,0
2024-11-02,1746.26,Electronics,West,Store B,0
2024-11-02,970.72,Fashion,North,Store C,0
2024-11-02,1128.05,Fashion,South,Store C,0
2024-11-02,1038.45,Fashion,East,Store B,0
2024-11-02,1226.45,Fashion,West,Store B,0
2024-11-02,1102.75,Home,North,Online,0
2024-11-02,1384.81,Home,South,Online,0
2024-11-02,898.17,Home,East,Store C,0
2024-11-02,982.22,Home,West,Store C,0
2024-11-03,1455.67,Grocery,North,Online,0
2024-11-03,1592.25,Grocery,South,Online,0
2024-11-03,1219.97,Grocery,East,Store C,0
2024-11-03,1304.12,Grocery,West,Store C,0
2024-11-03,1793.39,Electronics,North,Online,0
2024-11-03,2058.64,Electronics,South,Online,0
2024-11-03,1305.69,Electronics,East,Store C,0
2024-11-03,1611.86,Electronics,West,Store C,0
2024-11-03,1365.92,Fashion,North,Online,0
2024-11-03,1526.53,Fashion,South,Online,0
2024-11-03,1052.87,Fashion,East,Store C,0
2024-11-03,1149.61,Fashion,West,Store C,0
2024-11-03,1026.1,Home,North,Store A,0
2024-11-03,1106.58,Home,South,Store A,0
2024-11-03,1256.83,Home,East,Online,0
2024-11-03,1515.53,Home,West,Online,0
2024-11-04,1093.51,Grocery,North,Store A,0
2024-11-04,1222.04,Grocery,South,Store A,0
2024-11-04,1348.87,Grocery,East,Online,0
2024-11-04,1592.68,Grocery,West,Online,0
2024-11-04,1353.9,Electronics,North,Store A,0
2024-11-04,1445.64,Electronics,South,Store A,0
2024-11-04,1589.73,Electronics,East,Online,0
2024-11-04,1922.31,Electronics,West,Online,0
2024-11-04,940.2,Fashion,North,Store A,0
2024-11-04,1027.49,Fashion,South,Store A,0
2024-11-04,1229.36,Fashion,East,Online,0
2024-11-04,1411.72,Fashion,West,Online,0
2024-11-04,743.69,Home,North,Store B,0
2024-11-04,949.67,Home,South,Store B,0
2024-11-04,975.0,Home,East,Store A,0
2024-11-04,971.28,Home,West,Store A,0
2024-11-05,1253.13,Grocery,North,Store B,1
2024-11-05,1222.89,Grocery,South,Store B,1
2024-11-05,1302.22,Grocery,East,Store A,1
2024-11-05,1668.69,Grocery,West,Store A,1
2024-11-05,1422.28,Electronics,North,Store B,1
2024-11-05,1644.48,Electronics,South,Store B,1
2024-11-05,1635.53,Electronics,East,Store A,1
2024-11-05,1791.86,Electronics,West,Store A,1
2024-11-05,1099.44,Fashion,North,Store B,1
2024-11-05,1250.5,Fashion,South,Store B,1
2024-11-05,1314.44,Fashion,East,Store A,1
2024-11-05,1366.66,Fashion,West,Store A,1
2024-11-05,893.15,Home,North,Store C,1
2024-11-05,989.5,Home,South,Store C,1
2024-11-05,958.3,Home,East,Store B,1
2024-11-05,1263.66,Home,West,Store B,1
2024-11-06,939.41,Grocery,North,Store C,0
2024-11-06,1037.1,Grocery,South,Store C,0
2024-11-06,1013.15,Grocery,East,Store B,0
2024-11-06,1201.97,Grocery,West,Store B,0
2024-11-06,1102.65,Electronics,North,Store C,0
2024-11-06,1215.27,Electronics,South,Store C,0
2024-11-06,1239.26,Electronics,East,Store B,0
2024-11-06,1463.96,Electronics,West,Store B,0
2024-11-06,816.78,Fashion,North,Store C,0
2024-11-06,985.71,Fashion,South,Store C,0
2024-11-06,966.55,Fashion,East,Store B,0
2024-11-06,1097.85,Fashion,West,Store B,0
2024-11-06,1020.56,Home,North,Online,0
2024-11-06,1289.45,Home,South,Online,0
2024-11-06,912.17,Home,East,Store C,0
2024-11-06,883.69,Home,West,Store C,0
2024-11-07,1216.07,Grocery,North,Online,0
2024-11-07,1383.24,Grocery,South,Online,0
2024-11-07,1037.68,Grocery,East,Store C,0
2024-11-07,1137.54,Grocery,West,Store C,0
2024-11-07,1537.12,Electronics,North,Online,0
2024-11-07,1844.53,Electronics,South,Online,0
2024-11-07,1178.2,Electronics,East,Store C,0
2024-11-07,1434.13,Electronics,West,Store C,0
2024-11-07,1187.67,Fashion,North,Online,0
2024-11-07,1286.99,Fashion,South,Online,0
2024-11-07,954.79,Fashion,East,Store C,0
2024-11-07,1014.47,Fashion,West,Store C,0
2024-11-07,937.79,Home,North,Store A,0
2024-11-07,951.29,Home,South,Store A,0
2024-11-07,1047.82,Home,East,Online,0
2024-11-07,1211.53,Home,West,Online,0
2024-11-08,1013.15,Grocery,North,Store A,0
2024-11-08,1187.66,Grocery,South,Store A,0
2024-11-08,1188.85,Grocery,East,Online,0
2024-11-08,1552.67,Grocery,West,Online,0
2024-11-08,1252.45,Electronics,North,Store A,0
2024-11-08,1500.91,Electronics,South,Store A,0
2024-11-08,1614.84,Electronics,East,Online,0
2024-11-08,1844.99,Electronics,West,Online,0
2024-11-08,948.59,Fashion,North,Store A,0
2024-11-08,1095.59,Fashion,South,Store A,0
2024-11-08,1292.22,Fashion,East,Online,0
2024-11-08,1387.6,Fashion,West,Online,0
2024-11-08,776.09,Home,North,Store B,0
2024-11-08,866.41,Home,South,Store B,0
2024-11-08,820.94,Home,East,Store A,0
2024-11-08,1085.09,Home,West,Store A,0
2024-11-09,1176.25,Grocery,North,Store B,0
2024-11-09,1396.77,Grocery,South,Store B,0
2024-11-09,1346.32,Grocery,East,Store A,0
2024-11-09,1657.64,Grocery,West,Store A,0
2024-11-09,1398.0,Electronics,North,Store B,0
2024-11-09,1581.63,Electronics,South,Store B,0
2024-11-09,1479.7,Electronics,East,Store A,0
2024-11-09,1874.44,Electronics,West,Store A,0
2024-11-09,1072.88,Fashion,North,Store B,0
2024-11-09,1249.65,Fashion,South,Store B,0
2024-11-09,1117.15,Fashion,East,Store A,0
2024-11-09,1415.83,Fashion,West,Store A,0
2024-11-09,901.12,Home,North,Store C,0
2024-11-09,1020.55,Home,South,Store C,0
2024-11-09,950.63,Home,East,Store B,0
2024-11-09,1235.13,Home,West,Store B,0
2024-11-10,1208.51,Grocery,North,Store C,0
2024-11-10,1186.21,Grocery,South,Store C,0
2024-11-10,1256.5,Grocery,East,Store B,0
2024-11-10,1282.1,Grocery,West,Store B,0
2024-11-10,1355.38,Electronics,North,Store C,0
2024-11-10,1398.11,Electronics,South,Store C,0
2024-11-10,1435.5,Electronics,East,Store B,0
2024-11-10,1661.12,Electronics,West,Store B,0
2024-11-10,991.03,Fashion,North,Store C,0
2024-11-10,1187.72,Fashion,South,Store C,0
2024-11-10,1011.6,Fashion,East,Store B,0
2024-11-10,1298.54,Fashion,West,Store B,0
2024-11-10,1173.29,Home,North,Online,0
2024-11-10,1454.65,Home,South,Online,0
2024-11-10,953.13,Home,East,Store C,0
2024-11-10,1035.34,Home,West,Store C,0
2024-11-11,1249.59,Grocery,North,Online,0
2024-11-11,1537.5,Grocery,South,Online,0
2024-11-11,1025.91,Grocery,East,Store C,0
2024-11-11,1117.33,Grocery,West,Store C,0
2024-11-11,1520.25,Electronics,North,Online,0
2024-11-11,1734.28,Electronics,South,Online,0
2024-11-11,1157.7,Electronics,East,Store C,0
2024-11-11,1311.3,Electronics,West,Store C,0
2024-11-11,1130.15,Fashion,North,Online,0
2024-11-11,1405.27,Fashion,South,Online,0
2024-11-11,882.04,Fashion,East,Store C,0
2024-11-11,1063.18,Fashion,West,Store C,0
2024-11-11,878.06,Home,North,Store A,0
2024-11-11,1112.69,Home,South,Store A,0
2024-11-11,1082.35,Home,East,Online,0
2024-11-11,1340.74,Home,West,Online,0
2024-11-12,1038.88,Grocery,North,Store A,0
2024-11-12,1205.74,Grocery,South,Store A,0
2024-11-12,1332.96,Grocery,East,Online,0
2024-11-12,1534.4,Grocery,West,Online,0
2024-11-12,1278.57,Electronics,North,Store A,0
2024-11-12,1516.99,Electronics,South,Store A,0
2024-11-12,1559.22,Electronics,East,Online,0
2024-11-12,1897.72,Electronics,West,Online,0
2024-11-12,1019.93,Fashion,North,Store A,0
2024-11-12,1071.27,Fashion,South,Store A,0
2024-11-12,1279.62,Fashion,East,Online,0
2024-11-12,1447.34,Fashion,West,Online,0
2024-11-12,812.57,Home,North,Store B,0
2024-11-12,824.84,Home,South,Store B,0
2024-11-12,888.51,Home,East,Store A,0
2024-11-12,1096.47,Home,West,Store A,0
2024-11-13,1107.86,Grocery,North,Store B,0
2024-11-13,1183.03,Grocery,South,Store B,0
2024-11-13,1181.45,Grocery,East,Store A,0
2024-11-13,1258.63,Grocery,West,Store A,0
2024-11-13,1210.69,Electronics,North,Store B,0
2024-11-13,1453.21,Electronics,South,Store B,0
2024-11-13,1298.38,Electronics,East,Store A,0
2024-11-13,1647.74,Electronics,West,Store A,0
2024-11-13,966.44,Fashion,North,Store B,0
2024-11-13,1069.3,Fashion,South,Store B,0
2024-11-13,1006.55,Fashion,East,Store A,0
2024-11-13,1158.58,Fashion,West,Store A,0
2024-11-13,870.45,Home,North,Store C,0
2024-11-13,914.44,Home,South,Store C,0
2024-11-13,876.97,Home,East,Store B,0
2024-11-13,993.17,Home,West,Store B,0
2024-11-14,953.82,Grocery,North,Store C,0
2024-11-14,1092.42,Grocery,South,Store C,0
2024-11-14,1078.94,Grocery,East,Store B,0
2024-11-14,1291.47,Grocery,West,Store B,0
2024-11-14,1102.27,Electronics,North,Store C,0
2024-11-14,1223.04,Electronics,South,Store C,0
2024-11-14,1276.55,Electronics,East,Store B,0
2024-11-14,1409.44,Electronics,West,Store B,0
2024-11-14,853.28,Fashion,North,Store C,0
2024-11-14,963.54,Fashion,South,Store C,0
2024-11-14,994.42,Fashion,East,Store B,0
2024-11-14,1254.1,Fashion,West,Store B,0
2024-11-14,936.66,Home,North,Online,0
2024-11-14,1313.02,Home,South,Online,0
2024-11-14,794.42,Home,East,Store C,0
2024-11-14,974.64,Home,West,Store C,0
2024-11-15,1464.51,Grocery,North,Online,1
2024-11-15,1810.45,Grocery,South,Online,1
2024-11-15,1195.28,Grocery,East,Store C,1
2024-11-15,1408.74,Grocery,West,Store C,1
2024-11-15,1749.46,Electronics,North,Online,1
2024-11-15,2116.76,Electronics,South,Online,1
2024-11-15,1482.16,Electronics,East,Store C,1
2024-11-15,1686.33,Electronics,West,Store C,1
2024-11-15,1476.2,Fashion,North,Online,1
2024-11-15,1669.15,Fashion,South,Online,1
2024-11-15,1056.64,Fashion,East,Store C,1
2024-11-15,1380.18,Fashion,West,Store C,1
2024-11-15,1054.88,Home,North,Store A,1
2024-11-15,1200.67,Home,South,Store A,1
2024-11-15,1313.61,Home,East,Online,1
2024-11-15,1552.25,Home,West,Online,1
2024-11-16,1108.25,Grocery,North,Store A,0
2024-11-16,1415.98,Grocery,South,Store A,0
2024-11-16,1482.4,Grocery,East,Online,0
2024-11-16,1932.92,Grocery,West,Online,0
2024-11-16,1594.97,Electronics,North,Store A,0
2024-11-16,1763.11,Electronics,South,Store A,0
2024-11-16,1861.06,Electronics,East,Online,0
2024-11-16,2162.97,Electronics,West,Online,0
2024-11-16,1110.56,Fashion,North,Store A,0
2024-11-16,1412.16,Fashion,South,Store A,0
2024-11-16,1387.36,Fashion,East,Online,0
2024-11-16,1557.69,Fashion,West,Online,0
2024-11-16,1017.16,Home,North,Store B,0
2024-11-16,1175.87,Home,South,Store B,0
2024-11-16,1153.94,Home,East,Store A,0
2024-11-16,1314.98,Home,West,Store A,0
2024-11-17,1249.06,Grocery,North,Store B,0
2024-11-17,1349.49,Grocery,South,Store B,0
2024-11-17,1194.63,Grocery,East,Store A,0
2024-11-17,1550.75,Grocery,West,Store A,0
2024-11-17,1457.77,Electronics,North,Store B,0
2024-11-17,1613.02,Electronics,South,Store B,0
2024-11-17,1565.08,Electronics,East,Store A,0
2024-11-17,1811.29,Electronics,West,Store A,0
2024-11-17,1027.63,Fashion,North,Store B,0
2024-11-17,1333.56,Fashion,South,Store B,0
2024-11-17,1301.0,Fashion,East,Store A,0
2024-11-17,1417.78,Fashion,West,Store A,0
2024-11-17,918.98,Home,North,Store C,0
2024-11-17,974.5,Home,South,Store C,0
2024-11-17,1038.72,Home,East,Store B,0
2024-11-17,1284.45,Home,West,Store B,0
2024-11-18,875.19,Grocery,North,Store C,0
2024-11-18,1117.48,Grocery,South,Store C,0
2024-11-18,1094.99,Grocery,East,Store B,0
2024-11-18,1290.04,Grocery,West,Store B,0
2024-11-18,1244.77,Electronics,North,Store C,0
2024-11-18,1426.05,Electronics,South,Store C,0
2024-11-18,1269.19,Electronics,East,Store B,0
2024-11-18,1554.53,Electronics,West,Store B,0
2024-11-18,882.64,Fashion,North,Store C,0
2024-11-18,964.66,Fashion,South,Store C,0
2024-11-18,989.96,Fashion,East,Store B,0
2024-11-18,1191.09,Fashion,West,Store B,0
2024-11-18,1063.84,Home,North,Online,0
2024-11-18,1148.92,Home,South,Online,0
2024-11-18,788.16,Home,East,Store C,0
2024-11-18,938.03,Home,West,Store C,0
2024-11-19,1249.27,Grocery,North,Online,0
2024-11-19,1492.03,Grocery,South,Online,0
2024-11-19,1025.16,Grocery,East,Store C,0
2024-11-19,1240.11,Grocery,West,Store C,0
2024-11-19,1511.95,Electronics,North,Online,0
2024-11-19,1742.98,Electronics,South,Online,0
2024-11-19,1291.49,Electronics,East,Store C,0
2024-11-19,1418.45,Electronics,West,Store C,0
2024-11-19,1187.47,Fashion,North,Online,0
2024-11-19,1340.17,Fashion,South,Online,0
2024-11-19,979.55,Fashion,East,Store C,0
2024-11-19,1150.15,Fashion,West,Store C,0
2024-11-19,945.27,Home,North,Store A,0
2024-11-19,1007.77,Home,South,Store A,0
2024-11-19,1050.92,Home,East,Online,0
2024-11-19,1406.63,Home,West,Online,0
2024-11-20,1135.98,Grocery,North,Store A,0
2024-11-20,1214.35,Grocery,South,Store A,0
2024-11-20,1431.83,Grocery,East,Online,0
2024-11-20,1572.67,Grocery,West,Online,0
2024-11-20,1387.93,Electronics,North,Store A,0
2024-11-20,1572.87,Electronics,South,Store A,0
2024-11-20,1578.13,Electronics,East,Online,0
2024-11-20,1959.98,Electronics,West,Online,0
2024-11-20,1039.62,Fashion,North,Store A,0
2024-11-20,1278.25,Fashion,South,Store A,0
2024-11-20,1197.99,Fashion,East,Online,0
2024-11-20,1545.15,Fashion,West,Online,0
2024-11-20,835.71,Home,North,Store B,0
2024-11-20,881.93,Home,South,Store B,0
2024-11-20,916.96,Home,East,Store A,0
2024-11-20,1093.33,Home,West,Store A,0
2024-11-21,969.96,Grocery,North,Store B,0
2024-11-21,1187.56,Grocery,South,Store B,0
2024-11-21,1190.26,Grocery,East,Store A,0
2024-11-21,1359.62,Grocery,West,Store A,0
2024-11-21,1207.52,Electronics,North,Store B,0
2024-11-21,1400.27,Electronics,South,Store B,0
2024-11-21,1368.7,Electronics,East,Store A,0
2024-11-21,1632.34,Electronics,West,Store A,0
2024-11-21,1002.1,Fashion,North,Store B,0
2024-11-21,1086.16,Fashion,South,Store B,0
2024-11-21,964.02,Fashion,East,Store A,0
2024-11-21,1201.48,Fashion,West,Store A,0
2024-11-21,794.41,Home,North,Store C,0
2024-11-21,955.71,Home,South,Store C,0
2024-11-21,943.48,Home,East,Store B,0
2024-11-21,1129.88,Home,West,Store B,0
2024-11-22,974.46,Grocery,North,Store C,0
2024-11-22,1143.03,Grocery,South,Store C,0
2024-11-22,994.21,Grocery,East,Store B,0
2024-11-22,1295.15,Grocery,West,Store B,0
2024-11-22,1104.87,Electronics,North,Store C,0
2024-11-22,1321.55,Electronics,South,Store C,0
2024-11-22,1459.33,Electronics,East,Store B,0
2024-11-22,1546.81,Electronics,West,Store B,0
2024-11-22,837.79,Fashion,North,Store C,0
2024-11-22,1030.17,Fashion,South,Store C,0
2024-11-22,954.73,Fashion,East,Store B,0
2024-11-22,1110.91,Fashion,West,Store B,0
2024-11-22,1176.33,Home,North,Online,0
2024-11-22,1266.01,Home,South,Online,0
2024-11-22,839.43,Home,East,Store C,0
2024-11-22,949.56,Home,West,Store C,0
2024-11-23,1498.43,Grocery,North,Online,0
2024-11-23,1809.96,Grocery,South,Online,0
2024-11-23,1189.13,Grocery,East,Store C,0
2024-11-23,1218.03,Grocery,West,Store C,0
2024-11-23,1956.92,Electronics,North,Online,0
2024-11-23,2086.06,Electronics,South,Online,0
2024-11-23,1429.58,Electronics,East,Store C,0
2024-11-23,1729.57,Electronics,West,Store C,0
2024-11-23,1412.69,Fashion,North,Online,0
2024-11-23,1620.0,Fashion,South,Online,0
2024-11-23,1049.62,Fashion,East,Store C,0
2024-11-23,1202.35,Fashion,West,Store C,0
2024-11-23,1049.52,Home,North,Store A,0
2024-11-23,1255.86,Home,South,Store A,0
2024-11-23,1249.81,Home,East,Online,0
2024-11-23,1481.5,Home,West,Online,0
2024-11-24,1340.97,Grocery,North,Store A,0
2024-11-24,1424.83,Grocery,South,Store A,0
2024-11-24,1560.82,Grocery,East,Online,0
2024-11-24,1853.71,Grocery,West,Online,0
2024-11-24,1529.32,Electronics,North,Store A,0
2024-11-24,1658.34,Electronics,South,Store A,0
2024-11-24,1875.79,Electronics,East,Online,0
2024-11-24,2268.1,Electronics,West,Online,0
2024-11-24,1178.14,Fashion,North,Store A,0
2024-11-24,1390.79,Fashion,South,Store A,0
2024-11-24,1550.38,Fashion,East,Online,0
2024-11-24,1798.59,Fashion,West,Online,0
2024-11-24,1026.84,Home,North,Store B,0
2024-11-24,1103.4,Home,South,Store B,0
2024-11-24,1046.15,Home,East,Store A,0
2024-11-24,1279.85,Home,West,Store A,0
2024-11-25,1276.6,Grocery,North,Store B,1
2024-11-25,1461.7,Grocery,South,Store B,1
2024-11-25,1411.05,Grocery,East,Store A,1
2024-11-25,1622.99,Grocery,West,Store A,1
2024-11-25,1540.77,Electronics,North,Store B,1
2024-11-25,1773.94,Electronics,South,Store B,1
2024-11-25,1705.21,Electronics,East,Store A,1
2024-11-25,1959.35,Electronics,West,Store A,1
2024-11-25,1093.08,Fashion,North,Store B,1
2024-11-25,1249.29,Fashion,South,Store B,1
2024-11-25,1222.64,Fashion,East,Store A,1
2024-11-25,1505.69,Fashion,West,Store A,1
2024-11-25,979.0,Home,North,Store C,1
2024-11-25,1004.05,Home,South,Store C,1
2024-11-25,1027.75,Home,East,Store B,1
2024-11-25,1262.71,Home,West,Store B,1
2024-11-26,926.15,Grocery,North,Store C,0
2024-11-26,1134.42,Grocery,South,Store C,0
2024-11-26,1066.57,Grocery,East,Store B,0
2024-11-26,1242.7,Grocery,West,Store B,0
2024-11-26,1176.99,Electronics,North,Store C,0
2024-11-26,1358.01,Electronics,South,Store C,0
2024-11-26,1257.18,Electronics,East,Store B,0
2024-11-26,1529.99,Electronics,West,Store B,0
2024-11-26,918.67,Fashion,North,Store C,0
2024-11-26,974.53,Fashion,South,Store C,0
2024-11-26,900.48,Fashion,East,Store B,0
2024-11-26,1089.29,Fashion,West,Store B,0
2024-11-26,1046.82,Home,North,Online,0
2024-11-26,1145.25,Home,South,Online,0
2024-11-26,808.38,Home,East,Store C,0
2024-11-26,1071.07,Home,West,Store C,0
2024-11-27,1242.05,Grocery,North,Online,0
2024-11-27,1484.59,Grocery,South,Online,0
2024-11-27,1136.66,Grocery,East,Store C,0
2024-11-27,1229.06,Grocery,West,Store C,0
2024-11-27,1565.69,Electronics,North,Online,0
2024-11-27,1796.61,Electronics,South,Online,0
2024-11-27,1250.33,Electronics,East,Store C,0
2024-11-27,1545.3,Electronics,West,Store C,0
2024-11-27,1176.99,Fashion,North,Online,0
2024-11-27,1331.33,Fashion,South,Online,0
2024-11-27,857.16,Fashion,East,Store C,0
2024-11-27,1110.03,Fashion,West,Store C,0
2024-11-27,821.92,Home,North,Store A,0
2024-11-27,998.09,Home,South,Store A,0
2024-11-27,1067.81,Home,East,Online,0
2024-11-27,1382.17,Home,West,Online,0
2024-11-28,1079.8,Grocery,North,Store A,0
2024-11-28,1282.79,Grocery,South,Store A,0
2024-11-28,1288.77,Grocery,East,Online,0
2024-11-28,1637.14,Grocery,West,Online,0
2024-11-28,1266.89,Electronics,North,Store A,0
2024-11-28,1494.02,Electronics,South,Store A,0
2024-11-28,1778.68,Electronics,East,Online,0
2024-11-28,2012.69,Electronics,West,Online,0
2024-11-28,1006.82,Fashion,North,Store A,0
2024-11-28,1330.04,Fashion,South,Store A,0
2024-11-28,1209.96,Fashion,East,Online,0
2024-11-28,1555.87,Fashion,West,Online,0
2024-11-28,764.94,Home,North,Store B,0
2024-11-28,953.26,Home,South,Store B,0
2024-11-28,865.45,Home,East,Store A,0
2024-11-28,1126.3,Home,West,Store A,0
2024-11-29,1049.26,Grocery,North,Store B,0
2024-11-29,1173.94,Grocery,South,Store B,0
2024-11-29,1217.54,Grocery,East,Store A,0
2024-11-29,1338.88,Grocery,West,Store A,0
2024-11-29,1276.94,Electronics,North,Store B,0
2024-11-29,1478.2,Electronics,South,Store B,0
2024-11-29,1311.32,Electronics,East,Store A,0
2024-11-29,1607.57,Electronics,West,Store A,0
2024-11-29,960.48,Fashion,North,Store B,0
2024-11-29,1124.6,Fashion,South,Store B,0
2024-11-29,1137.55,Fashion,East,Store A,0
2024-11-29,1242.09,Fashion,West,Store A,0
2024-11-29,781.61,Home,North,Store C,0
2024-11-29,861.53,Home,South,Store C,0
2024-11-29,905.5,Home,East,Store B,0
2024-11-29,1033.99,Home,West,Store B,0
2024-11-30,1126.75,Grocery,North,Store C,0
2024-11-30,1294.58,Grocery,South,Store C,0
2024-11-30,1298.39,Grocery,East,Store B,0
2024-11-30,1469.95,Grocery,West,Store B,0
2024-11-30,1331.59,Electronics,North,Store C,0
2024-11-30,1587.84,Electronics,South,Store C,0
2024-11-30,1359.54,Electronics,East,Store B,0
2024-11-30,1773.04,Electronics,West,Store B,0
2024-11-30,981.74,Fashion,North,Store C,0
2024-11-30,1255.77,Fashion,South,Store C,0
2024-11-30,1136.34,Fashion,East,Store B,0
2024-11-30,1342.92,Fashion,West,Store B,0
2024-11-30,1249.38,Home,North,Online,0
2024-11-30,1392.47,Home,South,Online,0
2024-11-30,946.33,Home,East,Store C,0
2024-11-30,1151.7,Home,West,Store C,0
2024-12-01,1195.83,Grocery,North,Store B,0
2024-12-01,1364.03,Grocery,South,Store B,0
2024-12-01,1293.17,Grocery,East,Store A,0
2024-12-01,1533.0,Grocery,West,Store A,0
2024-12-01,1470.32,Electronics,North,Store B,0
2024-12-01,1686.73,Electronics,South,Store B,0
2024-12-01,1544.5,Electronics,East,Store A,0
2024-12-01,1962.96,Electronics,West,Store A,0
2024-12-01,1380.91,Fashion,North,Store B,1
2024-12-01,1577.66,Fashion,South,Store B,1
2024-12-01,1497.81,Fashion,East,Store A,1
2024-12-01,1788.44,Fashion,West,Store A,1
2024-12-01,1051.22,Home,North,Store C,0
2024-12-01,1043.22,Home,South,Store C,0
2024-12-01,976.45,Home,East,Store B,0
2024-12-01,1139.51,Home,West,Store B,0
2024-12-02,1085.37,Grocery,North,Store C,0
2024-12-02,1222.84,Grocery,South,Store C,0
2024-12-02,1047.26,Grocery,East,Store B,0
2024-12-02,1259.8,Grocery,West,Store B,0
2024-12-02,1172.1,Electronics,North,Store C,0
2024-12-02,1421.82,Electronics,South,Store C,0
2024-12-02,1250.66,Electronics,East,Store B,0
2024-12-02,1456.01,Electronics,West,Store B,0
2024-12-02,1205.22,Fashion,North,Store C,1
2024-12-02,1253.38,Fashion,South,Store C,1
2024-12-02,1231.06,Fashion,East,Store B,1
2024-12-02,1416.3,Fashion,West,Store B,1
2024-12-02,1109.88,Home,North,Online,0
2024-12-02,1150.93,Home,South,Online,0
2024-12-02,792.43,Home,East,Store C,0
2024-12-02,998.51,Home,West,Store C,0
2024-12-03,1210.89,Grocery,North,Online,0
2024-12-03,1503.89,Grocery,South,Online,0
2024-12-03,1013.21,Grocery,East,Store C,0
2024-12-03,1206.37,Grocery,West,Store C,0
2024-12-03,1577.16,Electronics,North,Online,0
2024-12-03,1775.01,Electronics,South,Online,0
2024-12-03,1143.18,Electronics,East,Store C,0
2024-12-03,1479.73,Electronics,West,Store C,0
2024-12-03,1450.6,Fashion,North,Online,1
2024-12-03,1594.36,Fashion,South,Online,1
2024-12-03,1138.25,Fashion,East,Store C,1
2024-12-03,1327.03,Fashion,West,Store C,1
2024-12-03,886.11,Home,North,Store A,0
2024-12-03,918.89,Home,South,Store A,0
2024-12-03,1170.54,Home,East,Online,0
2024-12-03,1273.27,Home,West,Online,0
2024-12-04,1126.4,Grocery,North,Store A,0
2024-12-04,1233.76,Grocery,South,Store A,0
2024-12-04,1374.46,Grocery,East,Online,0
2024-12-04,1715.59,Grocery,West,Online,0
2024-12-04,1380.55,Electronics,North,Store A,0
2024-12-04,1600.34,Electronics,South,Store A,0
2024-12-04,1697.91,Electronics,East,Online,0
2024-12-04,2010.05,Electronics,West,Online,0
2024-12-04,1135.34,Fashion,North,Store A,1
2024-12-04,1386.41,Fashion,South,Store A,1
2024-12-04,1520.69,Fashion,East,Online,1
2024-12-04,1881.94,Fashion,West,Online,1
2024-12-04,833.01,Home,North,Store B,0
2024-12-04,994.48,Home,South,Store B,0
2024-12-04,964.85,Home,East,Store A,0
2024-12-04,1191.04,Home,West,Store A,0
2024-12-05,1265.34,Grocery,North,Store B,1
2024-12-05,1494.24,Grocery,South,Store B,1
2024-12-05,1314.33,Grocery,East,Store A,1
2024-12-05,1577.95,Grocery,West,Store A,1
2024-12-05,1405.97,Electronics,North,Store B,1
2024-12-05,1786.6,Electronics,South,Store B,1
2024-12-05,1731.54,Electronics,East,Store A,1
2024-12-05,2055.04,Electronics,West,Store A,1
2024-12-05,1127.59,Fashion,North,Store B,1
2024-12-05,1294.95,Fashion,South,Store B,1
2024-12-05,1282.11,Fashion,East,Store A,1
2024-12-05,1604.88,Fashion,West,Store A,1
2024-12-05,1065.19,Home,North,Store C,1
2024-12-05,1150.11,Home,South,Store C,1
2024-12-05,1097.68,Home,East,Store B,1
2024-12-05,1351.2,Home,West,Store B,1
2024-12-06,983.9,Grocery,North,Store C,0
2024-12-06,1114.48,Grocery,South,Store C,0
2024-12-06,1101.19,Grocery,East,Store B,0
2024-12-06,1258.02,Grocery,West,Store B,0
2024-12-06,1191.32,Electronics,North,Store C,0
2024-12-06,1305.57,Electronics,South,Store C,0
2024-12-06,1390.08,Electronics,East,Store B,0
2024-12-06,1608.57,Electronics,West,Store B,0
2024-12-06,1174.7,Fashion,North,Store C,1
2024-12-06,1158.05,Fashion,South,Store C,1
2024-12-06,1321.83,Fashion,East,Store B,1
2024-12-06,1354.33,Fashion,West,Store B,1
2024-12-06,1028.4,Home,North,Online,0
2024-12-06,1211.5,Home,South,Online,0
2024-12-06,918.38,Home,East,Store C,0
2024-12-06,1014.33,Home,West,Store C,0
2024-12-07,1550.54,Grocery,North,Online,0
2024-12-07,1736.64,Grocery,South,Online,0
2024-12-07,1134.05,Grocery,East,Store C,0
2024-12-07,1494.21,Grocery,West,Store C,0
2024-12-07,1925.96,Electronics,North,Online,0
2024-12-07,2216.7,Electronics,South,Online,0
2024-12-07,1477.59,Electronics,East,Store C,0
2024-12-07,1577.84,Electronics,West,Store C,0
2024-12-07,1649.24,Fashion,North,Online,1
2024-12-07,1980.81,Fashion,South,Online,1
2024-12-07,1308.31,Fashion,East,Store C,1
2024-12-07,1541.95,Fashion,West,Store C,1
2024-12-07,1006.47,Home,North,Store A,0
2024-12-07,1266.84,Home,South,Store A,0
2024-12-07,1351.6,Home,East,Online,0
2024-12-07,1597.72,Home,West,Online,0
2024-12-08,1279.93,Grocery,North,Store A,0
2024-12-08,1506.3,Grocery,South,Store A,0
2024-12-08,1560.75,Grocery,East,Online,0
2024-12-08,1927.37,Grocery,West,Online,0
2024-12-08,1443.15,Electronics,North,Store A,0
2024-12-08,1714.76,Electronics,South,Store A,0
2024-12-08,1949.0,Electronics,East,Online,0
2024-12-08,2458.6,Electronics,West,Online,0
2024-12-08,1344.98,Fashion,North,Store A,1
2024-12-08,1575.33,Fashion,South,Store A,1
2024-12-08,1806.91,Fashion,East,Online,1
2024-12-08,2222.0,Fashion,West,Online,1
2024-12-08,1019.06,Home,North,Store B,0
2024-12-08,1185.95,Home,South,Store B,0
2024-12-08,1096.6,Home,East,Store A,0
2024-12-08,1291.91,Home,West,Store A,0
2024-12-09,1075.08,Grocery,North,Store B,0
2024-12-09,1182.4,Grocery,South,Store B,0
2024-12-09,1224.28,Grocery,East,Store A,0
2024-12-09,1313.65,Grocery,West,Store A,0
2024-12-09,1337.24,Electronics,North,Store B,0
2024-12-09,1468.63,Electronics,South,Store B,0
2024-12-09,1413.54,Electronics,East,Store A,0
2024-12-09,1596.78,Electronics,West,Store A,0
2024-12-09,1121.91,Fashion,North,Store B,1
2024-12-09,1404.33,Fashion,South,Store B,1
2024-12-09,1289.41,Fashion,East,Store A,1
2024-12-09,1555.13,Fashion,West,Store A,1
2024-12-09,769.26,Home,North,Store C,0
2024-12-09,929.12,Home,South,Store C,0
2024-12-09,832.55,Home,East,Store B,0
2024-12-09,1080.3,Home,West,Store B,0
2024-12-10,1027.77,Grocery,North,Store C,0
2024-12-10,1164.34,Grocery,South,Store C,0
2024-12-10,1069.05,Grocery,East,Store B,0
2024-12-10,1305.42,Grocery,West,Store B,0
2024-12-10,1241.83,Electronics,North,Store C,0
2024-12-10,1368.31,Electronics,South,Store C,0
2024-12-10,1330.49,Electronics,East,Store B,0
2024-12-10,1698.26,Electronics,West,Store B,0
2024-12-10,1054.12,Fashion,North,Store C,1
2024-12-10,1318.86,Fashion,South,Store C,1
2024-12-10,1165.22,Fashion,East,Store B,1
2024-12-10,1490.43,Fashion,West,Store B,1
2024-12-10,1143.59,Home,North,Online,0
2024-12-10,1229.34,Home,South,Online,0
2024-12-10,787.48,Home,East,Store C,0
2024-12-10,903.01,Home,West,Store C,0
2024-12-11,1327.18,Grocery,North,Online,0
2024-12-11,1578.18,Grocery,South,Online,0
2024-12-11,993.48,Grocery,East,Store C,0
2024-12-11,1251.45,Grocery,West,Store C,0
2024-12-11,1556.62,Electronics,North,Online,0
2024-12-11,1851.47,Electronics,South,Online,0
2024-12-11,1203.78,Electronics,East,Store C,0
2024-12-11,1495.27,Electronics,West,Store C,0
2024-12-11,1467.24,Fashion,North,Online,1
2024-12-11,1636.06,Fashion,South,Online,1
2024-12-11,1120.0,Fashion,East,Store C,1
2024-12-11,1317.23,Fashion,West,Store C,1
2024-12-11,856.41,Home,North,Store A,0
2024-12-11,1116.66,Home,South,Store A,0
2024-12-11,1134.57,Home,East,Online,0
2024-12-11,1245.29,Home,West,Online,0
2024-12-12,1109.93,Grocery,North,Store A,0
2024-12-12,1352.76,Grocery,South,Store A,0
2024-12-12,1380.43,Grocery,East,Online,0
2024-12-12,1765.92,Grocery,West,Online,0
2024-12-12,1329.82,Electronics,North,Store A,0
2024-12-12,1595.05,Electronics,South,Store A,0
2024-12-12,1768.6,Electronics,East,Online,0
2024-12-12,2050.72,Electronics,West,Online,0
2024-12-12,1181.1,Fashion,North,Store A,1
2024-12-12,1378.66,Fashion,South,Store A,1
2024-12-12,1626.48,Fashion,East,Online,1
2024-12-12,1804.79,Fashion,West,Online,1
2024-12-12,930.84,Home,North,Store B,0
2024-12-12,974.83,Home,South,Store B,0
2024-12-12,978.27,Home,East,Store A,0
2024-12-12,1072.51,Home,West,Store A,0
2024-12-13,1047.32,Grocery,North,Store B,0
2024-12-13,1182.1,Grocery,South,Store B,0
2024-12-13,1208.16,Grocery,East,Store A,0
2024-12-13,1420.5,Grocery,West,Store A,0
2024-12-13,1326.04,Electronics,North,Store B,0
2024-12-13,1453.48,Electronics,South,Store B,0
2024-12-13,1387.79,Electronics,East,Store A,0
2024-12-13,1713.3,Electronics,West,Store A,0
2024-12-13,1130.39,Fashion,North,Store B,1
2024-12-13,1410.5,Fashion,South,Store B,1
2024-12-13,1307.0,Fashion,East,Store A,1
2024-12-13,1536.58,Fashion,West,Store A,1
2024-12-13,850.86,Home,North,Store C,0
2024-12-13,935.4,Home,South,Store C,0
2024-12-13,825.5,Home,East,Store B,0
2024-12-13,1026.68,Home,West,Store B,0
2024-12-14,1237.94,Grocery,North,Store C,0
2024-12-14,1347.53,Grocery,South,Store C,0
2024-12-14,1217.69,Grocery,East,Store B,0
2024-12-14,1570.19,Grocery,West,Store B,0
2024-12-14,1388.95,Electronics,North,Store C,0
2024-12-14,1567.96,Electronics,South,Store C,0
2024-12-14,1513.69,Electronics,East,Store B,0
2024-12-14,1921.24,Electronics,West,Store B,0
2024-12-14,1187.64,Fashion,North,Store C,1
2024-12-14,1428.87,Fashion,South,Store C,1
2024-12-14,1445.58,Fashion,East,Store B,1
2024-12-14,1790.09,Fashion,West,Store B,1
2024-12-14,1324.11,Home,North,Online,0
2024-12-14,1426.03,Home,South,Online,0
2024-12-14,1084.76,Home,East,Store C,0
2024-12-14,1109.91,Home,West,Store C,0
2024-12-15,1927.31,Grocery,North,Online,1
2024-12-15,2204.07,Grocery,South,Online,1
2024-12-15,1431.04,Grocery,East,Store C,1
2024-12-15,1789.61,Grocery,West,Store C,1
2024-12-15,2273.48,Electronics,North,Online,1
2024-12-15,2658.3,Electronics,South,Online,1
2024-12-15,1679.24,Electronics,East,Store C,1
2024-12-15,2125.86,Electronics,West,Store C,1
2024-12-15,1727.96,Fashion,North,Online,1
2024-12-15,2055.96,Fashion,South,Online,1
2024-12-15,1351.7,Fashion,East,Store C,1
2024-12-15,1671.54,Fashion,West,Store C,1
2024-12-15,1333.04,Home,North,Store A,1
2024-12-15,1478.61,Home,South,Store A,1
2024-12-15,1665.65,Home,East,Online,1
2024-12-15,1963.98,Home,West,Online,1
2024-12-16,1181.18,Grocery,North,Store A,0
2024-12-16,1188.91,Grocery,South,Store A,0
2024-12-16,1381.96,Grocery,East,Online,0
2024-12-16,1775.88,Grocery,West,Online,0
2024-12-16,1321.11,Electronics,North,Store A,0
2024-12-16,1630.98,Electronics,South,Store A,0
2024-12-16,1766.92,Electronics,East,Online,0
2024-12-16,2005.55,Electronics,West,Online,0
2024-12-16,1159.05,Fashion,North,Store A,1
2024-12-16,1412.97,Fashion,South,Store A,1
2024-12-16,1691.45,Fashion,East,Online,1
2024-12-16,1819.37,Fashion,West,Online,1
2024-12-16,841.94,Home,North,Store B,0
2024-12-16,953.24,Home,South,Store B,0
2024-12-16,1046.65,Home,East,Store A,0
2024-12-16,1146.45,Home,West,Store A,0
2024-12-17,1056.78,Grocery,North,Store B,0
2024-12-17,1319.85,Grocery,South,Store B,0
2024-12-17,1239.16,Grocery,East,Store A,0
2024-12-17,1378.47,Grocery,West,Store A,0
2024-12-17,1245.84,Electronics,North,Store B,0
2024-12-17,1558.45,Electronics,South,Store B,0
2024-12-17,1453.76,Electronics,East,Store A,0
2024-12-17,1634.49,Electronics,West,Store A,0
2024-12-17,1100.4,Fashion,North,Store B,1
2024-12-17,1302.84,Fashion,South,Store B,1
2024-12-17,1257.8,Fashion,East,Store A,1
2024-12-17,1456.98,Fashion,West,Store A,1
2024-12-17,772.93,Home,North,Store C,0
2024-12-17,898.11,Home,South,Store C,0
2024-12-17,900.09,Home,East,Store B,0
2024-12-17,1188.64,Home,West,Store B,0
2024-12-18,1012.19,Grocery,North,Store C,0
2024-12-18,1159.66,Grocery,South,Store C,0
2024-12-18,1168.39,Grocery,East,Store B,0
2024-12-18,1336.79,Grocery,West,Store B,0
2024-12-18,1257.73,Electronics,North,Store C,0
2024-12-18,1422.05,Electronics,South,Store C,0
2024-12-18,1379.07,Electronics,East,Store B,0
2024-12-18,1776.54,Electronics,West,Store B,0
2024-12-18,1177.93,Fashion,North,Store C,1
2024-12-18,1224.29,Fashion,South,Store C,1
2024-12-18,1272.85,Fashion,East,Store B,1
2024-12-18,1438.99,Fashion,West,Store B,1
2024-12-18,1150.54,Home,North,Online,0
2024-12-18,1206.09,Home,South,Online,0
2024-12-18,810.04,Home,East,Store C,0
2024-12-18,1049.86,Home,West,Store C,0
2024-12-19,1442.26,Grocery,North,Online,0
2024-12-19,1606.9,Grocery,South,Online,0
2024-12-19,1120.13,Grocery,East,Store C,0
2024-12-19,1290.82,Grocery,West,Store C,0
2024-12-19,1679.05,Electronics,North,Online,0
2024-12-19,1872.76,Electronics,South,Online,0
2024-12-19,1336.14,Electronics,East,Store C,0
2024-12-19,1584.99,Electronics,West,Store C,0
2024-12-19,1520.3,Fashion,North,Online,1
2024-12-19,1728.07,Fashion,South,Online,1
2024-12-19,1266.18,Fashion,East,Store C,1
2024-12-19,1394.01,Fashion,West,Store C,1
2024-12-19,950.83,Home,North,Store A,0
2024-12-19,1104.22,Home,South,Store A,0
2024-12-19,1171.37,Home,East,Online,0
2024-12-19,1347.77,Home,West,Online,0
2024-12-20,1187.22,Grocery,North,Store A,0
2024-12-20,1325.61,Grocery,South,Store A,0
2024-12-20,1551.25,Grocery,East,Online,0
2024-12-20,1759.6,Grocery,West,Online,0
2024-12-20,1370.92,Electronics,North,Store A,0
2024-12-20,1637.89,Electronics,South,Store A,0
2024-12-20,1761.75,Electronics,East,Online,0
2024-12-20,2137.32,Electronics,West,Online,0
2024-12-20,1252.25,Fashion,North,Store A,1
2024-12-20,1468.64,Fashion,South,Store A,1
2024-12-20,1587.01,Fashion,East,Online,1
2024-12-20,1888.17,Fashion,West,Online,1
2024-12-20,845.53,Home,North,Store B,0
2024-12-20,1049.55,Home,South,Store B,0
2024-12-20,1012.33,Home,East,Store A,0
2024-12-20,1241.74,Home,West,Store A,0
2024-12-21,1277.53,Grocery,North,Store B,0
2024-12-21,1432.19,Grocery,South,Store B,0
2024-12-21,1457.46,Grocery,East,Store A,0
2024-12-21,1630.09,Grocery,West,Store A,0
2024-12-21,1597.71,Electronics,North,Store B,0
2024-12-21,1810.3,Electronics,South,Store B,0
2024-12-21,1770.8,Electronics,East,Store A,0
2024-12-21,2034.92,Electronics,West,Store A,0
2024-12-21,1376.97,Fashion,North,Store B,1
2024-12-21,1603.86,Fashion,South,Store B,1
2024-12-21,1573.96,Fashion,East,Store A,1
2024-12-21,1807.51,Fashion,West,Store A,1
2024-12-21,1049.46,Home,North,Store C,0
2024-12-21,1143.04,Home,South,Store C,0
2024-12-21,1034.97,Home,East,Store B,0
2024-12-21,1386.71,Home,West,Store B,0
2024-12-22,1208.1,Grocery,North,Store C,0
2024-12-22,1308.9,Grocery,South,Store C,0
2024-12-22,1290.03,Grocery,East,Store B,0
2024-12-22,1662.86,Grocery,West,Store B,0
2024-12-22,1547.74,Electronics,North,Store C,0
2024-12-22,1703.05,Electronics,South,Store C,0
2024-12-22,1679.93,Electronics,East,Store B,0
2024-12-22,1969.51,Electronics,West,Store B,0
2024-12-22,1351.61,Fashion,North,Store C,1
2024-12-22,1521.76,Fashion,South,Store C,1
2024-12-22,1496.7,Fashion,East,Store B,1
2024-12-22,1776.93,Fashion,West,Store B,1
2024-12-22,1278.06,Home,North,Online,0
2024-12-22,1541.5,Home,South,Online,0
2024-12-22,1100.36,Home,East,Store C,0
2024-12-22,1196.16,Home,West,Store C,0
2024-12-23,1383.64,Grocery,North,Online,0
2024-12-23,1620.82,Grocery,South,Online,0
2024-12-23,1047.85,Grocery,East,Store C,0
2024-12-23,1210.19,Grocery,West,Store C,0
2024-12-23,1748.92,Electronics,North,Online,0
2024-12-23,1894.14,Electronics,South,Online,0
2024-12-23,1304.99,Electronics,East,Store C,0
2024-12-23,1509.93,Electronics,West,Store C,0
2024-12-23,1608.81,Fashion,North,Online,1
2024-12-23,1798.29,Fashion,South,Online,1
2024-12-23,1176.87,Fashion,East,Store C,1
2024-12-23,1343.8,Fashion,West,Store C,1
2024-12-23,936.79,Home,North,Store A,0
2024-12-23,1119.43,Home,South,Store A,0
2024-12-23,1198.57,Home,East,Online,0
2024-12-23,1412.43,Home,West,Online,0
2024-12-24,1189.42,Grocery,North,Store A,0
2024-12-24,1382.39,Grocery,South,Store A,0
2024-12-24,1461.72,Grocery,East,Online,0
2024-12-24,1757.68,Grocery,West,Online,0
2024-12-24,1363.04,Electronics,North,Store A,0
2024-12-24,1753.79,Electronics,South,Store A,0
2024-12-24,1746.18,Electronics,East,Online,0
2024-12-24,2096.58,Electronics,West,Online,0
2024-12-24,1324.71,Fashion,North,Store A,1
2024-12-24,1449.86,Fashion,South,Store A,1
2024-12-24,1608.38,Fashion,East,Online,1
2024-12-24,1903.04,Fashion,West,Online,1
2024-12-24,852.64,Home,North,Store B,0
2024-12-24,1051.9,Home,South,Store B,0
2024-12-24,908.26,Home,East,Store A,0
2024-12-24,1278.84,Home,West,Store A,0
2024-12-25,1378.63,Grocery,North,Store B,1
2024-12-25,1554.8,Grocery,South,Store B,1
2024-12-25,1381.52,Grocery,East,Store A,1
2024-12-25,1704.74,Grocery,West,Store A,1
2024-12-25,1682.96,Electronics,North,Store B,1
2024-12-25,2057.04,Electronics,South,Store B,1
2024-12-25,1843.16,Electronics,East,Store A,1
2024-12-25,2160.96,Electronics,West,Store A,1
2024-12-25,1250.75,Fashion,North,Store B,1
2024-12-25,1344.25,Fashion,South,Store B,1
2024-12-25,1406.6,Fashion,East,Store A,1
2024-12-25,1539.6,Fashion,West,Store A,1
2024-12-25,953.04,Home,North,Store C,1
2024-12-25,1090.58,Home,South,Store C,1
2024-12-25,1186.0,Home,East,Store B,1
2024-12-25,1337.15,Home,West,Store B,1
2024-12-26,1052.48,Grocery,North,Store C,0
2024-12-26,1190.87,Grocery,South,Store C,0
2024-12-26,1100.75,Grocery,East,Store B,0
2024-12-26,1339.32,Grocery,West,Store B,0
2024-12-26,1225.74,Electronics,North,Store C,0
2024-12-26,1356.81,Electronics,South,Store C,0
2024-12-26,1371.4,Electronics,East,Store B,0
2024-12-26,1596.65,Electronics,West,Store B,0
2024-12-26,1181.62,Fashion,North,Store C,1
2024-12-26,1345.22,Fashion,South,Store C,1
2024-12-26,1205.81,Fashion,East,Store B,1
2024-12-26,1495.19,Fashion,West,Store B,1
2024-12-26,1250.08,Home,North,Online,0
2024-12-26,1252.82,Home,South,Online,0
2024-12-26,911.45,Home,East,Store C,0
2024-12-26,1056.89,Home,West,Store C,0
2024-12-27,1474.6,Grocery,North,Online,0
2024-12-27,1626.36,Grocery,South,Online,0
2024-12-27,1070.4,Grocery,East,Store C,0
2024-12-27,1298.75,Grocery,West,Store C,0
2024-12-27,1706.66,Electronics,North,Online,0
2024-12-27,1932.55,Electronics,South,Online,0
2024-12-27,1244.1,Electronics,East,Store C,0
2024-12-27,1626.86,Electronics,West,Store C,0
2024-12-27,1612.2,Fashion,North,Online,1
2024-12-27,1710.96,Fashion,South,Online,1
2024-12-27,1185.14,Fashion,East,Store C,1
2024-12-27,1410.01,Fashion,West,Store C,1
2024-12-27,901.56,Home,North,Store A,0
2024-12-27,995.97,Home,South,Store A,0
2024-12-27,1162.86,Home,East,Online,0
2024-12-27,1400.5,Home,West,Online,0
2024-12-28,1300.22,Grocery,North,Store A,0
2024-12-28,1580.0,Grocery,South,Store A,0
2024-12-28,1778.72,Grocery,East,Online,0
2024-12-28,2076.04,Grocery,West,Online,0
2024-12-28,1653.1,Electronics,North,Store A,0
2024-12-28,1788.42,Electronics,South,Store A,0
2024-12-28,2102.9,Electronics,East,Online,0
2024-12-28,2450.6,Electronics,West,Online,0
2024-12-28,1538.44,Fashion,North,Store A,1
2024-12-28,1831.12,Fashion,South,Store A,1
2024-12-28,1837.97,Fashion,East,Online,1
2024-12-28,2071.14,Fashion,West,Online,1
2024-12-28,999.61,Home,North,Store B,0
2024-12-28,1230.54,Home,South,Store B,0
2024-12-28,1171.53,Home,East,Store A,0
2024-12-28,1318.1,Home,West,Store A,0
2024-12-29,1224.96,Grocery,North,Store B,0
2024-12-29,1463.74,Grocery,South,Store B,0
2024-12-29,1373.13,Grocery,East,Store A,0
2024-12-29,1735.09,Grocery,West,Store A,0
2024-12-29,1545.44,Electronics,North,Store B,0
2024-12-29,1750.43,Electronics,South,Store B,0
2024-12-29,1693.18,Electronics,East,Store A,0
2024-12-29,2068.0,Electronics,West,Store A,0
2024-12-29,1433.48,Fashion,North,Store B,1
2024-12-29,1640.17,Fashion,South,Store B,1
2024-12-29,1593.29,Fashion,East,Store A,1
2024-12-29,1870.24,Fashion,West,Store A,1
2024-12-29,938.37,Home,North,Store C,0
2024-12-29,1092.66,Home,South,Store C,0
2024-12-29,1083.5,Home,East,Store B,0
2024-12-29,1421.79,Home,West,Store B,0
2024-12-30,982.89,Grocery,North,Store C,0
2024-12-30,1180.23,Grocery,South,Store C,0
2024-12-30,1179.34,Grocery,East,Store B,0
2024-12-30,1372.87,Grocery,West,Store B,0
2024-12-30,1331.14,Electronics,North,Store C,0
2024-12-30,1431.03,Electronics,South,Store C,0
2024-12-30,1399.8,Electronics,East,Store B,0
2024-12-30,1716.98,Electronics,West,Store B,0
2024-12-30,1260.58,Fashion,North,Store C,1
2024-12-30,1398.97,Fashion,South,Store C,1
2024-12-30,1281.82,Fashion,East,Store B,1
2024-12-30,1523.43,Fashion,West,Store B,1
2024-12-30,1161.69,Home,North,Online,0
2024-12-30,1327.51,Home,South,Online,0
2024-12-30,849.99,Home,East,Store C,0
2024-12-30,1112.78,Home,West,Store C,0
